Time,dTEC,ipplat,ipplon
2023-02-01 07:33:17,-0.120457856,38.36644,28.92685
2023-02-01 07:33:22,-0.124730548,38.36589,28.93019
2023-02-01 07:33:27,-0.006839603,38.35649,28.94668
2023-02-01 07:33:32,-0.005679756,38.35594,28.95002
2023-02-01 07:33:37,-0.06319321,38.35538,28.95335
2023-02-01 07:33:42,0.006785961,38.35483,28.95668
2023-02-01 07:33:47,0.023421113,38.34542,28.97312
2023-02-01 07:33:52,-0.044696269,38.34486,28.97644
2023-02-01 07:33:57,-0.086589972,38.34429,28.97976
2023-02-01 07:34:02,-0.047839558,38.34373,28.98309
2023-02-01 07:34:07,-0.079714963,38.3343,28.99947
2023-02-01 07:34:12,-0.142874498,38.33373,29.00278
2023-02-01 07:34:17,-0.083872454,38.33316,29.00609
2023-02-01 07:34:22,-0.056705397,38.33258,29.0094
2023-02-01 07:34:27,-0.114672374,38.33201,29.0127
2023-02-01 07:34:32,-0.039818115,38.32257,29.02902
2023-02-01 07:34:37,-0.050098028,38.32199,29.03232
2023-02-01 07:34:42,-0.038913709,38.3214,29.03562
2023-02-01 07:34:47,-0.006645938,38.32082,29.03891
2023-02-01 07:34:52,0.02005562,38.31138,29.05518
2023-02-01 07:34:57,0.03091211,38.31078,29.05846
2023-02-01 07:35:02,0.047052888,38.31019,29.06175
2023-02-01 07:35:07,0.068287419,38.30959,29.06503
2023-02-01 07:35:12,0.026088575,38.30899,29.06831
2023-02-01 07:35:17,-0.000546764,38.29954,29.08452
2023-02-01 07:35:22,-0.005907916,38.29893,29.08779
2023-02-01 07:35:27,0.025995106,38.29832,29.09106
2023-02-01 07:35:32,-0.01657561,38.29771,29.09433
2023-02-01 07:35:37,0.052165623,38.28825,29.11048
2023-02-01 07:35:42,0.036154293,38.28764,29.11374
2023-02-01 07:35:47,0.041417586,38.28702,29.117
2023-02-01 07:35:52,0.05691518,38.2864,29.12025
2023-02-01 07:35:57,0.061898454,38.27693,29.13635
2023-02-01 07:36:02,0.072166875,38.27631,29.1396
2023-02-01 07:36:07,0.071730805,38.27568,29.14284
2023-02-01 07:36:12,0.055450598,38.27505,29.14609
2023-02-01 07:36:17,0.038935597,38.27441,29.14933
2023-02-01 07:36:22,0.059685333,38.26494,29.16537
2023-02-01 07:36:27,0.059070928,38.2643,29.1686
2023-02-01 07:36:32,0.037092287,38.26366,29.17183
2023-02-01 07:36:37,0.047238905,38.26302,29.17506
2023-02-01 07:36:42,0.04116096,38.25354,29.19104
2023-02-01 07:36:47,0.051028114,38.25289,29.19427
2023-02-01 07:36:52,0.103299516,38.25224,29.19749
2023-02-01 07:36:57,0.134396994,38.25159,29.2007
2023-02-01 07:37:02,0.091021162,38.25093,29.20392
2023-02-01 07:37:07,0.095379313,38.24145,29.21984
2023-02-01 07:37:12,0.105022326,38.24079,29.22305
2023-02-01 07:37:17,0.130609856,38.24012,29.22626
2023-02-01 07:37:22,0.071063744,38.23946,29.22946
2023-02-01 07:37:27,0.101890409,38.23879,29.23267
2023-02-01 07:37:32,0.026263351,38.2293,29.24852
2023-02-01 07:37:37,0.104777252,38.22862,29.25172
2023-02-01 07:37:42,0.103296174,38.22795,29.25491
2023-02-01 07:37:47,0.096819461,38.22727,29.2581
2023-02-01 07:37:52,0.132745037,38.21777,29.2739
2023-02-01 07:37:57,0.094004708,38.21709,29.27708
2023-02-01 07:38:02,0.145825664,38.2164,29.28026
2023-02-01 07:38:07,0.054072074,38.21572,29.28345
2023-02-01 07:38:12,0.179845192,38.21503,29.28662
2023-02-01 07:38:17,0.125114157,38.20552,29.30236
2023-02-01 07:38:22,0.086324291,38.20483,29.30553
2023-02-01 07:38:27,0.1163933,38.20413,29.3087
2023-02-01 07:38:32,0.130613579,38.20343,29.31187
2023-02-01 07:38:37,0.027906309,38.20273,29.31503
2023-02-01 07:38:42,0.079145258,38.19322,29.33071
2023-02-01 07:38:47,0.034965886,38.19251,29.33386
2023-02-01 07:38:52,0.017004242,38.1918,29.33702
2023-02-01 07:38:57,0.057429465,38.19109,29.34017
2023-02-01 07:39:02,0.044884091,38.18157,29.35579
2023-02-01 07:39:07,0.074544648,38.18086,29.35893
2023-02-01 07:39:12,0.013924159,38.18014,29.36208
2023-02-01 07:39:17,0.075647848,38.17942,29.36522
2023-02-01 07:39:22,0.078688334,38.1787,29.36836
2023-02-01 07:39:27,0.071014438,38.16918,29.38391
2023-02-01 07:39:32,0.084605085,38.16845,29.38704
2023-02-01 07:39:37,-0.018737298,38.16772,29.39017
2023-02-01 07:39:42,-0.00544848,38.16699,29.3933
2023-02-01 07:39:47,0.01882438,38.16625,29.39643
2023-02-01 07:39:52,0.005540532,38.15672,29.41192
2023-02-01 07:39:57,-0.002661067,38.15599,29.41504
2023-02-01 07:40:02,-0.005209842,38.15524,29.41815
2023-02-01 07:40:07,-0.034466307,38.1545,29.42127
2023-02-01 07:40:12,0.05290564,38.15375,29.42438
2023-02-01 07:40:17,0.018201621,38.14422,29.43981
2023-02-01 07:40:22,-0.016752023,38.14347,29.44291
2023-02-01 07:40:27,-0.024925429,38.14272,29.44601
2023-02-01 07:40:32,0.003769888,38.14196,29.44912
2023-02-01 07:40:37,-0.03650326,38.1412,29.45222
2023-02-01 07:40:42,0.013581367,38.13167,29.46758
2023-02-01 07:40:47,-0.021673564,38.1309,29.47067
2023-02-01 07:40:52,-0.099438354,38.13014,29.47376
2023-02-01 07:40:57,-0.022886971,38.12937,29.47685
2023-02-01 07:41:02,-0.116764051,38.1286,29.47993
2023-02-01 07:41:07,-0.029865792,38.11906,29.49524
2023-02-01 07:41:12,-0.081226256,38.11829,29.49832
2023-02-01 07:41:17,0.010879037,38.11751,29.50139
2023-02-01 07:41:22,-0.093903396,38.11674,29.50446
2023-02-01 07:41:27,-0.060550093,38.10719,29.51972
2023-02-01 07:41:32,-0.048197051,38.10641,29.52278
2023-02-01 07:41:37,-0.078734719,38.10562,29.52584
2023-02-01 07:41:42,-0.034714402,38.10484,29.5289
2023-02-01 07:41:47,-0.065373756,38.10405,29.53196
2023-02-01 07:41:52,-0.053453989,38.0945,29.54715
2023-02-01 07:41:57,-0.020465059,38.0937,29.5502
2023-02-01 07:42:02,-0.069399072,38.09291,29.55325
2023-02-01 07:42:07,-0.118941283,38.09211,29.5563
2023-02-01 07:42:12,-0.070140093,38.09131,29.55934
2023-02-01 07:42:17,-0.042526351,38.08176,29.57447
2023-02-01 07:42:22,-0.02582045,38.08096,29.5775
2023-02-01 07:42:27,-0.040770127,38.08015,29.58054
2023-02-01 07:42:32,-0.125064865,38.07934,29.58357
2023-02-01 07:42:37,-0.103007089,38.07853,29.58661
2023-02-01 07:42:42,-0.05987447,38.07771,29.58964
2023-02-01 07:42:47,-0.096363617,38.06816,29.60469
2023-02-01 07:42:52,-0.085126587,38.06734,29.60771
2023-02-01 07:42:57,-0.111250675,38.06652,29.61073
2023-02-01 07:43:02,-0.132095422,38.0657,29.61375
2023-02-01 07:43:07,-0.073041108,38.06487,29.61677
2023-02-01 07:43:12,-0.035545158,38.05531,29.63176
2023-02-01 07:43:17,-0.114973638,38.05448,29.63477
2023-02-01 07:43:22,-0.02960146,38.05365,29.63778
2023-02-01 07:43:27,-0.066481074,38.05282,29.64078
2023-02-01 07:43:32,-0.03982538,38.05198,29.64379
2023-02-01 07:43:37,-0.034150318,38.04242,29.65872
2023-02-01 07:43:42,-0.087334875,38.04158,29.66171
2023-02-01 07:43:47,-0.065939183,38.04074,29.6647
2023-02-01 07:43:52,-0.065709721,38.0399,29.66769
2023-02-01 07:43:57,-0.150984517,38.03905,29.67068
2023-02-01 07:44:02,-0.044415745,38.02948,29.68555
2023-02-01 07:44:07,-0.11890563,38.02864,29.68853
2023-02-01 07:44:12,-0.033908648,38.02778,29.69151
2023-02-01 07:44:17,-0.044687928,38.02693,29.69449
2023-02-01 07:44:22,-0.066153051,38.02607,29.69747
2023-02-01 07:44:27,-0.071652753,38.0165,29.71227
2023-02-01 07:44:32,-0.109154028,38.01564,29.71524
2023-02-01 07:44:37,-0.061396826,38.01478,29.7182
2023-02-01 07:44:42,-0.061626858,38.01391,29.72116
2023-02-01 07:44:47,0.001895805,38.01305,29.72413
2023-02-01 07:44:52,-0.046142774,38.00348,29.73887
2023-02-01 07:44:57,-0.025094293,38.00261,29.74182
2023-02-01 07:45:02,-0.00938512,38.00174,29.74477
2023-02-01 07:45:07,-0.05745169,38.00086,29.74772
2023-02-01 07:45:12,0.01135459,37.99998,29.75068
2023-02-01 07:45:17,-0.036909459,37.9991,29.75362
2023-02-01 07:45:22,0.000105207,37.98953,29.76829
2023-02-01 07:45:27,0.021132258,37.98865,29.77123
2023-02-01 07:45:32,-0.080043318,37.98776,29.77417
2023-02-01 07:45:37,-0.016555512,37.98687,29.7771
2023-02-01 07:45:42,0.014771997,37.98598,29.78004
2023-02-01 07:45:47,-0.038596151,37.97641,29.79464
2023-02-01 07:45:52,0.025117791,37.97552,29.79757
2023-02-01 07:45:57,0.030219682,37.97462,29.80049
2023-02-01 07:46:02,-0.028427914,37.97372,29.80342
2023-02-01 07:46:07,0.029823774,37.97282,29.80634
2023-02-01 07:46:12,-0.065896784,37.96325,29.82088
2023-02-01 07:46:17,0.056174584,37.96235,29.82379
2023-02-01 07:46:22,-0.045010354,37.96144,29.8267
2023-02-01 07:46:27,0.050662566,37.96053,29.82961
2023-02-01 07:46:32,0.050621498,37.95962,29.83252
2023-02-01 07:46:37,0.007977589,37.9587,29.83542
2023-02-01 07:46:42,0.087960872,37.94913,29.84989
2023-02-01 07:46:47,0.082706766,37.94822,29.85279
2023-02-01 07:46:52,0.008397973,37.9473,29.85568
2023-02-01 07:46:57,0.035213474,37.94638,29.85858
2023-02-01 07:47:02,0.04511323,37.94545,29.86147
2023-02-01 07:47:07,0.120781578,37.93588,29.87588
2023-02-01 07:47:12,0.121100029,37.93496,29.87876
2023-02-01 07:47:17,0.068174963,37.93402,29.88164
2023-02-01 07:47:22,0.068606733,37.93309,29.88452
2023-02-01 07:47:27,0.031979356,37.93216,29.8874
2023-02-01 07:47:32,0.053852816,37.93122,29.89028
2023-02-01 07:47:37,0.07560036,37.92165,29.90462
2023-02-01 07:47:42,0.007376595,37.92071,29.90749
2023-02-01 07:47:47,0.077228188,37.91977,29.91035
2023-02-01 07:47:52,0.008953061,37.91883,29.91322
2023-02-01 07:47:57,-0.016610305,37.91788,29.91608
2023-02-01 07:48:02,0.01343832,37.90831,29.93036
2023-02-01 07:48:07,0.017195722,37.90736,29.93321
2023-02-01 07:48:12,-0.029458467,37.90641,29.93606
2023-02-01 07:48:17,0.009055635,37.90546,29.93892
2023-02-01 07:48:22,0.079249956,37.9045,29.94177
2023-02-01 07:48:27,0.043690771,37.90354,29.94462
2023-02-01 07:48:32,-0.029473603,37.89398,29.95882
2023-02-01 07:48:37,0.046495691,37.89302,29.96166
2023-02-01 07:48:42,0.047129855,37.89205,29.96449
2023-02-01 07:48:47,0.076492429,37.89109,29.96733
2023-02-01 07:48:52,0.072971489,37.89012,29.97017
2023-02-01 07:48:57,0.02709385,37.88915,29.973
2023-02-01 07:49:02,0.055737864,37.87958,29.98713
2023-02-01 07:49:07,0.041837216,37.87861,29.98996
2023-02-01 07:49:12,0.054872027,37.87764,29.99278
2023-02-01 07:49:17,0.104932248,37.87666,29.9956
2023-02-01 07:49:22,0.027552965,37.87568,29.99842
2023-02-01 07:49:27,0.040500195,37.86611,30.01249
2023-02-01 07:49:32,0.064397085,37.86513,30.0153
2023-02-01 07:49:37,0.024625514,37.86415,30.01811
2023-02-01 07:49:42,0.000944589,37.86316,30.02092
2023-02-01 07:49:47,-0.012355553,37.86217,30.02372
2023-02-01 07:49:52,0.001286353,37.86118,30.02653
2023-02-01 07:49:57,0.078989903,37.85162,30.04053
2023-02-01 07:50:02,0.066188018,37.85062,30.04332
2023-02-01 07:50:07,0.09612875,37.84963,30.04612
2023-02-01 07:50:12,0.003965977,37.84863,30.04891
2023-02-01 07:50:17,0.071233406,37.84763,30.0517
2023-02-01 07:50:22,0.016207173,37.84662,30.0545
2023-02-01 07:50:27,0.009254339,37.83707,30.06842
2023-02-01 07:50:32,0.092823698,37.83606,30.0712
2023-02-01 07:50:37,0.080939367,37.83505,30.07398
2023-02-01 07:50:42,0.068968497,37.83404,30.07676
2023-02-01 07:50:47,0.067761165,37.83303,30.07954
2023-02-01 07:50:52,0.037045579,37.83201,30.08231
2023-02-01 07:50:57,0.001887476,37.82246,30.09616
2023-02-01 07:51:02,0.006941926,37.82144,30.09893
2023-02-01 07:51:07,0.005712828,37.82042,30.10169
2023-02-01 07:51:12,0.079446313,37.8194,30.10446
2023-02-01 07:51:17,0.052393047,37.81838,30.10722
2023-02-01 07:51:22,-0.139597173,37.81735,30.10998
2023-02-01 07:51:27,0.003725587,37.8078,30.12376
2023-02-01 07:51:32,-0.028549907,37.80677,30.12651
2023-02-01 07:51:37,0.01903055,37.80574,30.12926
2023-02-01 07:51:42,0.013789299,37.80471,30.13201
2023-02-01 07:51:47,0.024443118,37.80367,30.13476
2023-02-01 07:51:52,-0.049896772,37.80263,30.13751
2023-02-01 07:51:57,0.040703486,37.79309,30.15121
2023-02-01 07:52:02,0.030317994,37.79205,30.15395
2023-02-01 07:52:07,-0.027755505,37.79101,30.15668
2023-02-01 07:52:12,0.020668675,37.78996,30.15942
2023-02-01 07:52:17,0.021211967,37.78891,30.16215
2023-02-01 07:52:22,-0.031266748,37.78786,30.16489
2023-02-01 07:52:27,-0.110309546,37.77833,30.17852
2023-02-01 07:52:32,-0.024421748,37.77727,30.18124
2023-02-01 07:52:37,0.03489877,37.77622,30.18396
2023-02-01 07:52:42,0.019871489,37.77516,30.18668
2023-02-01 07:52:47,0.005113641,37.7741,30.1894
2023-02-01 07:52:52,0.011562312,37.77304,30.19212
2023-02-01 07:52:57,0.018277046,37.76351,30.20568
2023-02-01 07:53:02,-0.055073655,37.76245,30.20839
2023-02-01 07:53:07,-0.03755343,37.76138,30.21109
2023-02-01 07:53:12,-0.004354158,37.76032,30.2138
2023-02-01 07:53:17,-0.061314554,37.75925,30.2165
2023-02-01 07:53:22,-0.07556957,37.75818,30.2192
2023-02-01 07:53:27,-0.020852092,37.74865,30.2327
2023-02-01 07:53:32,-0.045830839,37.74758,30.23539
2023-02-01 07:53:37,-0.043909562,37.7465,30.23808
2023-02-01 07:53:42,-0.031460739,37.74542,30.24077
2023-02-01 07:53:47,-0.024285879,37.74434,30.24346
2023-02-01 07:53:52,-0.038376916,37.74326,30.24615
2023-02-01 07:53:57,-0.009776909,37.73374,30.25957
2023-02-01 07:54:02,0.002882759,37.73266,30.26224
2023-02-01 07:54:07,-0.037709515,37.73157,30.26492
2023-02-01 07:54:12,0.012351843,37.73048,30.26759
2023-02-01 07:54:17,0.025146592,37.72939,30.27027
2023-02-01 07:54:22,0.016852573,37.7283,30.27294
2023-02-01 07:54:27,0.034865611,37.71878,30.28629
2023-02-01 07:54:32,0.021315917,37.71769,30.28895
2023-02-01 07:54:37,-0.013710108,37.71659,30.29161
2023-02-01 07:54:42,-0.043184574,37.71549,30.29427
2023-02-01 07:54:47,-0.005422402,37.71439,30.29693
2023-02-01 07:54:52,0.019968283,37.71329,30.29959
2023-02-01 07:54:57,-0.041405452,37.71218,30.30224
2023-02-01 07:55:02,0.035630258,37.70268,30.31551
2023-02-01 07:55:07,-0.020562227,37.70157,30.31816
2023-02-01 07:55:12,-0.023247946,37.70046,30.3208
2023-02-01 07:55:17,0.011200562,37.69934,30.32345
2023-02-01 07:55:22,-0.002307539,37.69823,30.32609
2023-02-01 07:55:27,0.032164016,37.69711,30.32873
2023-02-01 07:55:32,-0.071553498,37.68762,30.34193
2023-02-01 07:55:37,5.0795e-05,37.6865,30.34456
2023-02-01 07:55:42,0.029019185,37.68538,30.34719
2023-02-01 07:55:47,-0.032239234,37.68426,30.34982
2023-02-01 07:55:52,0.028898948,37.68313,30.35245
2023-02-01 07:55:57,0.026074551,37.682,30.35507
2023-02-01 07:56:02,-0.04052419,37.67251,30.3682
2023-02-01 07:56:07,-0.022042626,37.67139,30.37082
2023-02-01 07:56:12,0.039068112,37.67026,30.37343
2023-02-01 07:56:17,0.025547507,37.66912,30.37604
2023-02-01 07:56:22,0.054461266,37.66799,30.37866
2023-02-01 07:56:27,-0.027998987,37.66685,30.38127
2023-02-01 07:56:32,0.064837998,37.66571,30.38388
2023-02-01 07:56:37,0.008796891,37.65623,30.39693
2023-02-01 07:56:42,-0.02613801,37.65509,30.39952
2023-02-01 07:56:47,0.008190718,37.65395,30.40212
2023-02-01 07:56:52,0.031832224,37.6528,30.40472
2023-02-01 07:56:57,-0.002994313,37.65166,30.40732
2023-02-01 07:57:02,0.009926716,37.65051,30.40992
2023-02-01 07:57:07,-0.00916505,37.64104,30.42289
2023-02-01 07:57:12,0.014347262,37.63988,30.42548
2023-02-01 07:57:17,0.005843055,37.63873,30.42806
2023-02-01 07:57:22,-0.007839831,37.63758,30.43064
2023-02-01 07:57:27,0.015555678,37.63642,30.43322
2023-02-01 07:57:32,-0.014200307,37.63526,30.4358
2023-02-01 07:57:37,0.014247763,37.6341,30.43838
2023-02-01 07:57:42,0.021520372,37.62464,30.45128
2023-02-01 07:57:47,0.023605847,37.62348,30.45385
2023-02-01 07:57:52,-0.001198047,37.62231,30.45642
2023-02-01 07:57:57,-0.004733203,37.62114,30.45898
2023-02-01 07:58:02,-0.056099872,37.61997,30.46155
2023-02-01 07:58:07,0.020016734,37.6188,30.46411
2023-02-01 07:58:12,-0.047449149,37.61763,30.46668
2023-02-01 07:58:17,-0.061672743,37.60818,30.47949
2023-02-01 07:58:22,-0.001716527,37.60701,30.48204
2023-02-01 07:58:27,-0.079826733,37.60583,30.4846
2023-02-01 07:58:32,-0.025511347,37.60465,30.48715
2023-02-01 07:58:37,-0.061295611,37.60347,30.4897
2023-02-01 07:58:42,0.003744583,37.60228,30.49224
2023-02-01 07:58:47,-0.037307114,37.59285,30.50499
2023-02-01 07:58:52,-0.057485399,37.59166,30.50753
2023-02-01 07:58:57,-0.040420825,37.59048,30.51006
2023-02-01 07:59:02,-0.076723194,37.58929,30.5126
2023-02-01 07:59:07,-0.070454862,37.5881,30.51513
2023-02-01 07:59:12,-0.032276335,37.5869,30.51767
2023-02-01 07:59:17,-0.079256672,37.58571,30.5202
2023-02-01 07:59:22,-0.03608028,37.57628,30.53286
2023-02-01 07:59:27,-0.00344522,37.57509,30.53538
2023-02-01 07:59:32,-0.024182005,37.57389,30.53791
2023-02-01 07:59:37,-0.018152096,37.57269,30.54042
2023-02-01 07:59:42,-0.017716509,37.57149,30.54294
2023-02-01 07:59:47,0.009294292,37.57028,30.54546
2023-02-01 07:59:52,-0.022399011,37.56908,30.54798
2023-02-01 07:59:57,-0.139065889,37.55967,30.56056
2023-02-01 08:00:02,-0.036382262,37.55846,30.56307
2023-02-01 08:00:07,-0.016474805,37.55725,30.56557
2023-02-01 08:00:12,-0.016492847,37.55604,30.56808
2023-02-01 08:00:17,-0.064366667,37.55482,30.57058
2023-02-01 08:00:22,-0.0165695,37.5536,30.57308
2023-02-01 08:00:27,-0.016818936,37.55239,30.57558
2023-02-01 08:00:32,-0.033135419,37.54299,30.58808
2023-02-01 08:00:37,-0.017740449,37.54177,30.59057
2023-02-01 08:00:42,-0.076470782,37.54055,30.59306
2023-02-01 08:00:47,0.002728071,37.53933,30.59555
2023-02-01 08:00:52,-0.061677762,37.5381,30.59804
2023-02-01 08:00:57,0.012036091,37.53687,30.60052
2023-02-01 08:01:02,-0.100303556,37.53564,30.60301
2023-02-01 08:01:07,0.031694348,37.52626,30.61543
2023-02-01 08:01:12,0.020088096,37.52503,30.6179
2023-02-01 08:01:17,0.024585118,37.5238,30.62038
2023-02-01 08:01:22,-0.013824016,37.52256,30.62285
2023-02-01 08:01:27,-0.025469501,37.52133,30.62532
2023-02-01 08:01:32,-0.053371097,37.52009,30.62779
2023-02-01 08:01:37,-0.012059226,37.51885,30.63026
2023-02-01 08:01:42,-0.040111379,37.50948,30.6426
2023-02-01 08:01:47,-0.020268912,37.50824,30.64506
2023-02-01 08:01:52,0.05793795,37.50699,30.64752
2023-02-01 08:01:57,0.051173214,37.50575,30.64997
2023-02-01 08:02:02,0.054614416,37.5045,30.65242
2023-02-01 08:02:07,-0.021584877,37.50325,30.65488
2023-02-01 08:02:12,0.066990327,37.502,30.65733
2023-02-01 08:02:17,0.043946751,37.49265,30.6696
2023-02-01 08:02:22,0.020642041,37.49139,30.67204
2023-02-01 08:02:27,0.018586968,37.49014,30.67448
2023-02-01 08:02:32,0.05358153,37.48888,30.67692
2023-02-01 08:02:37,-0.012189854,37.48762,30.67936
2023-02-01 08:02:42,-0.003791044,37.48636,30.68179
2023-02-01 08:02:47,0.004540623,37.4851,30.68423
2023-02-01 08:02:52,0.034125628,37.47577,30.69642
2023-02-01 08:02:57,0.010345774,37.4745,30.69884
2023-02-01 08:03:02,-0.01330832,37.47324,30.70126
2023-02-01 08:03:07,0.053201482,37.47197,30.70369
2023-02-01 08:03:12,0.034559933,37.4707,30.70611
2023-02-01 08:03:17,0.074295001,37.46943,30.70853
2023-02-01 08:03:22,0.045060468,37.46816,30.71095
2023-02-01 08:03:27,0.063544429,37.46688,30.71337
2023-02-01 08:03:32,0.049989493,37.45756,30.72547
2023-02-01 08:03:37,-0.06984172,37.45629,30.72788
2023-02-01 08:03:42,0.054874521,37.45501,30.73028
2023-02-01 08:03:47,0.030486755,37.45373,30.73269
2023-02-01 08:03:52,0.038022734,37.45245,30.73509
2023-02-01 08:03:57,0.024184214,37.45116,30.7375
2023-02-01 08:04:02,0.042271464,37.44988,30.7399
2023-02-01 08:04:07,0.102945154,37.44058,30.75192
2023-02-01 08:04:12,0.025179365,37.43929,30.75431
2023-02-01 08:04:17,-0.015327819,37.438,30.7567
2023-02-01 08:04:22,0.076791991,37.43671,30.75909
2023-02-01 08:04:27,-0.02225281,37.43542,30.76148
2023-02-01 08:04:32,0.037981074,37.43412,30.76387
2023-02-01 08:04:37,0.050389045,37.43283,30.76625
2023-02-01 08:04:42,0.099870204,37.43153,30.76864
2023-02-01 08:04:47,0.011299658,37.42225,30.78057
2023-02-01 08:04:52,0.055362111,37.42095,30.78294
2023-02-01 08:04:57,0.030283071,37.41965,30.78532
2023-02-01 08:05:02,0.027183846,37.41835,30.78769
2023-02-01 08:05:07,0.059949043,37.41704,30.79006
2023-02-01 08:05:12,0.01894797,37.41573,30.79243
2023-02-01 08:05:17,0.031016831,37.41442,30.7948
2023-02-01 08:05:22,-0.010060966,37.40516,30.80666
2023-02-01 08:05:27,0.03905228,37.40386,30.80901
2023-02-01 08:05:32,-0.002098228,37.40254,30.81137
2023-02-01 08:05:37,0.052274209,37.40123,30.81373
2023-02-01 08:05:42,-0.031584311,37.39992,30.81608
2023-02-01 08:05:47,0.017581804,37.3986,30.81844
2023-02-01 08:05:52,0.034736547,37.39728,30.82079
2023-02-01 08:05:57,-0.001248296,37.39596,30.82314
2023-02-01 08:06:02,-0.04811334,37.38672,30.83491
2023-02-01 08:06:07,-0.025908704,37.3854,30.83725
2023-02-01 08:06:12,0.017968386,37.38408,30.83959
2023-02-01 08:06:17,-0.108738896,37.38275,30.84193
2023-02-01 08:06:22,-0.011996282,37.38142,30.84427
2023-02-01 08:06:27,-0.027016811,37.38009,30.8466
2023-02-01 08:06:32,-0.036541023,37.37876,30.84894
2023-02-01 08:06:37,-0.072928266,37.37743,30.85127
2023-02-01 08:06:42,-0.077358191,37.36821,30.86295
2023-02-01 08:06:47,0.024598544,37.36688,30.86528
2023-02-01 08:06:52,0.009467277,37.36554,30.8676
2023-02-01 08:06:57,-0.058601861,37.36421,30.86992
2023-02-01 08:07:02,0.016647156,37.36287,30.87224
2023-02-01 08:07:07,-0.094287651,37.36153,30.87456
2023-02-01 08:07:12,-0.04572227,37.36018,30.87688
2023-02-01 08:07:17,0.066786308,37.35099,30.88848
2023-02-01 08:07:22,0.019573084,37.34965,30.89079
2023-02-01 08:07:27,-0.006144048,37.3483,30.8931
2023-02-01 08:07:32,-0.042534099,37.34696,30.8954
2023-02-01 08:07:37,0.027281311,37.34561,30.8977
2023-02-01 08:07:42,-0.078421043,37.34426,30.90001
2023-02-01 08:07:47,0.044671906,37.3429,30.90231
2023-02-01 08:07:52,0.040027718,37.34155,30.90461
2023-02-01 08:07:57,0.030044845,37.33238,30.91613
2023-02-01 08:08:02,0.025384134,37.33102,30.91842
2023-02-01 08:08:07,-0.05371208,37.32966,30.92071
2023-02-01 08:08:12,-0.021076566,37.32831,30.92299
2023-02-01 08:08:17,0.000893697,37.32695,30.92528
2023-02-01 08:08:22,0.022859524,37.32558,30.92757
2023-02-01 08:08:27,0.03397142,37.32422,30.92985
2023-02-01 08:08:32,-0.007838118,37.32285,30.93214
2023-02-01 08:08:37,0.0141188,37.31371,30.94356
2023-02-01 08:08:42,-0.043683946,37.31234,30.94584
2023-02-01 08:08:47,0.010250515,37.31097,30.94811
2023-02-01 08:08:52,3.5847e-05,37.3096,30.95038
2023-02-01 08:08:57,-0.009797197,37.30823,30.95265
2023-02-01 08:09:02,-0.03580867,37.30686,30.95492
2023-02-01 08:09:07,0.012801162,37.30548,30.95719
2023-02-01 08:09:12,0.034764426,37.30411,30.95945
2023-02-01 08:09:17,0.02456174,37.29498,30.9708
2023-02-01 08:09:22,-0.00124549,37.29361,30.97305
2023-02-01 08:09:27,-0.016577865,37.29223,30.9753
2023-02-01 08:09:32,0.032054603,37.29085,30.97756
2023-02-01 08:09:37,-0.047033909,37.28946,30.97981
2023-02-01 08:09:42,-0.014567633,37.28808,30.98206
2023-02-01 08:09:47,-0.04034171,37.28669,30.98431
2023-02-01 08:09:52,0.013460805,37.28531,30.98656
2023-02-01 08:09:57,-0.01229555,37.28392,30.98881
2023-02-01 08:10:02,-0.07535135,37.27482,31.00006
2023-02-01 08:10:07,-0.037509079,37.27343,31.0023
2023-02-01 08:10:12,-0.015455034,37.27204,31.00453
2023-02-01 08:10:17,-0.030698823,37.27064,31.00677
2023-02-01 08:10:22,-0.013950863,37.26925,31.009
2023-02-01 08:10:27,0.013469815,37.26785,31.01123
2023-02-01 08:10:32,0.030243969,37.26645,31.01346
2023-02-01 08:10:37,0.009913046,37.26505,31.0157
2023-02-01 08:10:42,-0.026773921,37.25598,31.02686
2023-02-01 08:10:47,-0.015286209,37.25458,31.02908
2023-02-01 08:10:52,-0.062031508,37.25318,31.0313
2023-02-01 08:10:57,0.002405978,37.25178,31.03351
2023-02-01 08:11:02,0.040591234,37.25037,31.03573
2023-02-01 08:11:07,-0.000965069,37.24896,31.03795
2023-02-01 08:11:12,0.015744428,37.24755,31.04016
2023-02-01 08:11:17,-0.00445703,37.24614,31.04238
2023-02-01 08:11:22,0.017808888,37.2371,31.05345
2023-02-01 08:11:27,0.002784002,37.23569,31.05565
2023-02-01 08:11:32,0.019757715,37.23427,31.05786
2023-02-01 08:11:37,-0.000558382,37.23286,31.06006
2023-02-01 08:11:42,0.011124787,37.23144,31.06226
2023-02-01 08:11:47,0.001698885,37.23002,31.06445
2023-02-01 08:11:52,-0.050536141,37.2286,31.06665
2023-02-01 08:11:57,-0.012141658,37.22718,31.06885
2023-02-01 08:12:02,-0.021695247,37.22576,31.07104
2023-02-01 08:12:07,-0.015237504,37.21675,31.08202
2023-02-01 08:12:12,0.017891759,37.21532,31.08421
2023-02-01 08:12:17,-0.018245984,37.2139,31.08639
2023-02-01 08:12:22,-0.048841076,37.21247,31.08857
2023-02-01 08:12:27,0.016144327,37.21104,31.09076
2023-02-01 08:12:32,-0.003745548,37.20961,31.09294
2023-02-01 08:12:37,-0.02380269,37.20818,31.09511
2023-02-01 08:12:42,-0.027846802,37.20674,31.09729
2023-02-01 08:12:47,-0.037007105,37.20531,31.09947
2023-02-01 08:12:52,-0.072983735,37.19633,31.11036
2023-02-01 08:12:57,0.045250156,37.19489,31.11252
2023-02-01 08:13:02,-0.022468099,37.19345,31.11469
2023-02-01 08:13:07,-0.047713386,37.19202,31.11685
2023-02-01 08:13:12,0.001684295,37.19057,31.11901
2023-02-01 08:13:17,-0.023322472,37.18913,31.12117
2023-02-01 08:13:22,0.036592978,37.18769,31.12334
2023-02-01 08:13:27,0.006304896,37.18624,31.12549
2023-02-01 08:13:32,0.007639817,37.17729,31.1363
2023-02-01 08:13:37,0.030699457,37.17584,31.13844
2023-02-01 08:13:42,0.058923018,37.1744,31.14059
2023-02-01 08:13:47,-0.003437714,37.17295,31.14274
2023-02-01 08:13:52,0.040633828,37.1715,31.14488
2023-02-01 08:13:57,0.010491397,37.17004,31.14703
2023-02-01 08:14:02,0.04395143,37.16859,31.14917
2023-02-01 08:14:07,0.008717747,37.16713,31.15132
2023-02-01 08:14:12,0.005106853,37.16567,31.15346
2023-02-01 08:14:17,0.065098037,37.15675,31.16416
2023-02-01 08:14:22,-0.002043527,37.1553,31.1663
2023-02-01 08:14:27,0.026396218,37.15384,31.16842
2023-02-01 08:14:32,-0.035558684,37.15238,31.17055
2023-02-01 08:14:37,0.008727195,37.15092,31.17268
2023-02-01 08:14:42,0.069026068,37.14945,31.17481
2023-02-01 08:14:47,-0.019509264,37.14798,31.17693
2023-02-01 08:14:52,0.072814584,37.14652,31.17905
2023-02-01 08:14:57,0.069412783,37.14505,31.18118
2023-02-01 08:15:02,0.060703192,37.13616,31.19179
2023-02-01 08:15:07,0.028474657,37.1347,31.1939
2023-02-01 08:15:12,0.028680911,37.13322,31.19602
2023-02-01 08:15:17,0.008436375,37.13175,31.19812
2023-02-01 08:15:22,0.005142959,37.13028,31.20023
2023-02-01 08:15:27,0.060499361,37.1288,31.20234
2023-02-01 08:15:32,-0.05982053,37.12732,31.20445
2023-02-01 08:15:37,0.069814762,37.12584,31.20655
2023-02-01 08:15:42,0.061272706,37.12436,31.20866
2023-02-01 08:15:47,-0.016157938,37.11551,31.21918
2023-02-01 08:15:52,0.023307981,37.11403,31.22127
2023-02-01 08:15:57,0.062602305,37.11255,31.22337
2023-02-01 08:16:02,0.00635737,37.11107,31.22546
2023-02-01 08:16:07,0.056538407,37.10958,31.22755
2023-02-01 08:16:12,-0.005000661,37.1081,31.22964
2023-02-01 08:16:17,0.029035284,37.10661,31.23172
2023-02-01 08:16:22,-0.011150043,37.10512,31.23381
2023-02-01 08:16:27,0.033579269,37.10362,31.2359
2023-02-01 08:16:32,0.030545827,37.10213,31.23798
2023-02-01 08:16:37,0.054177736,37.09332,31.2484
2023-02-01 08:16:42,0.0245258,37.09183,31.25048
2023-02-01 08:16:47,0.011068823,37.09033,31.25255
2023-02-01 08:16:52,-0.013223692,37.08884,31.25462
2023-02-01 08:16:57,0.037116759,37.08734,31.25669
2023-02-01 08:17:02,-0.018936918,37.08584,31.25876
2023-02-01 08:17:07,-0.011208614,37.08434,31.26083
2023-02-01 08:17:12,-0.003467317,37.08283,31.2629
2023-02-01 08:17:17,0.004286588,37.08133,31.26497
2023-02-01 08:17:22,0.049171723,37.07256,31.2753
2023-02-01 08:17:27,0.041150314,37.07105,31.27735
2023-02-01 08:17:32,0.027620194,37.06955,31.2794
2023-02-01 08:17:37,0.030090905,37.06804,31.28146
2023-02-01 08:17:42,0.005922796,37.06653,31.28351
2023-02-01 08:17:47,0.003084724,37.06502,31.28556
2023-02-01 08:17:52,0.027096858,37.06351,31.28761
2023-02-01 08:17:57,-0.018360623,37.06199,31.28966
2023-02-01 08:18:02,0.00015037,37.06048,31.29171
2023-02-01 08:18:07,0.01315034,37.05896,31.29376
2023-02-01 08:18:12,-0.042558698,37.05023,31.30398
2023-02-01 08:18:17,-0.056000513,37.04871,31.30602
2023-02-01 08:18:22,0.010324436,37.04719,31.30806
2023-02-01 08:18:27,0.00755901,37.04567,31.31009
2023-02-01 08:18:32,0.004801483,37.04415,31.31212
2023-02-01 08:18:37,-0.019077754,37.04263,31.31416
2023-02-01 08:18:42,0.004829509,37.0411,31.31619
2023-02-01 08:18:47,-0.061864503,37.03958,31.31822
2023-02-01 08:18:52,-0.021953044,37.03805,31.32024
2023-02-01 08:18:57,-0.10443235,37.02936,31.33038
2023-02-01 08:19:02,-0.059176937,37.02783,31.3324
2023-02-01 08:19:07,0.012544397,37.0263,31.33442
2023-02-01 08:19:12,-0.069914321,37.02477,31.33643
2023-02-01 08:19:17,-0.056618247,37.02324,31.33845
2023-02-01 08:19:22,-0.080434614,37.02171,31.34046
2023-02-01 08:19:27,-0.072455133,37.02017,31.34247
2023-02-01 08:19:32,-0.048479193,37.01863,31.34448
2023-02-01 08:19:37,-0.088265259,37.01709,31.34649
2023-02-01 08:19:42,-0.016687377,37.01555,31.3485
2023-02-01 08:19:47,-0.031626266,37.0069,31.35854
2023-02-01 08:19:52,-0.016467024,37.00536,31.36054
2023-02-01 08:19:57,-0.008446624,37.00382,31.36254
2023-02-01 08:20:02,0.004910882,37.00228,31.36453
2023-02-01 08:20:07,-0.008373831,37.00074,31.36653
2023-02-01 08:20:12,0.031648334,36.9992,31.36852
2023-02-01 08:20:17,0.029038796,36.99765,31.37051
2023-02-01 08:20:22,0.0211075,36.9961,31.3725
2023-02-01 08:20:27,-0.002805285,36.99455,31.3745
2023-02-01 08:20:32,-0.005389869,36.993,31.37648
2023-02-01 08:20:37,-0.045084537,36.98439,31.38642
2023-02-01 08:20:42,-0.010531751,36.98284,31.3884
2023-02-01 08:20:47,0.019081351,36.98129,31.39038
2023-02-01 08:20:52,0.037663951,36.97973,31.39236
2023-02-01 08:20:57,-0.014758145,36.97818,31.39433
2023-02-01 08:21:02,0.000812892,36.97662,31.39631
2023-02-01 08:21:07,0.003628612,36.97506,31.39828
2023-02-01 08:21:12,-0.025333114,36.9735,31.40025
2023-02-01 08:21:17,-0.070462594,36.97194,31.40222
2023-02-01 08:21:22,-0.051430017,36.97038,31.40419
2023-02-01 08:21:27,-0.080543749,36.96182,31.41403
2023-02-01 08:21:32,-0.029885338,36.96025,31.41599
2023-02-01 08:21:37,-0.021661316,36.95869,31.41795
2023-02-01 08:21:42,-0.066531293,36.95713,31.41991
2023-02-01 08:21:47,-0.015637363,36.95556,31.42186
2023-02-01 08:21:52,-0.087315404,36.95399,31.42382
2023-02-01 08:21:57,-0.068367877,36.95242,31.42577
2023-02-01 08:22:02,-0.017423429,36.95085,31.42773
2023-02-01 08:22:07,-0.051739393,36.94928,31.42968
2023-02-01 08:22:12,-0.006087785,36.9477,31.43163
2023-02-01 08:22:17,0.007603886,36.93918,31.44137
2023-02-01 08:22:22,-0.058442571,36.93761,31.44331
2023-02-01 08:22:27,-0.028719843,36.93604,31.44525
2023-02-01 08:22:32,-0.100053501,36.93446,31.44719
2023-02-01 08:22:37,-0.04896701,36.93288,31.44912
2023-02-01 08:22:42,-0.01403733,36.9313,31.45106
2023-02-01 08:22:47,-0.037522508,36.92972,31.45299
2023-02-01 08:22:52,-0.023673592,36.92814,31.45493
2023-02-01 08:22:57,-0.078897721,36.92656,31.45686
2023-02-01 08:23:02,-0.091456432,36.92497,31.45879
2023-02-01 08:23:07,-0.088188661,36.92338,31.46072
2023-02-01 08:23:12,-0.031784341,36.91492,31.47035
2023-02-01 08:23:17,0.019318593,36.91333,31.47227
2023-02-01 08:23:22,-0.030436993,36.91174,31.47419
2023-02-01 08:23:27,-0.000404038,36.91016,31.47611
2023-02-01 08:23:32,0.003010116,36.90857,31.47802
2023-02-01 08:23:37,0.027775424,36.90697,31.47994
2023-02-01 08:23:42,-0.006055968,36.90538,31.48185
2023-02-01 08:23:47,0.03457418,36.90378,31.48377
2023-02-01 08:23:52,0.0276495,36.90219,31.48568
2023-02-01 08:23:57,-0.022070387,36.90059,31.48759
2023-02-01 08:24:02,0.013205329,36.89899,31.4895
2023-02-01 08:24:07,-0.009475652,36.89058,31.49903
2023-02-01 08:24:12,-0.005598247,36.88898,31.50092
2023-02-01 08:24:17,0.072554516,36.88738,31.50282
2023-02-01 08:24:22,0.065656792,36.88578,31.50472
2023-02-01 08:24:27,0.005688818,36.88417,31.50662
2023-02-01 08:24:32,0.078627314,36.88257,31.50851
2023-02-01 08:24:37,0.061377583,36.88096,31.5104
2023-02-01 08:24:42,-0.030450496,36.87936,31.5123
2023-02-01 08:24:47,0.048129239,36.87775,31.51419
2023-02-01 08:24:52,0.020152124,36.87614,31.51608
2023-02-01 08:24:57,0.055985576,36.86777,31.52551
2023-02-01 08:25:02,0.076062086,36.86616,31.52739
2023-02-01 08:25:07,0.027083019,36.86456,31.52927
2023-02-01 08:25:12,0.041916016,36.86294,31.53114
2023-02-01 08:25:17,0.077921992,36.86133,31.53302
2023-02-01 08:25:22,0.092842834,36.85972,31.5349
2023-02-01 08:25:27,0.012060099,36.8581,31.53677
2023-02-01 08:25:32,0.10149872,36.85648,31.53864
2023-02-01 08:25:37,0.084764995,36.85486,31.54051
2023-02-01 08:25:42,0.073216297,36.85324,31.54238
2023-02-01 08:25:47,0.077893265,36.85162,31.54425
2023-02-01 08:25:52,0.08775571,36.84331,31.55358
2023-02-01 08:25:57,0.012575908,36.84169,31.55544
2023-02-01 08:26:02,0.102098607,36.84007,31.5573
2023-02-01 08:26:07,0.080310519,36.83844,31.55915
2023-02-01 08:26:12,0.063708326,36.83682,31.56101
2023-02-01 08:26:17,0.063142377,36.83519,31.56286
2023-02-01 08:26:22,0.067952786,36.83356,31.56472
2023-02-01 08:26:27,0.067670036,36.83193,31.56657
2023-02-01 08:26:32,0.030124276,36.8303,31.56842
2023-02-01 08:26:37,0.082852621,36.82867,31.57027
2023-02-01 08:26:42,-0.061008548,36.82703,31.57212
2023-02-01 08:26:47,0.045111217,36.8254,31.57397
2023-02-01 08:26:52,0.044868932,36.81715,31.58318
2023-02-01 08:26:57,-0.003297022,36.81552,31.58502
2023-02-01 08:27:02,0.023201303,36.81388,31.58686
2023-02-01 08:27:07,-0.003173878,36.81225,31.58869
2023-02-01 08:27:12,-0.040544684,36.81061,31.59052
2023-02-01 08:27:17,0.017877036,36.80897,31.59236
2023-02-01 08:27:22,0.049883597,36.80733,31.59419
2023-02-01 08:27:27,0.018165086,36.80568,31.59602
2023-02-01 08:27:32,-0.003040745,36.80404,31.59785
2023-02-01 08:27:37,0.055554526,36.80239,31.59968
2023-02-01 08:27:42,-0.013345311,36.80074,31.60151
2023-02-01 08:27:47,-0.007774996,36.79256,31.61062
2023-02-01 08:27:52,-0.023483299,36.79091,31.61243
2023-02-01 08:27:57,-0.001841719,36.78926,31.61425
2023-02-01 08:28:02,-0.006619487,36.78762,31.61606
2023-02-01 08:28:07,0.03109094,36.78597,31.61788
2023-02-01 08:28:12,0.020870675,36.78432,31.61969
2023-02-01 08:28:17,0.005358206,36.78266,31.6215
2023-02-01 08:28:22,-0.02591661,36.78101,31.62331
2023-02-01 08:28:27,0.006423161,36.77935,31.62512
2023-02-01 08:28:32,-0.046099476,36.7777,31.62693
2023-02-01 08:28:37,-0.018829138,36.77604,31.62874
2023-02-01 08:28:42,-0.081943169,36.77438,31.63054
2023-02-01 08:28:47,-0.033286238,36.76625,31.63954
2023-02-01 08:28:52,-0.027681435,36.76459,31.64133
2023-02-01 08:28:57,0.005303325,36.76294,31.64313
2023-02-01 08:29:02,-0.009715094,36.76128,31.64492
2023-02-01 08:29:07,-0.072673349,36.75961,31.64671
2023-02-01 08:29:12,0.018583379,36.75795,31.6485
2023-02-01 08:29:17,-0.028329609,36.75628,31.65029
2023-02-01 08:29:22,-0.085876131,36.75462,31.65208
2023-02-01 08:29:27,-0.021190127,36.75295,31.65387
2023-02-01 08:29:32,-0.036048053,36.75128,31.65566
2023-02-01 08:29:37,-0.035083384,36.74961,31.65744
2023-02-01 08:29:42,-0.060746312,36.74154,31.66634
2023-02-01 08:29:47,-0.011959845,36.73987,31.66811
2023-02-01 08:29:52,-0.04805161,36.7382,31.66989
2023-02-01 08:29:57,-0.020356145,36.73653,31.67166
2023-02-01 08:30:02,-0.003303006,36.73486,31.67343
2023-02-01 08:30:07,-0.023352563,36.73319,31.6752
2023-02-01 08:30:12,-0.022448098,36.73151,31.67697
2023-02-01 08:30:17,-0.047798609,36.72983,31.67874
2023-02-01 08:30:22,-0.094456003,36.72815,31.68051
2023-02-01 08:30:27,-0.034884302,36.72647,31.68227
2023-02-01 08:30:32,-0.007091539,36.72479,31.68404
2023-02-01 08:30:37,-0.005939257,36.72311,31.6858
2023-02-01 08:30:42,-0.01010911,36.71511,31.69459
2023-02-01 08:30:47,-0.051391562,36.71343,31.69634
2023-02-01 08:30:52,-0.007580486,36.71175,31.69809
2023-02-01 08:30:57,-0.017064665,36.71006,31.69984
2023-02-01 08:31:02,-0.01569599,36.70838,31.7016
2023-02-01 08:31:07,-0.030506059,36.70669,31.70334
2023-02-01 08:31:12,-0.039986079,36.705,31.70509
2023-02-01 08:31:17,-0.070596763,36.70332,31.70684
2023-02-01 08:31:22,0.010337468,36.70162,31.70858
2023-02-01 08:31:27,-0.009810211,36.69993,31.71033
2023-02-01 08:31:32,-0.029772733,36.69824,31.71207
2023-02-01 08:31:37,0.029635766,36.69654,31.71381
2023-02-01 08:31:42,-0.011470556,36.69485,31.71556
2023-02-01 08:31:47,0.037451255,36.68692,31.72422
2023-02-01 08:31:52,0.027923848,36.68523,31.72595
2023-02-01 08:31:57,0.013244771,36.68353,31.72768
2023-02-01 08:32:02,0.001774765,36.68184,31.72941
2023-02-01 08:32:07,0.015444273,36.68014,31.73114
2023-02-01 08:32:12,0.005860733,36.67844,31.73287
2023-02-01 08:32:17,0.017579481,36.67674,31.73459
2023-02-01 08:32:22,-0.013169545,36.67504,31.73632
2023-02-01 08:32:27,0.025159887,36.67333,31.73804
2023-02-01 08:32:32,-0.101569186,36.67163,31.73976
2023-02-01 08:32:37,0.03779387,36.66992,31.74148
2023-02-01 08:32:42,0.00162619,36.66821,31.7432
2023-02-01 08:32:47,0.00236161,36.66035,31.75176
2023-02-01 08:32:52,-0.001879131,36.65865,31.75347
2023-02-01 08:32:57,0.030780505,36.65694,31.75518
2023-02-01 08:33:02,0.005162062,36.65523,31.75688
2023-02-01 08:33:07,0.032621485,36.65352,31.75859
2023-02-01 08:33:12,-0.025039777,36.65181,31.7603
2023-02-01 08:33:17,0.065931729,36.6501,31.762
2023-02-01 08:33:22,0.050840859,36.64839,31.7637
2023-02-01 08:33:27,0.062172978,36.64667,31.7654
2023-02-01 08:33:32,0.062807352,36.64496,31.7671
2023-02-01 08:33:37,0.015623858,36.64324,31.7688
2023-02-01 08:33:42,0.042828375,36.64152,31.7705
2023-02-01 08:33:47,0.038011792,36.6398,31.7722
2023-02-01 08:33:52,0.022492307,36.63202,31.78064
2023-02-01 08:33:57,0.070887524,36.6303,31.78233
2023-02-01 08:34:02,0.018159158,36.62858,31.78402
2023-02-01 08:34:07,0.029152534,36.62686,31.7857
2023-02-01 08:34:12,0.029437986,36.62514,31.78738
2023-02-01 08:34:17,-0.039424539,36.62342,31.78907
2023-02-01 08:34:22,0.003400216,36.62169,31.79075
2023-02-01 08:34:27,0.019523522,36.61996,31.79243
2023-02-01 08:34:32,0.024933963,36.61824,31.79411
2023-02-01 08:34:37,0.046279837,36.61651,31.79578
2023-02-01 08:34:42,0.062050055,36.61478,31.79746
2023-02-01 08:34:47,-0.049583353,36.61305,31.79914
2023-02-01 08:34:52,0.030221755,36.61131,31.80081
2023-02-01 08:34:57,0.05133884,36.60361,31.80914
2023-02-01 08:35:02,-0.076651418,36.60188,31.8108
2023-02-01 08:35:07,0.050752476,36.60015,31.81247
2023-02-01 08:35:12,0.029046939,36.59841,31.81413
2023-02-01 08:35:17,0.012607906,36.59668,31.81579
2023-02-01 08:35:22,0.022944434,36.59495,31.81745
2023-02-01 08:35:27,0.059484601,36.59321,31.81911
2023-02-01 08:35:32,0.016390206,36.59147,31.82077
2023-02-01 08:35:37,-0.000312128,36.58973,31.82242
2023-02-01 08:35:42,0.041546247,36.58799,31.82408
2023-02-01 08:35:47,-0.017932998,36.58625,31.82573
2023-02-01 08:35:52,0.002466332,36.5845,31.82739
2023-02-01 08:35:57,0.049444261,36.58276,31.82904
2023-02-01 08:36:02,0.011262038,36.58101,31.83069
2023-02-01 08:36:07,0.00479634,36.57339,31.83889
2023-02-01 08:36:12,0.030236572,36.57165,31.84053
2023-02-01 08:36:17,-0.018825831,36.5699,31.84217
2023-02-01 08:36:22,-0.020184306,36.56816,31.84381
2023-02-01 08:36:27,0.010360942,36.56641,31.84545
2023-02-01 08:36:32,0.02464984,36.56466,31.84709
2023-02-01 08:36:37,0.023252644,36.56291,31.84872
2023-02-01 08:36:42,-0.042181154,36.56116,31.85036
2023-02-01 08:36:47,0.009374669,36.55941,31.85199
2023-02-01 08:36:52,-0.09885523,36.55766,31.85362
2023-02-01 08:36:57,-0.005198757,36.5559,31.85525
2023-02-01 08:37:02,0.030320013,36.55414,31.85688
2023-02-01 08:37:07,0.012269145,36.55239,31.85851
2023-02-01 08:37:12,0.042107038,36.54484,31.8666
2023-02-01 08:37:17,0.029034328,36.54309,31.86822
2023-02-01 08:37:22,-0.105946311,36.54133,31.86984
2023-02-01 08:37:27,0.029865532,36.53958,31.87145
2023-02-01 08:37:32,0.022068609,36.53782,31.87307
2023-02-01 08:37:37,-0.049579093,36.53606,31.87468
2023-02-01 08:37:42,0.011748854,36.5343,31.8763
2023-02-01 08:37:47,0.019504819,36.53254,31.87791
2023-02-01 08:37:52,-0.078848791,36.53077,31.87952
2023-02-01 08:37:57,-0.039087729,36.52901,31.88113
2023-02-01 08:38:02,0.005730394,36.52724,31.88274
2023-02-01 08:38:07,-0.034431792,36.52547,31.88434
2023-02-01 08:38:12,-0.026897419,36.5237,31.88595
2023-02-01 08:38:17,-0.067224174,36.52193,31.88755
2023-02-01 08:38:22,-0.070513906,36.51447,31.89552
2023-02-01 08:38:27,-0.02610662,36.51271,31.89712
2023-02-01 08:38:32,-0.167757081,36.51094,31.89871
2023-02-01 08:38:37,-0.027764713,36.50917,31.90031
2023-02-01 08:38:42,0.016588802,36.5074,31.9019
2023-02-01 08:38:47,-0.051066577,36.50563,31.90349
2023-02-01 08:38:52,-0.059982848,36.50386,31.90508
2023-02-01 08:38:57,-0.058509472,36.50208,31.90667
2023-02-01 08:39:02,-0.034641965,36.50031,31.90825
2023-02-01 08:39:07,-0.050280105,36.49853,31.90984
2023-02-01 08:39:12,0.00406557,36.49675,31.91142
2023-02-01 08:39:17,-0.005435035,36.49497,31.91301
2023-02-01 08:39:22,0.011636821,36.49319,31.91459
2023-02-01 08:39:27,-0.061976181,36.4914,31.91617
2023-02-01 08:39:32,0.002912881,36.48962,31.91775
2023-02-01 08:39:37,-0.001561736,36.48226,31.9256
2023-02-01 08:39:42,-0.059219235,36.48048,31.92716
2023-02-01 08:39:47,0.005257316,36.4787,31.92874
2023-02-01 08:39:52,-0.031226213,36.47692,31.9303
2023-02-01 08:39:57,-0.004202916,36.47513,31.93187
2023-02-01 08:40:02,-0.035498453,36.47335,31.93344
2023-02-01 08:40:07,-0.003285349,36.47156,31.935
2023-02-01 08:40:12,-0.029389196,36.46977,31.93656
2023-02-01 08:40:17,0.045517648,36.46798,31.93813
2023-02-01 08:40:22,-0.023359444,36.46619,31.93969
2023-02-01 08:40:27,0.024385232,36.4644,31.94125
2023-02-01 08:40:32,-0.012451489,36.46261,31.94281
2023-02-01 08:40:37,0.008706658,36.46081,31.94436
2023-02-01 08:40:42,0.003343864,36.45902,31.94592
2023-02-01 08:40:47,-0.039198651,36.45174,31.95365
2023-02-01 08:40:52,-0.076470641,36.44995,31.9552
2023-02-01 08:40:57,0.029536065,36.44816,31.95674
2023-02-01 08:41:02,-0.055820136,36.44636,31.95829
2023-02-01 08:41:07,-0.072133127,36.44457,31.95983
2023-02-01 08:41:12,-0.013881466,36.44277,31.96137
2023-02-01 08:41:17,-0.003651893,36.44098,31.96291
2023-02-01 08:41:22,-0.025453225,36.43918,31.96445
2023-02-01 08:41:27,-0.009995164,36.43738,31.96599
2023-02-01 08:41:32,0.010744208,36.43557,31.96753
2023-02-01 08:41:37,-0.011202776,36.43377,31.96907
2023-02-01 08:41:42,0.00944373,36.43196,31.9706
2023-02-01 08:41:47,-0.00707301,36.43016,31.97214
2023-02-01 08:41:52,-0.029343125,36.42835,31.97367
2023-02-01 08:41:57,-0.035474528,36.42654,31.9752
2023-02-01 08:42:02,-0.014805628,36.42473,31.97674
2023-02-01 08:42:07,-0.04233482,36.41756,31.98433
2023-02-01 08:42:12,0.025847505,36.41576,31.98585
2023-02-01 08:42:17,0.03555576,36.41395,31.98737
2023-02-01 08:42:22,0.008111267,36.41214,31.98889
2023-02-01 08:42:27,0.044212746,36.41033,31.99041
2023-02-01 08:42:32,-0.052393277,36.40852,31.99192
2023-02-01 08:42:37,0.026097321,36.40671,31.99344
2023-02-01 08:42:42,0.019852663,36.4049,31.99496
2023-02-01 08:42:47,0.01339157,36.40308,31.99647
2023-02-01 08:42:52,0.006905858,36.40127,31.99798
2023-02-01 08:42:57,0.004781041,36.39945,31.99949
2023-02-01 08:43:02,0.025655622,36.39763,32.001
2023-02-01 08:43:07,-0.055133,36.39581,32.00251
2023-02-01 08:43:12,-0.024392737,36.39399,32.00402
2023-02-01 08:43:17,0.006139989,36.39217,32.00552
2023-02-01 08:43:22,0.036657145,36.3851,32.01299
2023-02-01 08:43:27,-0.007078116,36.38328,32.01449
2023-02-01 08:43:32,0.023602245,36.38146,32.01599
2023-02-01 08:43:37,0.022291852,36.37964,32.01748
2023-02-01 08:43:42,-0.021477487,36.37782,32.01898
2023-02-01 08:43:47,0.024972515,36.376,32.02047
2023-02-01 08:43:52,0.03429623,36.37418,32.02196
2023-02-01 08:43:57,-0.014824592,36.37235,32.02345
2023-02-01 08:44:02,0.063587376,36.37053,32.02494
2023-02-01 08:44:07,-0.02285066,36.3687,32.02643
2023-02-01 08:44:12,0.071545983,36.36687,32.02792
2023-02-01 08:44:17,-0.025554438,36.36504,32.0294
2023-02-01 08:44:22,0.010403309,36.36321,32.03089
2023-02-01 08:44:27,-0.017596171,36.36137,32.03237
2023-02-01 08:44:32,0.039685999,36.35954,32.03385
2023-02-01 08:44:37,0.043482668,36.3577,32.03533
2023-02-01 08:44:42,0.063464754,36.35074,32.04267
2023-02-01 08:44:47,0.051473548,36.34891,32.04414
2023-02-01 08:44:52,0.045010004,36.34708,32.04562
2023-02-01 08:44:57,0.08081355,36.34525,32.04709
2023-02-01 08:45:02,0.047527877,36.34342,32.04855
2023-02-01 08:45:07,0.025293043,36.34158,32.05002
2023-02-01 08:45:12,0.045137773,36.33974,32.05149
2023-02-01 08:45:17,0.001416357,36.3379,32.05295
2023-02-01 08:45:22,0.032136447,36.33606,32.05442
2023-02-01 08:45:27,-0.016888038,36.33423,32.05588
2023-02-01 08:45:32,0.050979482,36.33238,32.05734
2023-02-01 08:45:37,0.06023335,36.33054,32.0588
2023-02-01 08:45:42,-0.031194127,36.3287,32.06026
2023-02-01 08:45:47,0.052520918,36.32685,32.06172
2023-02-01 08:45:52,0.062015214,36.325,32.06317
2023-02-01 08:45:57,0.018418651,36.32315,32.06463
2023-02-01 08:46:02,-0.136897219,36.32131,32.06608
2023-02-01 08:46:07,0.032169315,36.31446,32.07329
2023-02-01 08:46:12,-0.016890576,36.31262,32.07473
2023-02-01 08:46:17,0.067127042,36.31077,32.07618
2023-02-01 08:46:22,-0.024151241,36.30893,32.07762
2023-02-01 08:46:27,0.038587629,36.30708,32.07906
2023-02-01 08:46:32,0.026919061,36.30523,32.0805
2023-02-01 08:46:37,0.047251129,36.30338,32.08194
2023-02-01 08:46:42,0.035625262,36.30153,32.08338
2023-02-01 08:46:47,0.029541251,36.29967,32.08482
2023-02-01 08:46:52,0.049938348,36.29782,32.08625
2023-02-01 08:46:57,0.038377763,36.29596,32.08769
2023-02-01 08:47:02,0.037499065,36.29411,32.08912
2023-02-01 08:47:07,0.036642387,36.29225,32.09056
2023-02-01 08:47:12,-0.011971182,36.29039,32.09199
2023-02-01 08:47:17,-0.012974288,36.28853,32.09342
2023-02-01 08:47:22,0.012884381,36.28667,32.09485
2023-02-01 08:47:27,0.075883999,36.28481,32.09627
2023-02-01 08:47:32,0.000708002,36.27808,32.10334
2023-02-01 08:47:37,0.015971687,36.27622,32.10476
2023-02-01 08:47:42,0.057906015,36.27437,32.10618
2023-02-01 08:47:47,0.030572309,36.27251,32.1076
2023-02-01 08:47:52,0.024578754,36.27064,32.10901
2023-02-01 08:47:57,-0.029173399,36.26878,32.11043
2023-02-01 08:48:02,-0.056256236,36.26692,32.11184
2023-02-01 08:48:07,-0.009081479,36.26505,32.11325
2023-02-01 08:48:12,-0.004336783,36.26319,32.11466
2023-02-01 08:48:17,-0.026032839,36.26132,32.11607
2023-02-01 08:48:22,0.02100683,36.25945,32.11748
2023-02-01 08:48:27,-0.016453332,36.25758,32.11889
2023-02-01 08:48:32,-0.064937314,36.25571,32.1203
2023-02-01 08:48:37,0.014512863,36.25384,32.1217
2023-02-01 08:48:42,-0.028609453,36.25197,32.12311
2023-02-01 08:48:47,-0.087706742,36.25009,32.12451
2023-02-01 08:48:52,0.002447783,36.24822,32.12591
2023-02-01 08:48:57,0.033796182,36.24162,32.13285
2023-02-01 08:49:02,-0.035730414,36.23974,32.13424
2023-02-01 08:49:07,-0.020157002,36.23787,32.13563
2023-02-01 08:49:12,-0.008973704,36.236,32.13702
2023-02-01 08:49:17,0.02168183,36.23413,32.13841
2023-02-01 08:49:22,-0.021153075,36.23225,32.1398
2023-02-01 08:49:27,0.015588382,36.23038,32.14119
2023-02-01 08:49:32,-0.032560622,36.2285,32.14257
2023-02-01 08:49:37,0.025514467,36.22662,32.14396
2023-02-01 08:49:42,-0.065261821,36.22474,32.14534
2023-02-01 08:49:47,-0.022976076,36.22286,32.14672
2023-02-01 08:49:52,0.008653292,36.22098,32.1481
2023-02-01 08:49:57,0.01896565,36.2191,32.14948
2023-02-01 08:50:02,0.023759049,36.21721,32.15086
2023-02-01 08:50:07,-0.01903568,36.21532,32.15224
2023-02-01 08:50:12,-0.062021425,36.21344,32.15362
2023-02-01 08:50:17,-0.062369689,36.21155,32.15499
2023-02-01 08:50:22,-0.009421691,36.20966,32.15637
2023-02-01 08:50:27,-0.004447067,36.20777,32.15774
2023-02-01 08:50:32,0.011182133,36.2013,32.16453
2023-02-01 08:50:37,-0.015834454,36.19942,32.1659
2023-02-01 08:50:42,-0.010688605,36.19754,32.16726
2023-02-01 08:50:47,-0.04305131,36.19565,32.16862
2023-02-01 08:50:52,0.020324133,36.19376,32.16998
2023-02-01 08:50:57,-0.01719929,36.19187,32.17134
2023-02-01 08:51:02,0.024833002,36.18998,32.1727
2023-02-01 08:51:07,0.019263078,36.18809,32.17406
2023-02-01 08:51:12,-0.013352002,36.1862,32.17541
2023-02-01 08:51:17,-0.024282783,36.1843,32.17677
2023-02-01 08:51:22,0.00188818,36.18241,32.17812
2023-02-01 08:51:27,0.012050729,36.18051,32.17947
2023-02-01 08:51:32,-0.015116001,36.17861,32.18083
2023-02-01 08:51:37,-0.052773282,36.17672,32.18218
2023-02-01 08:51:42,-0.000225185,36.17482,32.18353
2023-02-01 08:51:47,-0.032598789,36.17291,32.18487
2023-02-01 08:51:52,-0.038728473,36.17101,32.18622
2023-02-01 08:51:57,-0.001864317,36.16911,32.18757
2023-02-01 08:52:02,0.018601796,36.1672,32.18891
2023-02-01 08:52:07,-0.019209316,36.16088,32.19556
2023-02-01 08:52:12,0.022517464,36.15898,32.1969
2023-02-01 08:52:17,-0.015545444,36.15708,32.19823
2023-02-01 08:52:22,-0.00015152,36.15518,32.19956
2023-02-01 08:52:27,0.02015766,36.15328,32.2009
2023-02-01 08:52:32,-0.023146678,36.15138,32.20223
2023-02-01 08:52:37,0.013270898,36.14947,32.20356
2023-02-01 08:52:42,-0.008978379,36.14756,32.20489
2023-02-01 08:52:47,-0.009946968,36.14566,32.20622
2023-02-01 08:52:52,-0.000296021,36.14375,32.20754
2023-02-01 08:52:57,0.025303213,36.14184,32.20887
2023-02-01 08:53:02,0.008123595,36.13993,32.21019
2023-02-01 08:53:07,0.033732794,36.13802,32.21152
2023-02-01 08:53:12,0.011230787,36.13611,32.21284
2023-02-01 08:53:17,-0.021787141,36.1342,32.21416
2023-02-01 08:53:22,0.030045308,36.13228,32.21548
2023-02-01 08:53:27,0.03405004,36.13037,32.2168
2023-02-01 08:53:32,-0.015104025,36.12845,32.21811
2023-02-01 08:53:37,0.047047941,36.12653,32.21943
2023-02-01 08:53:42,0.013780082,36.12035,32.22594
2023-02-01 08:53:47,0.007108455,36.11844,32.22725
2023-02-01 08:53:52,0.01085163,36.11652,32.22855
2023-02-01 08:53:57,0.040998291,36.11461,32.22986
2023-02-01 08:54:02,0.044628938,36.1127,32.23116
2023-02-01 08:54:07,0.008337688,36.11078,32.23247
2023-02-01 08:54:12,0.041055672,36.10886,32.23377
2023-02-01 08:54:17,-0.04038856,36.10694,32.23507
2023-02-01 08:54:22,-0.005206742,36.10502,32.23637
2023-02-01 08:54:27,-0.023195687,36.1031,32.23767
2023-02-01 08:54:32,-0.019928092,36.10118,32.23897
2023-02-01 08:54:37,-0.011394632,36.09926,32.24026
2023-02-01 08:54:42,-0.034715364,36.09733,32.24156
2023-02-01 08:54:47,-0.031642724,36.09541,32.24285
2023-02-01 08:54:52,-0.044626624,36.09348,32.24415
2023-02-01 08:54:57,0.054059642,36.09156,32.24544
2023-02-01 08:55:02,-0.022829295,36.08963,32.24673
2023-02-01 08:55:07,-0.009369482,36.0877,32.24802
2023-02-01 08:55:12,0.051799058,36.08577,32.2493
2023-02-01 08:55:17,0.059787624,36.08384,32.25059
2023-02-01 08:55:22,-0.022713957,36.0819,32.25188
2023-02-01 08:55:27,0.038239065,36.07588,32.25823
2023-02-01 08:55:32,0.030210465,36.07395,32.25951
2023-02-01 08:55:37,0.032577346,36.07202,32.26079
2023-02-01 08:55:42,-0.034229065,36.0701,32.26206
2023-02-01 08:55:47,0.021096589,36.06817,32.26334
2023-02-01 08:55:52,0.02304719,36.06624,32.26461
2023-02-01 08:55:57,0.009312149,36.0643,32.26588
2023-02-01 08:56:02,0.032619006,36.06237,32.26715
2023-02-01 08:56:07,-0.008110672,36.06044,32.26842
2023-02-01 08:56:12,-0.032738387,36.0585,32.26969
2023-02-01 08:56:17,-0.014995713,36.05656,32.27096
2023-02-01 08:56:22,-0.018842193,36.05463,32.27222
2023-02-01 08:56:27,0.041190861,36.05269,32.27349
2023-02-01 08:56:32,-0.047522535,36.05075,32.27475
2023-02-01 08:56:37,-0.008969132,36.04881,32.27601
2023-02-01 08:56:42,0.029503651,36.04687,32.27728
2023-02-01 08:56:47,-0.059451175,36.04492,32.27854
2023-02-01 08:56:52,0.042628433,36.04298,32.2798
2023-02-01 08:56:57,-0.035829049,36.04104,32.28105
2023-02-01 08:57:02,-0.008340614,36.03909,32.28231
2023-02-01 08:57:07,0.01392648,36.03714,32.28357
2023-02-01 08:57:12,0.035921506,36.03128,32.28977
2023-02-01 08:57:17,0.052695069,36.02934,32.29102
2023-02-01 08:57:22,-0.015701392,36.0274,32.29226
2023-02-01 08:57:27,-0.009751503,36.02546,32.29351
2023-02-01 08:57:32,-0.115431159,36.02351,32.29475
2023-02-01 08:57:37,-0.003427421,36.02157,32.296
2023-02-01 08:57:42,-0.029702717,36.01962,32.29724
2023-02-01 08:57:47,-0.02408024,36.01768,32.29848
2023-02-01 08:57:52,-0.023678851,36.01573,32.29972
2023-02-01 08:57:57,0.045549223,36.01378,32.30096
2023-02-01 08:58:02,0.008288189,36.01183,32.30219
2023-02-01 08:58:07,0.018915386,36.00988,32.30343
2023-02-01 08:58:12,0.008332589,36.00793,32.30467
2023-02-01 08:58:17,0.013468902,36.00597,32.3059
2023-02-01 08:58:22,0.002535265,36.00402,32.30713
2023-02-01 08:58:27,0.002181851,36.00206,32.30836
2023-02-01 08:58:32,-0.014430937,36.00011,32.30959
2023-02-01 08:58:37,-0.041592059,35.99815,32.31082
2023-02-01 08:58:42,-0.036661649,35.99619,32.31205
2023-02-01 08:58:47,-0.053319203,35.99423,32.31328
2023-02-01 08:58:52,-0.022084789,35.99227,32.3145
2023-02-01 08:58:57,-0.028426844,35.99031,32.31573
2023-02-01 08:59:02,-0.029134472,35.98835,32.31695
2023-02-01 08:59:07,-0.062087648,35.98267,32.32299
2023-02-01 08:59:12,-0.036676817,35.98071,32.32421
2023-02-01 08:59:17,-0.096047894,35.97875,32.32542
2023-02-01 08:59:22,-0.049465164,35.9768,32.32664
2023-02-01 08:59:27,0.013034515,35.97484,32.32785
2023-02-01 08:59:32,0.017023613,35.97288,32.32906
2023-02-01 08:59:37,-0.01103807,35.97092,32.33027
2023-02-01 08:59:42,-0.039170112,35.96895,32.33148
2023-02-01 08:59:47,-0.046052059,35.96699,32.33269
2023-02-01 08:59:52,0.005626565,35.96503,32.33389
2023-02-01 08:59:57,-0.038701039,35.96306,32.3351
2023-02-01 09:00:02,-0.013880244,35.9611,32.3363
2023-02-01 09:00:07,0.0108317,35.95913,32.3375
2023-02-01 09:00:12,-0.028173237,35.95716,32.33871
2023-02-01 09:00:17,-0.019272759,35.95519,32.33991
2023-02-01 09:00:22,-0.02147565,35.95322,32.34111
2023-02-01 09:00:27,0.024419124,35.95125,32.34231
2023-02-01 09:00:32,0.01695402,35.94928,32.3435
2023-02-01 09:00:37,-0.049009489,35.9473,32.3447
2023-02-01 09:00:42,0.01231529,35.94533,32.34589
2023-02-01 09:00:47,0.031323866,35.94335,32.34709
2023-02-01 09:00:52,-0.002832637,35.94138,32.34828
2023-02-01 09:00:57,0.037193722,35.9394,32.34947
2023-02-01 09:01:02,0.002737497,35.93742,32.35066
2023-02-01 09:01:07,0.000398157,35.93193,32.35654
2023-02-01 09:01:12,-0.034162719,35.92996,32.35772
2023-02-01 09:01:17,0.02697406,35.92799,32.3589
2023-02-01 09:01:22,0.008302998,35.92602,32.36008
2023-02-01 09:01:27,0.037553105,35.92404,32.36126
2023-02-01 09:01:32,-0.002342199,35.92207,32.36244
2023-02-01 09:01:37,-0.037143687,35.92009,32.36362
2023-02-01 09:01:42,-0.061329824,35.91811,32.36479
2023-02-01 09:01:47,0.031508729,35.91613,32.36597
2023-02-01 09:01:52,-0.040541485,35.91415,32.36714
2023-02-01 09:01:57,-0.011554318,35.91217,32.36831
2023-02-01 09:02:02,-0.009446621,35.91019,32.36948
2023-02-01 09:02:07,0.024792758,35.90821,32.37065
2023-02-01 09:02:12,0.005696069,35.90623,32.37182
2023-02-01 09:02:17,-0.018575935,35.90424,32.37299
2023-02-01 09:02:22,-0.000623806,35.90226,32.37416
2023-02-01 09:02:27,-0.035813698,35.90027,32.37532
2023-02-01 09:02:32,-0.012406467,35.89828,32.37649
2023-02-01 09:02:37,-0.031478975,35.8963,32.37765
2023-02-01 09:02:42,0.01832721,35.89431,32.37881
2023-02-01 09:02:47,-0.011653285,35.89232,32.37997
2023-02-01 09:02:52,-0.041660842,35.89033,32.38113
2023-02-01 09:02:57,-0.013255453,35.88833,32.38229
2023-02-01 09:03:02,0.007761784,35.88634,32.38345
2023-02-01 09:03:07,-0.004106142,35.88435,32.3846
2023-02-01 09:03:12,0.029749146,35.87906,32.39031
2023-02-01 09:03:17,0.047403015,35.87707,32.39146
2023-02-01 09:03:22,-0.030520684,35.87509,32.39261
2023-02-01 09:03:27,0.029924188,35.8731,32.39376
2023-02-01 09:03:32,-0.010726747,35.87111,32.3949
2023-02-01 09:03:37,0.044163519,35.86912,32.39605
2023-02-01 09:03:42,0.040599574,35.86712,32.39719
2023-02-01 09:03:47,-0.021607907,35.86513,32.39833
2023-02-01 09:03:52,0.012109828,35.86314,32.39947
2023-02-01 09:03:57,0.034964914,35.86114,32.40061
2023-02-01 09:04:02,0.010029866,35.85915,32.40175
2023-02-01 09:04:07,0.054373278,35.85715,32.40289
2023-02-01 09:04:12,0.024088523,35.85516,32.40402
2023-02-01 09:04:17,0.057754352,35.85316,32.40516
2023-02-01 09:04:22,-0.046974809,35.85116,32.40629
2023-02-01 09:04:27,-0.002663153,35.84916,32.40743
2023-02-01 09:04:32,0.041452399,35.84716,32.40856
2023-02-01 09:04:37,0.011134604,35.84515,32.40969
2023-02-01 09:04:42,0.092550693,35.84315,32.41082
2023-02-01 09:04:47,0.046235971,35.84115,32.41195
2023-02-01 09:04:52,0.01609892,35.83914,32.41307
2023-02-01 09:04:57,0.039068992,35.83714,32.4142
2023-02-01 09:05:02,0.003408913,35.83513,32.41532
2023-02-01 09:05:07,0.063496885,35.83312,32.41645
2023-02-01 09:05:12,0.043826879,35.83111,32.41757
2023-02-01 09:05:17,-0.018100761,35.8291,32.41869
2023-02-01 09:05:22,0.052459783,35.82709,32.41981
2023-02-01 09:05:27,0.064774299,35.82203,32.42534
2023-02-01 09:05:32,-0.002857153,35.82003,32.42646
2023-02-01 09:05:37,0.057432759,35.81802,32.42757
2023-02-01 09:05:42,0.037968137,35.81602,32.42868
2023-02-01 09:05:47,0.034116857,35.81401,32.42979
2023-02-01 09:05:52,0.025130863,35.812,32.4309
2023-02-01 09:05:57,0.032139773,35.81,32.432
2023-02-01 09:06:02,-0.003485025,35.80799,32.43311
2023-02-01 09:06:07,0.035515028,35.80598,32.43422
2023-02-01 09:06:12,0.031881963,35.80397,32.43532
2023-02-01 09:06:17,0.001605882,35.80195,32.43642
2023-02-01 09:06:22,-0.002013741,35.79994,32.43752
2023-02-01 09:06:27,-0.00029636,35.79793,32.43862
2023-02-01 09:06:32,-0.030360757,35.79591,32.43972
2023-02-01 09:06:37,-0.028818942,35.7939,32.44082
2023-02-01 09:06:42,0.004900447,35.79188,32.44192
2023-02-01 09:06:47,-0.004011554,35.78987,32.44302
2023-02-01 09:06:52,-0.050034937,35.78785,32.44411
2023-02-01 09:06:57,0.01549738,35.78583,32.4452
2023-02-01 09:07:02,-0.030700147,35.78381,32.4463
2023-02-01 09:07:07,-0.039580288,35.78179,32.44739
2023-02-01 09:07:12,-0.000483039,35.77977,32.44848
2023-02-01 09:07:17,0.001312979,35.77774,32.44957
2023-02-01 09:07:22,0.018916322,35.77572,32.45066
2023-02-01 09:07:27,0.00473852,35.7737,32.45174
2023-02-01 09:07:32,-0.003911219,35.77167,32.45283
2023-02-01 09:07:37,-0.002083713,35.76965,32.45391
2023-02-01 09:07:42,0.036870502,35.76762,32.455
2023-02-01 09:07:47,-0.009256135,35.76559,32.45608
2023-02-01 09:07:52,0.045892893,35.76356,32.45716
2023-02-01 09:07:57,-0.026869117,35.75875,32.4625
2023-02-01 09:08:02,-0.001822286,35.75673,32.46358
2023-02-01 09:08:07,-0.006954858,35.75471,32.46465
2023-02-01 09:08:12,0.037370804,35.75269,32.46572
2023-02-01 09:08:17,0.007274022,35.75066,32.46679
2023-02-01 09:08:22,0.003832598,35.74864,32.46786
2023-02-01 09:08:27,-0.020923084,35.74661,32.46893
2023-02-01 09:08:32,-0.003034254,35.74458,32.47
2023-02-01 09:08:37,-0.02778006,35.74256,32.47107
2023-02-01 09:08:42,0.048556737,35.74053,32.47213
2023-02-01 09:08:47,-0.023959638,35.7385,32.47319
2023-02-01 09:08:52,0.052384725,35.73647,32.47426
2023-02-01 09:08:57,0.006334623,35.73444,32.47532
2023-02-01 09:09:02,0.045566044,35.73241,32.47638
2023-02-01 09:09:07,0.036830462,35.73038,32.47744
2023-02-01 09:09:12,-0.015191859,35.72834,32.4785
2023-02-01 09:09:17,-0.023084063,35.72631,32.47956
2023-02-01 09:09:22,0.047943396,35.72427,32.48061
2023-02-01 09:09:27,-0.024555645,35.72224,32.48167
2023-02-01 09:09:32,-0.017296053,35.7202,32.48272
2023-02-01 09:09:37,-0.026026605,35.71816,32.48378
2023-02-01 09:09:42,0.034150219,35.71612,32.48483
2023-02-01 09:09:47,0.041597532,35.71408,32.48588
2023-02-01 09:09:52,-0.046895354,35.71204,32.48693
2023-02-01 09:09:57,-0.050302234,35.71,32.48798
2023-02-01 09:10:02,0.015386698,35.70796,32.48902
2023-02-01 09:10:07,0.011973645,35.70592,32.49007
2023-02-01 09:10:12,-0.08186129,35.70387,32.49112
2023-02-01 09:10:17,-0.047972806,35.70183,32.49216
2023-02-01 09:10:22,-0.003619798,35.69978,32.4932
2023-02-01 09:10:27,-0.033700362,35.69774,32.49424
2023-02-01 09:10:32,0.037481611,35.69569,32.49529
2023-02-01 09:10:37,-0.07769937,35.69115,32.50043
2023-02-01 09:10:42,0.04638811,35.68911,32.50146
2023-02-01 09:10:47,-0.036827328,35.68707,32.5025
2023-02-01 09:10:52,0.044796241,35.68503,32.50353
2023-02-01 09:10:57,-0.001315953,35.68299,32.50456
2023-02-01 09:11:02,-0.004607071,35.68095,32.50559
2023-02-01 09:11:07,0.007701734,35.6789,32.50662
2023-02-01 09:11:12,-0.032917483,35.67686,32.50764
2023-02-01 09:11:17,0.032671041,35.67481,32.50867
2023-02-01 09:11:22,-0.01881872,35.67277,32.50969
2023-02-01 09:11:27,0.025619219,35.67072,32.51072
2023-02-01 09:11:32,0.011416954,35.66867,32.51174
2023-02-01 09:11:37,0.039652092,35.66663,32.51276
2023-02-01 09:11:42,-0.038152145,35.66458,32.51378
2023-02-01 09:11:47,0.037837575,35.66252,32.5148
2023-02-01 09:11:52,-0.002872598,35.66047,32.51582
2023-02-01 09:11:57,-0.006476705,35.65842,32.51684
2023-02-01 09:12:02,0.016555434,35.65637,32.51785
2023-02-01 09:12:07,0.002264512,35.65432,32.51887
2023-02-01 09:12:12,0.009088837,35.65226,32.51988
2023-02-01 09:12:17,0.010759535,35.65021,32.5209
2023-02-01 09:12:22,-0.003574149,35.64815,32.52191
2023-02-01 09:12:27,0.040516247,35.64609,32.52292
2023-02-01 09:12:32,-0.047894799,35.64404,32.52393
2023-02-01 09:12:37,0.017294812,35.64198,32.52494
2023-02-01 09:12:42,-0.0608675,35.63992,32.52594
2023-02-01 09:12:47,-0.037967398,35.63786,32.52695
2023-02-01 09:12:52,0.000716576,35.6358,32.52796
2023-02-01 09:12:57,0.0289153,35.63374,32.52896
2023-02-01 09:13:02,0.024928276,35.63167,32.52996
2023-02-01 09:13:07,-0.063782177,35.62961,32.53096
2023-02-01 09:13:12,-0.003842115,35.62755,32.53196
2023-02-01 09:13:17,0.024102527,35.62548,32.53296
2023-02-01 09:13:22,-0.027536965,35.62342,32.53396
2023-02-01 09:13:27,-0.058063181,35.62135,32.53496
2023-02-01 09:13:32,-0.024646388,35.61712,32.5399
2023-02-01 09:13:37,-0.012565132,35.61506,32.54089
2023-02-01 09:13:42,-0.000499833,35.613,32.54188
2023-02-01 09:13:47,-0.015099791,35.61094,32.54286
2023-02-01 09:13:52,-0.00839578,35.60888,32.54385
2023-02-01 09:13:57,-0.060336251,35.60682,32.54484
2023-02-01 09:14:02,0.015625866,35.60476,32.54582
2023-02-01 09:14:07,0.016763769,35.60269,32.54681
2023-02-01 09:14:12,0.002087276,35.60063,32.54779
2023-02-01 09:14:17,-0.01774327,35.59856,32.54877
2023-02-01 09:14:22,-0.032448802,35.5965,32.54975
2023-02-01 09:14:27,-0.010049231,35.59443,32.55073
2023-02-01 09:14:32,-0.061901643,35.59236,32.55171
2023-02-01 09:14:37,0.013769797,35.5903,32.55269
2023-02-01 09:14:42,0.00966975,35.58823,32.55366
2023-02-01 09:14:47,0.016026497,35.58616,32.55464
2023-02-01 09:14:52,-0.051676855,35.58409,32.55562
2023-02-01 09:14:57,-0.008034981,35.58202,32.55659
2023-02-01 09:15:02,-0.07062203,35.57994,32.55756
2023-02-01 09:15:07,0.015446568,35.57787,32.55853
2023-02-01 09:15:12,-0.046971592,35.5758,32.5595
2023-02-01 09:15:17,0.017947202,35.57373,32.56047
2023-02-01 09:15:22,-0.007751915,35.57165,32.56144
2023-02-01 09:15:27,0.014699713,35.56957,32.5624
2023-02-01 09:15:32,-0.03195544,35.5675,32.56337
2023-02-01 09:15:37,0.016939421,35.56542,32.56434
2023-02-01 09:15:42,-0.013931192,35.56334,32.5653
2023-02-01 09:15:47,0.003161054,35.56126,32.56626
2023-02-01 09:15:52,-0.022391892,35.55918,32.56722
2023-02-01 09:15:57,-0.037099764,35.5571,32.56818
2023-02-01 09:16:02,-0.014649477,35.55502,32.56914
2023-02-01 09:16:07,0.034169266,35.55294,32.5701
2023-02-01 09:16:12,-0.065828518,35.55086,32.57106
2023-02-01 09:16:17,-0.0063117,35.54878,32.57201
2023-02-01 09:16:22,0.032074164,35.54669,32.57297
2023-02-01 09:16:27,-0.03613907,35.54461,32.57392
2023-02-01 09:16:32,0.002246069,35.54252,32.57487
2023-02-01 09:16:37,0.029781661,35.54044,32.57583
2023-02-01 09:16:42,-0.006259501,35.53835,32.57678
2023-02-01 09:16:47,0.005480686,35.53626,32.57773
2023-02-01 09:16:52,-0.014755467,35.53417,32.57867
2023-02-01 09:16:57,0.012791163,35.53031,32.58337
2023-02-01 09:17:02,-0.055215097,35.52823,32.58432
2023-02-01 09:17:07,-0.048977611,35.52615,32.58526
2023-02-01 09:17:12,0.015895362,35.52406,32.5862
2023-02-01 09:17:17,-0.057231031,35.52198,32.58714
2023-02-01 09:17:22,-0.003192639,35.5199,32.58807
2023-02-01 09:17:27,-0.001873409,35.51782,32.58901
2023-02-01 09:17:32,-0.027384084,35.51573,32.58994
2023-02-01 09:17:37,-0.036704007,35.51364,32.59088
2023-02-01 09:17:42,0.006715881,35.51156,32.59181
2023-02-01 09:17:47,-0.023899663,35.50947,32.59274
2023-02-01 09:17:52,-0.028042584,35.50738,32.59367
2023-02-01 09:17:57,0.010467973,35.5053,32.5946
2023-02-01 09:18:02,0.022153755,35.50321,32.59553
2023-02-01 09:18:07,-0.035052991,35.50112,32.59646
2023-02-01 09:18:12,-0.033804127,35.49903,32.59739
2023-02-01 09:18:17,-0.02739832,35.49694,32.59832
2023-02-01 09:18:22,0.005865955,35.49484,32.59924
2023-02-01 09:18:27,-0.030139586,35.49275,32.60016
2023-02-01 09:18:32,0.072071964,35.49066,32.60109
2023-02-01 09:18:37,0.020498199,35.48856,32.60201
2023-02-01 09:18:42,-0.063223996,35.48647,32.60293
2023-02-01 09:18:47,0.039052249,35.48437,32.60385
2023-02-01 09:18:52,-0.012644808,35.48228,32.60476
2023-02-01 09:18:57,-0.000549526,35.48018,32.60568
2023-02-01 09:19:02,0.000789222,35.47808,32.6066
2023-02-01 09:19:07,0.044844843,35.47598,32.60751
2023-02-01 09:19:12,-0.065191369,35.47389,32.60843
2023-02-01 09:19:17,0.021244557,35.47179,32.60934
2023-02-01 09:19:22,0.044129473,35.46969,32.61025
2023-02-01 09:19:27,0.008413212,35.46758,32.61116
2023-02-01 09:19:32,0.010034882,35.46548,32.61207
2023-02-01 09:19:37,-0.030763328,35.46338,32.61298
2023-02-01 09:19:42,0.055815144,35.46128,32.61389
2023-02-01 09:19:47,0.004417037,35.45917,32.6148
2023-02-01 09:19:52,-0.041620435,35.45707,32.6157
2023-02-01 09:19:57,0.023730516,35.45496,32.61661
2023-02-01 09:20:02,0.009735448,35.45286,32.61751
2023-02-01 09:20:07,-0.015077605,35.45075,32.61841
2023-02-01 09:20:12,-0.01320864,35.44864,32.61931
2023-02-01 09:20:17,-0.027106183,35.44654,32.62021
2023-02-01 09:20:22,0.02260781,35.44443,32.62111
2023-02-01 09:20:27,0.024576451,35.44232,32.62201
2023-02-01 09:20:32,0.037238822,35.44021,32.62291
2023-02-01 09:20:37,0.012625771,35.4381,32.6238
2023-02-01 09:20:42,0.030496014,35.43599,32.6247
2023-02-01 09:20:47,0.000621835,35.43387,32.62559
2023-02-01 09:20:52,0.00276188,35.43176,32.62649
2023-02-01 09:20:57,0.074035164,35.42833,32.63092
2023-02-01 09:21:02,-0.019503535,35.42623,32.63181
2023-02-01 09:21:07,0.017612125,35.42412,32.6327
2023-02-01 09:21:12,0.070298753,35.42202,32.63358
2023-02-01 09:21:17,0.029973517,35.41991,32.63446
2023-02-01 09:21:22,0.042982252,35.4178,32.63535
2023-02-01 09:21:27,-0.013263347,35.4157,32.63623
2023-02-01 09:21:32,-0.005515419,35.41359,32.63711
2023-02-01 09:21:37,0.018256655,35.41148,32.63799
2023-02-01 09:21:42,0.057862259,35.40937,32.63887
2023-02-01 09:21:47,0.060382638,35.40726,32.63974
2023-02-01 09:21:52,0.041617,35.40515,32.64062
2023-02-01 09:21:57,0.017744914,35.40304,32.64149
2023-02-01 09:22:02,-0.022274292,35.40092,32.64237
2023-02-01 09:22:07,-0.008961923,35.39881,32.64324
2023-02-01 09:22:12,0.004382573,35.3967,32.64411
2023-02-01 09:22:17,0.044217812,35.39458,32.64498
2023-02-01 09:22:22,0.057624872,35.39247,32.64585
2023-02-01 09:22:27,-0.019355908,35.39035,32.64672
2023-02-01 09:22:32,0.015431073,35.38824,32.64759
2023-02-01 09:22:37,0.03406718,35.38612,32.64846
2023-02-01 09:22:42,-0.005706861,35.384,32.64932
2023-02-01 09:22:47,0.002516141,35.38188,32.65019
2023-02-01 09:22:52,0.021616438,35.37976,32.65105
2023-02-01 09:22:57,0.056352149,35.37764,32.65191
2023-02-01 09:23:02,0.059133754,35.37553,32.65278
2023-02-01 09:23:07,0.056990899,35.3734,32.65364
2023-02-01 09:23:12,-0.030406905,35.37128,32.65449
2023-02-01 09:23:17,0.041734921,35.36916,32.65535
2023-02-01 09:23:22,0.060599419,35.36704,32.65621
2023-02-01 09:23:27,0.0265664,35.36492,32.65707
2023-02-01 09:23:32,0.061461342,35.36279,32.65792
2023-02-01 09:23:37,0.021946692,35.36067,32.65878
2023-02-01 09:23:42,-0.006700033,35.35854,32.65963
2023-02-01 09:23:47,0.03909825,35.35642,32.66048
2023-02-01 09:23:52,0.0316129,35.35429,32.66133
2023-02-01 09:23:57,-0.039626855,35.35216,32.66218
2023-02-01 09:24:02,0.000694084,35.35003,32.66303
2023-02-01 09:24:07,0.067676492,35.3479,32.66388
2023-02-01 09:24:12,0.012462118,35.34578,32.66473
2023-02-01 09:24:17,-0.037413114,35.34365,32.66557
2023-02-01 09:24:22,-0.002382206,35.34152,32.66642
2023-02-01 09:24:27,0.075294721,35.33939,32.66726
2023-02-01 09:24:32,0.035909222,35.33725,32.66811
2023-02-01 09:24:37,0.023177333,35.33512,32.66895
2023-02-01 09:24:42,0.026628069,35.33299,32.66979
2023-02-01 09:24:47,0.008379828,35.33086,32.67063
2023-02-01 09:24:52,0.00650169,35.32872,32.67147
2023-02-01 09:24:57,0.020231018,35.32659,32.6723
2023-02-01 09:25:02,0.034147564,35.32445,32.67314
2023-02-01 09:25:07,-0.031698739,35.32232,32.67398
2023-02-01 09:25:12,0.019326334,35.32018,32.67481
2023-02-01 09:25:17,-0.004084605,35.31804,32.67565
2023-02-01 09:25:22,-0.048633855,35.31591,32.67648
2023-02-01 09:25:27,-0.008105222,35.31377,32.67731
2023-02-01 09:25:32,0.016421579,35.31163,32.67814
2023-02-01 09:25:37,0.035224128,35.30949,32.67897
2023-02-01 09:25:42,-0.051825201,35.30735,32.6798
2023-02-01 09:25:47,0.015295664,35.30521,32.68063
2023-02-01 09:25:52,-0.06683921,35.30307,32.68145
2023-02-01 09:25:57,0.000243843,35.30093,32.68228
2023-02-01 09:26:02,-0.018508508,35.29878,32.6831
2023-02-01 09:26:07,-0.014892896,35.29664,32.68393
2023-02-01 09:26:12,0.02528205,35.2945,32.68475
2023-02-01 09:26:17,0.028121804,35.29166,32.68886
2023-02-01 09:26:22,0.015325146,35.28953,32.68968
2023-02-01 09:26:27,-0.056129438,35.28739,32.69049
2023-02-01 09:26:32,-0.053185756,35.28526,32.6913
2023-02-01 09:26:37,-0.071593705,35.28312,32.69212
2023-02-01 09:26:42,-0.042256073,35.28098,32.69293
2023-02-01 09:26:47,0.02435626,35.27885,32.69374
2023-02-01 09:26:52,0.006034332,35.27671,32.69455
2023-02-01 09:26:57,-0.070954411,35.27457,32.69536
2023-02-01 09:27:02,0.016674094,35.27243,32.69617
2023-02-01 09:27:07,-0.108173275,35.27029,32.69698
2023-02-01 09:27:12,0.006212578,35.26815,32.69778
2023-02-01 09:27:17,-0.054951436,35.26601,32.69859
2023-02-01 09:27:22,-0.073711186,35.26387,32.69939
2023-02-01 09:27:27,0.01922078,35.26172,32.7002
2023-02-01 09:27:32,0.021496732,35.25958,32.701
2023-02-01 09:27:37,-0.023864435,35.25744,32.7018
2023-02-01 09:27:42,-0.011027305,35.25529,32.7026
2023-02-01 09:27:47,-0.045639639,35.25315,32.7034
2023-02-01 09:27:52,0.020202526,35.251,32.7042
2023-02-01 09:27:57,-0.083804918,35.24886,32.705
2023-02-01 09:28:02,-0.028540857,35.24671,32.70579
2023-02-01 09:28:07,-0.005121947,35.24456,32.70659
2023-02-01 09:28:12,0.002059681,35.24242,32.70738
2023-02-01 09:28:17,0.020033228,35.24027,32.70818
2023-02-01 09:28:22,-0.004691979,35.23812,32.70897
2023-02-01 09:28:27,0.002501919,35.23597,32.70976
2023-02-01 09:28:32,0.009634412,35.23382,32.71055
2023-02-01 09:28:37,-0.03659458,35.23167,32.71134
2023-02-01 09:28:42,-0.024067504,35.22952,32.71213
2023-02-01 09:28:47,-0.027975175,35.22737,32.71291
2023-02-01 09:28:52,0.026871625,35.22522,32.7137
2023-02-01 09:28:57,-0.008956251,35.22306,32.71449
2023-02-01 09:29:02,0.003118283,35.22091,32.71527
2023-02-01 09:29:07,0.004465449,35.21876,32.71605
2023-02-01 09:29:12,0.016213801,35.2166,32.71684
2023-02-01 09:29:17,-0.041015067,35.21445,32.71762
2023-02-01 09:29:22,0.029223672,35.21229,32.7184
2023-02-01 09:29:27,-0.049274518,35.21014,32.71918
2023-02-01 09:29:32,-0.037806136,35.20798,32.71996
2023-02-01 09:29:37,0.032219756,35.20582,32.72073
2023-02-01 09:29:42,0.017085433,35.20367,32.72151
2023-02-01 09:29:47,-0.067219992,35.20151,32.72228
2023-02-01 09:29:52,-0.034530569,35.19935,32.72306
2023-02-01 09:29:57,0.035014291,35.19719,32.72383
2023-02-01 09:30:02,-0.038661086,35.19503,32.7246
2023-02-01 09:30:07,0.057385464,35.19287,32.72538
2023-02-01 09:30:12,-0.053938054,35.19071,32.72615
2023-02-01 09:30:17,-0.008742799,35.18855,32.72692
2023-02-01 09:30:22,-0.048003392,35.18639,32.72768
2023-02-01 09:30:27,0.000155787,35.18423,32.72845
2023-02-01 09:30:32,-0.047698706,35.18206,32.72922
2023-02-01 09:30:37,0.037428926,35.1799,32.72998
2023-02-01 09:30:42,-0.031895785,35.17774,32.73075
2023-02-01 09:30:47,-0.053136364,35.17557,32.73151
2023-02-01 09:30:52,-0.000214203,35.17341,32.73227
2023-02-01 09:30:57,0.042163249,35.17124,32.73303
2023-02-01 09:31:02,-0.027462923,35.16908,32.73379
2023-02-01 09:31:07,0.020094107,35.16691,32.73455
2023-02-01 09:31:12,0.0140867,35.16474,32.73531
2023-02-01 09:31:17,0.045504255,35.16258,32.73607
2023-02-01 09:31:22,-0.040220491,35.16041,32.73683
2023-02-01 09:31:27,0.022837536,35.15824,32.73758
2023-02-01 09:31:32,-0.041715756,35.15607,32.73834
2023-02-01 09:31:37,0.037184579,35.1539,32.73909
2023-02-01 09:31:42,0.025593324,35.15173,32.73984
2023-02-01 09:31:47,-0.012529905,35.14956,32.74059
2023-02-01 09:31:52,-0.050915657,35.14739,32.74135
2023-02-01 09:31:57,0.038163957,35.14522,32.74209
2023-02-01 09:32:02,0.015814956,35.14305,32.74284
2023-02-01 09:32:07,-0.043914104,35.14088,32.74359
2023-02-01 09:32:12,0.029153864,35.1387,32.74434
2023-02-01 09:32:17,-0.073354218,35.13653,32.74508
2023-02-01 09:32:22,-0.021744298,35.13436,32.74583
2023-02-01 09:32:27,-0.012651691,35.13218,32.74657
2023-02-01 09:32:32,-0.02494618,35.13001,32.74732
2023-02-01 09:32:37,1.982e-06,35.12783,32.74806
2023-02-01 09:32:42,0.014033971,35.12566,32.7488
2023-02-01 09:32:47,-0.035767905,35.12348,32.74954
2023-02-01 09:32:52,0.020773988,35.1213,32.75028
2023-02-01 09:32:57,0.002823915,35.11912,32.75101
2023-02-01 09:33:02,-0.030988232,35.11695,32.75175
2023-02-01 09:33:07,-0.033072835,35.11477,32.75249
2023-02-01 09:33:12,0.001900951,35.11266,32.75471
2023-02-01 09:33:17,-0.026763302,35.11048,32.75545
2023-02-01 09:33:22,0.008092001,35.10831,32.75618
2023-02-01 09:33:27,-0.031538918,35.10614,32.75691
2023-02-01 09:33:32,-0.012597416,35.10396,32.75764
2023-02-01 09:33:37,0.000958474,35.10178,32.75837
2023-02-01 09:33:42,-0.012189657,35.09961,32.75909
2023-02-01 09:33:47,0.017057802,35.09743,32.75982
2023-02-01 09:33:52,0.041113382,35.09525,32.76055
2023-02-01 09:33:57,0.033138336,35.09307,32.76127
2023-02-01 09:34:02,0.019783437,35.0909,32.76199
2023-02-01 09:34:07,0.032838974,35.08872,32.76272
2023-02-01 09:34:12,0.003588256,35.08654,32.76344
2023-02-01 09:34:17,-0.004769691,35.08436,32.76416
2023-02-01 09:34:22,0.034986876,35.08218,32.76488
2023-02-01 09:34:27,0.042720015,35.07999,32.7656
2023-02-01 09:34:32,0.007771299,35.07781,32.76632
2023-02-01 09:34:37,0.004951217,35.07563,32.76703
2023-02-01 09:34:42,-0.00361943,35.07345,32.76775
2023-02-01 09:34:47,-0.001378628,35.07127,32.76846
2023-02-01 09:34:52,-0.004505049,35.06908,32.76918
2023-02-01 09:34:57,-0.034317055,35.0669,32.76989
2023-02-01 09:35:02,0.015785103,35.06472,32.7706
2023-02-01 09:35:07,0.055003785,35.06253,32.77131
2023-02-01 09:35:12,0.04641166,35.06035,32.77202
2023-02-01 09:35:17,0.037789005,35.05816,32.77273
2023-02-01 09:35:22,0.029137206,35.05597,32.77344
2023-02-01 09:35:27,0.015127758,35.05379,32.77415
2023-02-01 09:35:32,0.032881059,35.0516,32.77486
2023-02-01 09:35:37,-0.018298783,35.04941,32.77556
2023-02-01 09:35:42,0.020916144,35.04723,32.77626
2023-02-01 09:35:47,0.033268955,35.04504,32.77697
2023-02-01 09:35:52,0.024471773,35.04285,32.77767
2023-02-01 09:35:57,-0.000334378,35.04066,32.77837
2023-02-01 09:36:02,-0.003648471,35.03847,32.77907
2023-02-01 09:36:07,0.013960026,35.03628,32.77977
2023-02-01 09:36:12,0.020893744,35.03409,32.78047
2023-02-01 09:36:17,-0.035764284,35.0319,32.78117
2023-02-01 09:36:22,0.008643477,35.02971,32.78187
2023-02-01 09:36:27,0.058180161,35.02752,32.78256
2023-02-01 09:36:32,0.012149901,35.02532,32.78326
2023-02-01 09:36:37,-0.02874867,35.02313,32.78395
2023-02-01 09:36:42,-0.043004019,35.02094,32.78464
2023-02-01 09:36:47,0.027823881,35.01875,32.78534
2023-02-01 09:36:52,0.013369758,35.01655,32.78603
2023-02-01 09:36:57,-0.006035765,35.01436,32.78672
2023-02-01 09:37:02,0.001537433,35.01216,32.78741
2023-02-01 09:37:07,-0.034568332,35.00997,32.7881
2023-02-01 09:37:12,0.02559645,35.00777,32.78878
2023-02-01 09:37:17,0.048455387,35.00558,32.78947
2023-02-01 09:37:22,0.03953008,35.00338,32.79016
2023-02-01 09:37:27,0.004151822,35.00118,32.79084
2023-02-01 09:37:32,-0.100317097,34.99899,32.79152
2023-02-01 09:37:37,-0.018991396,34.99679,32.79221
2023-02-01 09:37:42,0.0305557,34.99459,32.79289
2023-02-01 09:37:47,0.032335855,34.99239,32.79357
2023-02-01 09:37:52,0.033938829,34.99019,32.79425
2023-02-01 09:37:57,-0.022692029,34.98799,32.79493
2023-02-01 09:38:02,-0.001602079,34.98579,32.79561
2023-02-01 09:38:07,-0.013697291,34.98359,32.79628
2023-02-01 09:38:12,-0.032967043,34.98139,32.79696
2023-02-01 09:38:17,0.021830773,34.97919,32.79764
2023-02-01 09:38:22,0.044860759,34.97699,32.79831
2023-02-01 09:38:27,-0.027454298,34.97479,32.79898
2023-02-01 09:38:32,-0.057486921,34.97259,32.79966
2023-02-01 09:38:37,0.024243254,34.97038,32.80033
2023-02-01 09:38:42,0.02624128,34.96818,32.801
2023-02-01 09:38:47,0.006947196,34.96598,32.80167
2023-02-01 09:38:52,-0.060287471,34.96377,32.80234
2023-02-01 09:38:57,-0.026223808,34.96157,32.80301
2023-02-01 09:39:02,0.039660183,34.95936,32.80367
2023-02-01 09:39:07,-0.027290712,34.95716,32.80434
2023-02-01 09:39:12,-0.035769425,34.95495,32.805
2023-02-01 09:39:17,0.0142252,34.95275,32.80567
2023-02-01 09:39:22,-0.020832697,34.95054,32.80633
2023-02-01 09:39:27,0.018574807,34.94834,32.80699
2023-02-01 09:39:32,0.031561121,34.94613,32.80766
2023-02-01 09:39:37,-0.045831766,34.94392,32.80832
2023-02-01 09:39:42,0.062791622,34.94171,32.80898
2023-02-01 09:39:47,-0.030319259,34.9395,32.80964
2023-02-01 09:39:52,0.019948832,34.9373,32.81029
2023-02-01 09:39:57,-0.046617184,34.93509,32.81095
2023-02-01 09:40:02,-0.006921303,34.93288,32.8116
2023-02-01 09:40:07,-0.004299141,34.93067,32.81226
2023-02-01 09:40:12,0.01435897,34.92846,32.81291
2023-02-01 09:40:17,0.022214074,34.92625,32.81357
2023-02-01 09:40:22,0.019647801,34.92404,32.81422
2023-02-01 09:40:27,-0.035978244,34.92183,32.81487
2023-02-01 09:40:32,-0.064904871,34.91962,32.81552
2023-02-01 09:40:37,0.022906484,34.9174,32.81617
2023-02-01 09:40:42,-0.032757532,34.91519,32.81682
2023-02-01 09:40:47,0.034028505,34.91298,32.81747
2023-02-01 09:40:52,-0.053318901,34.91076,32.81812
2023-02-01 09:40:57,0.024234331,34.90855,32.81876
2023-02-01 09:41:02,-0.041494341,34.90634,32.81941
2023-02-01 09:41:07,-0.006470079,34.90412,32.82005
2023-02-01 09:41:12,0.02328043,34.90135,32.81936
2023-02-01 09:41:17,0.021108478,34.89913,32.82
2023-02-01 09:41:22,-0.044393868,34.89691,32.82064
2023-02-01 09:41:27,0.033498736,34.89469,32.82129
2023-02-01 09:41:32,-0.04825689,34.89247,32.82193
2023-02-01 09:41:37,0.01909425,34.89025,32.82257
2023-02-01 09:41:42,0.017597127,34.88802,32.82321
2023-02-01 09:41:47,-0.058648412,34.8858,32.82384
2023-02-01 09:41:52,0.024874054,34.88358,32.82448
2023-02-01 09:41:57,-0.008609477,34.88136,32.82512
2023-02-01 09:42:02,0.032587764,34.87913,32.82576
2023-02-01 09:42:07,0.031208323,34.87691,32.82639
2023-02-01 09:42:12,0.024561818,34.87469,32.82702
2023-02-01 09:42:17,0.023118144,34.87246,32.82766
2023-02-01 09:42:22,0.032588464,34.87024,32.82829
2023-02-01 09:42:27,-0.03230578,34.86801,32.82892
2023-02-01 09:42:32,-0.028037076,34.86579,32.82955
2023-02-01 09:42:37,-0.00771394,34.86356,32.83018
2023-02-01 09:42:42,0.007153888,34.86133,32.83081
2023-02-01 09:42:47,-0.009702463,34.85911,32.83144
2023-02-01 09:42:52,0.01081601,34.85688,32.83206
2023-02-01 09:42:57,-0.005719118,34.85466,32.83269
2023-02-01 09:43:02,0.0200701,34.85243,32.83331
2023-02-01 09:43:07,-0.007183819,34.8502,32.83394
2023-02-01 09:43:12,-0.050361583,34.84797,32.83456
2023-02-01 09:43:17,0.039584067,34.84574,32.83518
2023-02-01 09:43:22,0.023187766,34.84351,32.8358
2023-02-01 09:43:27,0.017517216,34.84129,32.83642
2023-02-01 09:43:32,0.022572493,34.83906,32.83704
2023-02-01 09:43:37,-0.036075058,34.83683,32.83766
2023-02-01 09:43:42,-0.015088821,34.8346,32.83828
2023-02-01 09:43:47,0.027282792,34.83237,32.8389
2023-02-01 09:43:52,-0.057627061,34.83014,32.83951
2023-02-01 09:43:57,0.006195148,34.8279,32.84013
2023-02-01 09:44:02,-0.001834984,34.82567,32.84074
2023-02-01 09:44:07,-0.009492285,34.82344,32.84136
2023-02-01 09:44:12,-0.110322118,34.82121,32.84197
2023-02-01 09:44:17,-0.008931372,34.81898,32.84258
2023-02-01 09:44:22,0.028754733,34.81674,32.84319
2023-02-01 09:44:27,-0.002784355,34.81451,32.8438
2023-02-01 09:44:32,-0.034260013,34.81228,32.84441
2023-02-01 09:44:37,0.046064948,34.81005,32.84502
2023-02-01 09:44:42,0.025374488,34.80781,32.84562
2023-02-01 09:44:47,0.036725439,34.80558,32.84623
2023-02-01 09:44:52,0.010828602,34.80334,32.84684
2023-02-01 09:44:57,0.006312348,34.80111,32.84744
2023-02-01 09:45:02,0.023176118,34.79887,32.84804
2023-02-01 09:45:07,0.013450324,34.79664,32.84865
2023-02-01 09:45:12,0.03043315,34.7944,32.84925
2023-02-01 09:45:17,-0.021814354,34.79216,32.84985
2023-02-01 09:45:22,0.011274839,34.78993,32.85045
2023-02-01 09:45:27,-0.02486778,34.78769,32.85105
2023-02-01 09:45:32,-0.012984743,34.78546,32.85165
2023-02-01 09:45:37,-0.075474416,34.78322,32.85225
2023-02-01 09:45:42,-0.010371991,34.78098,32.85284
2023-02-01 09:45:47,-0.030303688,34.77874,32.85344
2023-02-01 09:45:52,0.029576141,34.7765,32.85403
2023-02-01 09:45:57,0.031260019,34.77427,32.85463
2023-02-01 09:46:02,0.01681524,34.77203,32.85522
2023-02-01 09:46:07,-0.00309933,34.76979,32.85581
2023-02-01 09:46:12,-0.001263954,34.76755,32.8564
2023-02-01 09:46:17,-0.005090719,34.76531,32.857
2023-02-01 09:46:22,-0.024478943,34.76307,32.85758
2023-02-01 09:46:27,0.041077332,34.76083,32.85817
2023-02-01 09:46:32,0.026920537,34.75859,32.85876
2023-02-01 09:46:37,0.049927275,34.75635,32.85935
2023-02-01 09:46:42,0.025388625,34.75411,32.85994
2023-02-01 09:46:47,0.032681141,34.75186,32.86052
2023-02-01 09:46:52,0.013174649,34.74962,32.8611
2023-02-01 09:46:57,0.068517054,34.74738,32.86169
2023-02-01 09:47:02,0.049279033,34.74514,32.86227
2023-02-01 09:47:07,0.003619041,34.7429,32.86285
2023-02-01 09:47:12,-0.036865389,34.74065,32.86344
2023-02-01 09:47:17,0.045082549,34.73841,32.86402
2023-02-01 09:47:22,-0.000473359,34.73617,32.86459
2023-02-01 09:47:27,-0.024868048,34.73392,32.86517
2023-02-01 09:47:32,0.025196422,34.73168,32.86575
2023-02-01 09:47:37,-0.020267627,34.72944,32.86633
2023-02-01 09:47:42,-0.001935096,34.72719,32.8669
2023-02-01 09:47:47,0.000434097,34.72495,32.86748
2023-02-01 09:47:52,0.002828411,34.7227,32.86805
2023-02-01 09:47:57,0.005055788,34.72046,32.86863
2023-02-01 09:48:02,0.004094353,34.71821,32.8692
2023-02-01 09:48:07,-0.000513391,34.71597,32.86977
2023-02-01 09:48:12,-0.008693653,34.71372,32.87034
2023-02-01 09:48:17,-0.032846062,34.71147,32.87091
2023-02-01 09:48:22,-0.003873762,34.70923,32.87148
2023-02-01 09:48:27,0.025303389,34.70698,32.87205
2023-02-01 09:48:32,-0.014795484,34.70473,32.87262
2023-02-01 09:48:37,-0.006913767,34.70249,32.87318
2023-02-01 09:48:42,0.000977438,34.70024,32.87375
2023-02-01 09:48:47,0.035336118,34.69799,32.87432
2023-02-01 09:48:52,0.048571848,34.69574,32.87488
2023-02-01 09:48:57,-0.012616009,34.6935,32.87544
2023-02-01 09:49:02,0.003147401,34.69125,32.876
2023-02-01 09:49:07,-0.002116679,34.689,32.87657
2023-02-01 09:49:12,-0.020851114,34.68675,32.87713
2023-02-01 09:49:17,0.040171121,34.6845,32.87769
2023-02-01 09:49:22,-0.031677454,34.68225,32.87825
2023-02-01 09:49:27,-0.034432627,34.68,32.8788
2023-02-01 09:49:32,0.069022906,34.67775,32.87936
2023-02-01 09:49:37,0.002483648,34.6755,32.87992
2023-02-01 09:49:42,-0.021426606,34.67325,32.88047
2023-02-01 09:49:47,-0.019079963,34.671,32.88103
2023-02-01 09:49:52,-0.000567034,34.66875,32.88158
2023-02-01 09:49:57,-0.104276831,34.66429,32.87976
2023-02-01 09:50:02,-0.000898467,34.66203,32.88032
2023-02-01 09:50:07,-0.003566159,34.65977,32.88087
2023-02-01 09:50:12,0.051993882,34.6575,32.88143
2023-02-01 09:50:17,-0.03085586,34.65524,32.88198
2023-02-01 09:50:22,-0.017790994,34.65298,32.88253
2023-02-01 09:50:27,0.037887471,34.65072,32.88308
2023-02-01 09:50:32,0.045378929,34.64845,32.88363
2023-02-01 09:50:37,-0.010737121,34.64619,32.88418
2023-02-01 09:50:42,-0.024244473,34.64393,32.88473
2023-02-01 09:50:47,0.036453682,34.64166,32.88528
2023-02-01 09:50:52,0.006699461,34.6394,32.88582
2023-02-01 09:50:57,-0.044219812,34.63713,32.88637
2023-02-01 09:51:02,0.037500096,34.63487,32.88692
2023-02-01 09:51:07,0.002493728,34.6326,32.88746
2023-02-01 09:51:12,-0.011614366,34.63034,32.888
2023-02-01 09:51:17,0.043714279,34.62807,32.88855
2023-02-01 09:51:22,0.013720135,34.62581,32.88909
2023-02-01 09:51:27,-0.00546951,34.62354,32.88963
2023-02-01 09:51:32,0.007082643,34.62128,32.89017
2023-02-01 09:51:37,0.014065709,34.61901,32.89071
2023-02-01 09:51:42,0.037178416,34.61674,32.89125
2023-02-01 09:51:47,-0.046168891,34.61448,32.89179
2023-02-01 09:51:52,0.045746449,34.61221,32.89232
2023-02-01 09:51:57,0.042239214,34.60994,32.89286
2023-02-01 09:52:02,0.022495401,34.60768,32.8934
2023-02-01 09:52:07,0.045332823,34.60541,32.89393
2023-02-01 09:52:12,-0.038297283,34.60314,32.89446
2023-02-01 09:52:17,0.026678237,34.60087,32.895
2023-02-01 09:52:22,-0.04622504,34.5986,32.89553
2023-02-01 09:52:27,0.018814583,34.59634,32.89606
2023-02-01 09:52:32,0.046479728,34.59407,32.89659
2023-02-01 09:52:37,-0.010819662,34.5918,32.89712
2023-02-01 09:52:42,-0.015078116,34.58953,32.89765
2023-02-01 09:52:47,-0.008745943,34.58726,32.89818
2023-02-01 09:52:52,-0.034463723,34.58499,32.8987
2023-02-01 09:52:57,-0.023134111,34.58272,32.89923
2023-02-01 09:53:02,0.036282166,34.58045,32.89976
2023-02-01 09:53:07,-0.069412693,34.57818,32.90028
2023-02-01 09:53:12,-0.020805759,34.57592,32.9008
2023-02-01 09:53:17,0.038194326,34.57364,32.90133
2023-02-01 09:53:22,-0.035940753,34.57137,32.90185
2023-02-01 09:53:27,0.033753223,34.5691,32.90237
2023-02-01 09:53:32,-0.045870099,34.56683,32.90289
2023-02-01 09:53:37,-0.02411544,34.56456,32.90341
2023-02-01 09:53:42,0.018496512,34.56229,32.90393
2023-02-01 09:53:47,0.0025871,34.56002,32.90445
2023-02-01 09:53:52,-0.024065798,34.55775,32.90497
2023-02-01 09:53:57,-0.045473173,34.55548,32.90548
2023-02-01 09:54:02,-0.00319728,34.5532,32.906
2023-02-01 09:54:07,0.02852296,34.55093,32.90652
2023-02-01 09:54:12,-0.03559194,34.54866,32.90703
2023-02-01 09:54:17,-0.004236631,34.54639,32.90754
2023-02-01 09:54:22,-0.004568628,34.54412,32.90806
2023-02-01 09:54:27,0.010619489,34.54184,32.90857
2023-02-01 09:54:32,0.004588478,34.53957,32.90908
2023-02-01 09:54:37,-0.001532866,34.5373,32.90959
2023-02-01 09:54:42,-0.007745115,34.53502,32.9101
2023-02-01 09:54:47,-0.030038597,34.53275,32.91061
2023-02-01 09:54:52,0.016674591,34.53048,32.91112
2023-02-01 09:54:57,-0.048252105,34.5282,32.91163
2023-02-01 09:55:02,-0.012193605,34.52593,32.91213
2023-02-01 09:55:07,0.007782013,34.52366,32.91264
2023-02-01 09:55:12,-0.009645293,34.51852,32.91093
2023-02-01 09:55:17,-0.043156226,34.51623,32.91144
2023-02-01 09:55:22,0.01365705,34.51395,32.91194
2023-02-01 09:55:27,-0.01471239,34.51166,32.91245
2023-02-01 09:55:32,0.015452766,34.50938,32.91295
2023-02-01 09:55:37,0.024013272,34.50709,32.91345
2023-02-01 09:55:42,-0.004449682,34.50481,32.91396
2023-02-01 09:55:47,-0.059847467,34.50252,32.91446
2023-02-01 09:55:52,-0.008741712,34.50024,32.91496
2023-02-01 09:55:57,-0.027210111,34.49795,32.91546
2023-02-01 09:56:02,0.023515583,34.49566,32.91596
2023-02-01 09:56:07,-0.048060647,34.49338,32.91646
2023-02-01 09:56:12,-0.007993776,34.49109,32.91696
2023-02-01 09:56:17,-0.015990645,34.4888,32.91745
2023-02-01 09:56:22,-0.008091853,34.48652,32.91795
2023-02-01 09:56:27,-0.021606764,34.48423,32.91845
2023-02-01 09:56:32,0.033883096,34.48194,32.91894
2023-02-01 09:56:37,-0.00113866,34.47966,32.91944
2023-02-01 09:56:42,-0.046722885,34.47737,32.91993
2023-02-01 09:56:47,-0.002171993,34.47508,32.92042
2023-02-01 09:56:52,-0.010822161,34.47279,32.92091
2023-02-01 09:56:57,0.022884866,34.47051,32.9214
2023-02-01 09:57:02,-0.039057218,34.46822,32.9219
2023-02-01 09:57:07,-0.031991585,34.46593,32.92238
2023-02-01 09:57:12,0.012293327,34.46364,32.92287
2023-02-01 09:57:17,-0.023650484,34.46135,32.92336
2023-02-01 09:57:22,0.025785612,34.45907,32.92385
2023-02-01 09:57:27,0.032303778,34.45678,32.92434
2023-02-01 09:57:32,0.007135511,34.45449,32.92482
2023-02-01 09:57:37,-0.002510561,34.4522,32.92531
2023-02-01 09:57:42,-0.011862179,34.44991,32.92579
2023-02-01 09:57:47,-0.032149251,34.44762,32.92627
2023-02-01 09:57:52,-0.010071856,34.44533,32.92676
2023-02-01 09:57:57,0.006591855,34.44304,32.92724
2023-02-01 09:58:02,-0.008426037,34.44076,32.92772
2023-02-01 09:58:07,-0.034376026,34.43846,32.9282
2023-02-01 09:58:12,-0.049746975,34.43618,32.92868
2023-02-01 09:58:17,-0.006759422,34.43389,32.92916
2023-02-01 09:58:22,-0.02228948,34.4316,32.92964
2023-02-01 09:58:27,-0.011247934,34.42931,32.93012
2023-02-01 09:58:32,0.005046554,34.42702,32.93059
2023-02-01 09:58:37,-0.005384454,34.42473,32.93107
2023-02-01 09:58:42,-0.037209974,34.42244,32.93154
2023-02-01 09:58:47,-0.037129698,34.42014,32.93202
2023-02-01 09:58:52,0.015986902,34.41786,32.93249
2023-02-01 09:58:57,0.031912975,34.41556,32.93297
2023-02-01 09:59:02,-0.042649509,34.41327,32.93344
2023-02-01 09:59:07,-0.032382965,34.40763,32.9318
2023-02-01 09:59:12,-0.037793486,34.40532,32.93227
2023-02-01 09:59:17,-0.01700175,34.40302,32.93275
2023-02-01 09:59:22,-0.01740462,34.40072,32.93322
2023-02-01 09:59:27,0.008587558,34.39842,32.93369
2023-02-01 09:59:32,-0.007932248,34.39612,32.93416
2023-02-01 09:59:37,-0.029843458,34.39381,32.93463
2023-02-01 09:59:42,-0.019835479,34.39151,32.9351
2023-02-01 09:59:47,0.043222295,34.38921,32.93557
2023-02-01 09:59:52,-0.010655122,34.38691,32.93603
2023-02-01 09:59:57,0.009649295,34.38461,32.9365
2023-02-01 10:00:02,0.040748679,34.3823,32.93696
2023-02-01 10:00:07,-0.008154229,34.38,32.93743
2023-02-01 10:00:12,-0.035789782,34.3777,32.93789
2023-02-01 10:00:17,0.005812574,34.3754,32.93836
2023-02-01 10:00:22,0.031185096,34.37309,32.93882
2023-02-01 10:00:27,0.051179448,34.37079,32.93928
2023-02-01 10:00:32,0.012878692,34.36849,32.93974
2023-02-01 10:00:37,-0.014998302,34.36618,32.9402
2023-02-01 10:00:42,0.026179032,34.36388,32.94066
2023-02-01 10:00:47,-0.006924337,34.36158,32.94112
2023-02-01 10:00:52,0.028838958,34.35928,32.94158
2023-02-01 10:00:57,0.022113183,34.35697,32.94204
2023-02-01 10:01:02,0.041807903,34.35467,32.94249
2023-02-01 10:01:07,0.056325776,34.35237,32.94295
2023-02-01 10:01:12,0.00703906,34.35006,32.94341
2023-02-01 10:01:17,0.042615605,34.34776,32.94386
2023-02-01 10:01:22,-0.033388743,34.34546,32.94431
2023-02-01 10:01:27,-0.029666647,34.34315,32.94477
2023-02-01 10:01:32,0.037793526,34.34085,32.94522
2023-02-01 10:01:37,-0.011843402,34.33854,32.94567
2023-02-01 10:01:42,-0.002879217,34.33624,32.94612
2023-02-01 10:01:47,0.011197786,34.33394,32.94657
2023-02-01 10:01:52,-0.033189301,34.33163,32.94702
2023-02-01 10:01:57,0.044797207,34.32933,32.94747
2023-02-01 10:02:02,0.01458488,34.32702,32.94792
2023-02-01 10:02:07,-0.049231924,34.32472,32.94837
2023-02-01 10:02:12,0.044489241,34.32242,32.94881
2023-02-01 10:02:17,0.010844406,34.32011,32.94926
2023-02-01 10:02:22,-0.017678711,34.31404,32.94768
2023-02-01 10:02:27,0.04952959,34.31172,32.94813
2023-02-01 10:02:32,0.026304098,34.30941,32.94858
2023-02-01 10:02:37,-0.002265618,34.30709,32.94902
2023-02-01 10:02:42,-0.004008503,34.30478,32.94947
2023-02-01 10:02:47,-0.000814121,34.30246,32.94991
2023-02-01 10:02:52,-0.008100353,34.30015,32.95035
2023-02-01 10:02:57,0.032382704,34.29783,32.9508
2023-02-01 10:03:02,0.01726243,34.29552,32.95124
2023-02-01 10:03:07,0.012435791,34.2932,32.95168
2023-02-01 10:03:12,0.036906031,34.29089,32.95212
2023-02-01 10:03:17,-0.002207725,34.28857,32.95256
2023-02-01 10:03:22,0.048901928,34.28625,32.953
2023-02-01 10:03:27,0.046899075,34.28394,32.95344
2023-02-01 10:03:32,0.066022981,34.28162,32.95387
2023-02-01 10:03:37,0.005577089,34.27931,32.95431
2023-02-01 10:03:42,-0.022890079,34.27699,32.95475
2023-02-01 10:03:47,-0.00928892,34.27468,32.95518
2023-02-01 10:03:52,0.052472945,34.27236,32.95562
2023-02-01 10:03:57,0.002689075,34.27005,32.95605
2023-02-01 10:04:02,0.016676606,34.26773,32.95648
2023-02-01 10:04:07,0.062456754,34.26541,32.95692
2023-02-01 10:04:12,0.044472612,34.2631,32.95735
2023-02-01 10:04:17,-0.031945149,34.26078,32.95778
2023-02-01 10:04:22,-0.049918379,34.25847,32.95821
2023-02-01 10:04:27,0.05432225,34.25615,32.95864
2023-02-01 10:04:32,0.020373143,34.25383,32.95907
2023-02-01 10:04:37,-0.013377717,34.25152,32.9595
2023-02-01 10:04:42,-0.004671067,34.2492,32.95992
2023-02-01 10:04:47,0.014704733,34.24688,32.96035
2023-02-01 10:04:52,-0.008548899,34.24457,32.96078
2023-02-01 10:04:57,0.042446034,34.24225,32.9612
2023-02-01 10:05:02,0.008744408,34.23994,32.96163
2023-02-01 10:05:07,-0.014476222,34.23762,32.96205
2023-02-01 10:05:12,-0.011035025,34.23118,32.96052
2023-02-01 10:05:17,0.013548014,34.22885,32.96095
2023-02-01 10:05:22,0.032814386,34.22653,32.96137
2023-02-01 10:05:27,-0.016813938,34.2242,32.9618
2023-02-01 10:05:32,-0.007989407,34.22187,32.96222
2023-02-01 10:05:37,0.021978912,34.21955,32.96264
2023-02-01 10:05:42,0.051962028,34.21722,32.96306
2023-02-01 10:05:47,0.034372036,34.21489,32.96348
2023-02-01 10:05:52,0.016607208,34.21257,32.9639
2023-02-01 10:05:57,0.025508099,34.21024,32.96432
2023-02-01 10:06:02,0.002445845,34.20791,32.96474
2023-02-01 10:06:07,-0.057909235,34.20559,32.96516
2023-02-01 10:06:12,-0.033158941,34.20326,32.96558
2023-02-01 10:06:17,0.05042801,34.20093,32.966
2023-02-01 10:06:22,0.016583984,34.1986,32.96641
2023-02-01 10:06:27,0.025587331,34.19628,32.96683
2023-02-01 10:06:32,0.002819685,34.19395,32.96724
2023-02-01 10:06:37,0.022328763,34.19162,32.96766
2023-02-01 10:06:42,0.020726968,34.1893,32.96807
2023-02-01 10:06:47,0.045603086,34.18697,32.96848
2023-02-01 10:06:52,-0.03571961,34.18464,32.9689
2023-02-01 10:06:57,0.02117364,34.18232,32.96931
2023-02-01 10:07:02,-0.006336321,34.17999,32.96972
2023-02-01 10:07:07,-0.045628462,34.17766,32.97013
2023-02-01 10:07:12,0.043111636,34.17534,32.97054
2023-02-01 10:07:17,-0.027264821,34.17301,32.97095
2023-02-01 10:07:22,-0.10333244,34.17068,32.97136
2023-02-01 10:07:27,-0.04099294,34.16836,32.97176
2023-02-01 10:07:32,-0.010422949,34.16603,32.97217
2023-02-01 10:07:37,-0.01733291,34.1637,32.97258
2023-02-01 10:07:42,-0.034692672,34.16138,32.97298
2023-02-01 10:07:47,-0.062501899,34.1546,32.97149
2023-02-01 10:07:52,0.005076039,34.15226,32.9719
2023-02-01 10:07:57,-0.006703839,34.14993,32.9723
2023-02-01 10:08:02,-0.039973824,34.14759,32.97271
2023-02-01 10:08:07,0.038323684,34.14525,32.97312
2023-02-01 10:08:12,0.021083278,34.14292,32.97352
2023-02-01 10:08:17,-0.054385658,34.14058,32.97392
2023-02-01 10:08:22,-0.044936748,34.13824,32.97432
2023-02-01 10:08:27,-0.019668725,34.1359,32.97472
2023-02-01 10:08:32,0.016279073,34.13357,32.97513
2023-02-01 10:08:37,-0.032841901,34.13123,32.97553
2023-02-01 10:08:42,-0.060433101,34.12889,32.97593
2023-02-01 10:08:47,0.039342315,34.12656,32.97633
2023-02-01 10:08:52,-0.057498623,34.12422,32.97672
2023-02-01 10:08:57,-0.015932684,34.12188,32.97712
2023-02-01 10:09:02,-0.01530705,34.11955,32.97752
2023-02-01 10:09:07,0.029757695,34.11721,32.97792
2023-02-01 10:09:12,-0.056536339,34.11487,32.97831
2023-02-01 10:09:17,-0.04687285,34.11254,32.97871
2023-02-01 10:09:22,0.015918562,34.1102,32.9791
2023-02-01 10:09:27,-0.027488711,34.10786,32.9795
2023-02-01 10:09:32,0.014020618,34.10553,32.97989
2023-02-01 10:09:37,-0.045338868,34.10319,32.98028
2023-02-01 10:09:42,-0.046431492,34.10085,32.98067
2023-02-01 10:09:47,0.000463517,34.09852,32.98106
2023-02-01 10:09:52,0.026247527,34.09618,32.98145
2023-02-01 10:09:57,-0.027899,34.09384,32.98184
2023-02-01 10:10:02,0.003251093,34.09151,32.98224
2023-02-01 10:10:07,-0.034869843,34.08443,32.98078
2023-02-01 10:10:12,0.04409484,34.08208,32.98117
2023-02-01 10:10:17,0.016668984,34.07974,32.98156
2023-02-01 10:10:22,0.010580225,34.07739,32.98195
2023-02-01 10:10:27,-0.043270104,34.07504,32.98234
2023-02-01 10:10:32,0.019773923,34.0727,32.98273
2023-02-01 10:10:37,-0.044702372,34.07035,32.98311
2023-02-01 10:10:42,-0.045393373,34.068,32.9835
2023-02-01 10:10:47,0.049490031,34.06566,32.98388
2023-02-01 10:10:52,0.011712746,34.06331,32.98427
2023-02-01 10:10:57,-0.015578929,34.06097,32.98465
2023-02-01 10:11:02,-0.042854598,34.05862,32.98504
2023-02-01 10:11:07,0.025443125,34.05628,32.98542
2023-02-01 10:11:12,0.008858525,34.05393,32.9858
2023-02-01 10:11:17,0.013608678,34.05158,32.98619
2023-02-01 10:11:22,0.007714055,34.04924,32.98657
2023-02-01 10:11:27,-0.003305281,34.04689,32.98695
2023-02-01 10:11:32,0.027948429,34.04455,32.98733
2023-02-01 10:11:37,0.000777836,34.0422,32.98771
2023-02-01 10:11:42,-0.052838015,34.03986,32.98809
2023-02-01 10:11:47,-0.090640687,34.03751,32.98846
2023-02-01 10:11:52,-0.027351749,34.03516,32.98884
2023-02-01 10:11:57,0.019960622,34.03282,32.98922
2023-02-01 10:12:02,0.002601343,34.03047,32.9896
2023-02-01 10:12:07,0.019066222,34.02813,32.98997
2023-02-01 10:12:12,0.00264796,34.02578,32.99035
2023-02-01 10:12:17,-0.02974805,34.01842,32.98893
2023-02-01 10:12:22,-0.035482723,34.01607,32.9893
2023-02-01 10:12:27,0.043882318,34.01371,32.98968
2023-02-01 10:12:32,0.02751034,34.01136,32.99005
2023-02-01 10:12:37,0.026948504,34.009,32.99043
2023-02-01 10:12:42,-0.010531639,34.00665,32.9908
2023-02-01 10:12:47,-0.016212648,34.00429,32.99117
2023-02-01 10:12:52,0.025894912,34.00194,32.99154
2023-02-01 10:12:57,0.046882463,33.99959,32.99192
2023-02-01 10:13:02,0.046368922,33.99723,32.99229
2023-02-01 10:13:07,0.030064493,33.99488,32.99266
2023-02-01 10:13:12,-0.028680829,33.99252,32.99303
2023-02-01 10:13:17,0.045448743,33.99017,32.9934
2023-02-01 10:13:22,-0.008142115,33.98781,32.99377
2023-02-01 10:13:27,0.023552663,33.98546,32.99413
2023-02-01 10:13:32,0.028604233,33.9831,32.9945
2023-02-01 10:13:37,0.017481542,33.98075,32.99487
2023-02-01 10:13:42,0.022544525,33.9784,32.99523
2023-02-01 10:13:47,0.000962809,33.97604,32.9956
2023-02-01 10:13:52,-0.015093992,33.97369,32.99596
2023-02-01 10:13:57,0.011111728,33.97134,32.99633
2023-02-01 10:14:02,0.000201963,33.96898,32.99669
2023-02-01 10:14:07,-0.047823802,33.96663,32.99706
2023-02-01 10:14:12,0.010370406,33.96428,32.99742
2023-02-01 10:14:17,0.052576851,33.95666,32.99603
2023-02-01 10:14:22,-0.048742315,33.9543,32.99639
2023-02-01 10:14:27,0.051905051,33.95193,32.99675
2023-02-01 10:14:32,-0.00144372,33.94957,32.99711
2023-02-01 10:14:37,0.051424695,33.94721,32.99748
2023-02-01 10:14:42,-0.017915195,33.94484,32.99784
2023-02-01 10:14:47,0.024291113,33.94248,32.9982
2023-02-01 10:14:52,-0.029062591,33.94012,32.99856
2023-02-01 10:14:57,0.023798673,33.93776,32.99891
2023-02-01 10:15:02,0.055336775,33.93539,32.99927
2023-02-01 10:15:07,-0.035336425,33.93303,32.99963
2023-02-01 10:15:12,0.017512825,33.93067,32.99999
2023-02-01 10:15:17,-0.020061536,33.92831,33.00035
2023-02-01 10:15:22,-0.041461776,33.92594,33.0007
2023-02-01 10:15:27,0.027359226,33.92358,33.00106
2023-02-01 10:15:32,0.021554082,33.92122,33.00141
2023-02-01 10:15:37,-0.042507605,33.91886,33.00177
2023-02-01 10:15:42,0.036949159,33.9165,33.00212
2023-02-01 10:15:47,0.057767259,33.91414,33.00248
2023-02-01 10:15:52,0.052116071,33.91178,33.00283
2023-02-01 10:15:57,0.035794063,33.90942,33.00318
2023-02-01 10:16:02,0.003660895,33.90706,33.00353
2023-02-01 10:16:07,-0.033814483,33.8992,33.00217
2023-02-01 10:16:12,-0.039513925,33.89683,33.00252
2023-02-01 10:16:17,0.050330503,33.89446,33.00287
2023-02-01 10:16:22,-0.003176468,33.89209,33.00322
2023-02-01 10:16:27,0.022869181,33.88972,33.00357
2023-02-01 10:16:32,0.006449568,33.88735,33.00392
2023-02-01 10:16:37,-0.047106202,33.88497,33.00427
2023-02-01 10:16:42,0.042656876,33.8826,33.00462
2023-02-01 10:16:47,-0.000275503,33.88024,33.00497
2023-02-01 10:16:52,-0.054077649,33.87786,33.00532
2023-02-01 10:16:57,-0.012151877,33.8755,33.00566
2023-02-01 10:17:02,0.002694393,33.87313,33.00601
2023-02-01 10:17:07,-0.034582064,33.87076,33.00636
2023-02-01 10:17:12,-0.013851377,33.86839,33.0067
2023-02-01 10:17:17,-0.02512368,33.86602,33.00705
2023-02-01 10:17:22,-0.00463141,33.86365,33.00739
2023-02-01 10:17:27,-0.010433209,33.86128,33.00774
2023-02-01 10:17:32,0.03665728,33.85891,33.00808
2023-02-01 10:17:37,-0.001367491,33.85654,33.00842
2023-02-01 10:17:42,0.013688729,33.85418,33.00876
2023-02-01 10:17:47,-0.002882412,33.85181,33.00911
2023-02-01 10:17:52,-0.003874068,33.84944,33.00945
2023-02-01 10:17:57,-0.078943993,33.84135,33.0081
2023-02-01 10:18:02,0.015750955,33.83897,33.00845
2023-02-01 10:18:07,0.04664512,33.83659,33.00879
2023-02-01 10:18:12,-0.007391655,33.83421,33.00913
2023-02-01 10:18:17,0.002306371,33.83184,33.00947
2023-02-01 10:18:22,0.02243934,33.82946,33.00981
2023-02-01 10:18:27,-0.047691202,33.82708,33.01015
2023-02-01 10:18:32,0.062788087,33.8247,33.01049
2023-02-01 10:18:37,-0.023405647,33.82233,33.01082
2023-02-01 10:18:42,0.012569843,33.81995,33.01116
2023-02-01 10:18:47,0.000917807,33.81757,33.0115
2023-02-01 10:18:52,0.026154697,33.8152,33.01184
2023-02-01 10:18:57,0.030031468,33.81282,33.01217
2023-02-01 10:19:02,0.023397177,33.81045,33.01251
2023-02-01 10:19:07,0.048700086,33.80807,33.01284
2023-02-01 10:19:12,0.036650461,33.80569,33.01318
2023-02-01 10:19:17,0.024556872,33.80332,33.01351
2023-02-01 10:19:22,-0.035360408,33.80094,33.01384
2023-02-01 10:19:27,0.053343303,33.79857,33.01418
2023-02-01 10:19:32,0.019983589,33.79619,33.01451
2023-02-01 10:19:37,-0.013613759,33.78789,33.01319
2023-02-01 10:19:42,-0.047068743,33.7855,33.01352
2023-02-01 10:19:47,-0.027654059,33.78312,33.01385
2023-02-01 10:19:52,-0.029608795,33.78073,33.01418
2023-02-01 10:19:57,0.048334965,33.77835,33.01452
2023-02-01 10:20:02,-0.017299551,33.77596,33.01485
2023-02-01 10:20:07,-0.01388751,33.77358,33.01518
2023-02-01 10:20:12,-0.058497368,33.7712,33.01551
2023-02-01 10:20:17,-0.044531575,33.76881,33.01584
2023-02-01 10:20:22,0.048948031,33.76643,33.01616
2023-02-01 10:20:27,0.030825218,33.76405,33.01649
2023-02-01 10:20:32,-0.056261432,33.76166,33.01682
2023-02-01 10:20:37,0.036860869,33.75928,33.01715
2023-02-01 10:20:42,-0.060998978,33.7569,33.01747
2023-02-01 10:20:47,0.027059338,33.75452,33.0178
2023-02-01 10:20:52,-0.097566262,33.75213,33.01812
2023-02-01 10:20:57,-0.041795244,33.74975,33.01845
2023-02-01 10:21:02,-0.028342563,33.74737,33.01878
2023-02-01 10:21:07,-0.025610163,33.74499,33.0191
2023-02-01 10:21:12,0.040639625,33.73648,33.0178
2023-02-01 10:21:17,-0.009859419,33.73409,33.01812
2023-02-01 10:21:22,-0.0339614,33.7317,33.01845
2023-02-01 10:21:27,0.032291987,33.7293,33.01877
2023-02-01 10:21:32,-0.002596138,33.72691,33.01909
2023-02-01 10:21:37,0.005091157,33.72452,33.01942
2023-02-01 10:21:42,-0.035255382,33.72213,33.01974
2023-02-01 10:21:47,-0.017037895,33.71974,33.02006
2023-02-01 10:21:52,0.043562991,33.71735,33.02038
2023-02-01 10:21:57,0.029478864,33.71496,33.0207
2023-02-01 10:22:02,-0.021410176,33.71257,33.02102
2023-02-01 10:22:07,-0.030298012,33.71018,33.02134
2023-02-01 10:22:12,0.035365386,33.70779,33.02166
2023-02-01 10:22:17,-0.015916739,33.70541,33.02198
2023-02-01 10:22:22,0.044089875,33.70302,33.0223
2023-02-01 10:22:27,-0.081758,33.70063,33.02261
2023-02-01 10:22:32,-0.021699173,33.69824,33.02293
2023-02-01 10:22:37,-0.009679342,33.69585,33.02325
2023-02-01 10:22:42,-0.071967685,33.69347,33.02356
2023-02-01 10:22:47,0.003870731,33.68475,33.02228
2023-02-01 10:22:52,0.005209755,33.68236,33.0226
2023-02-01 10:22:57,-0.004182146,33.67996,33.02292
2023-02-01 10:23:02,-0.004513991,33.67756,33.02323
2023-02-01 10:23:07,0.008608514,33.67516,33.02355
2023-02-01 10:23:12,0.004331383,33.67277,33.02386
2023-02-01 10:23:17,-0.026477358,33.67037,33.02418
2023-02-01 10:23:22,0.032678835,33.66798,33.02449
2023-02-01 10:23:27,0.03351392,33.66558,33.0248
2023-02-01 10:23:32,-0.035013028,33.66318,33.02512
2023-02-01 10:23:37,0.040104281,33.66079,33.02543
2023-02-01 10:23:42,-0.001729448,33.65839,33.02574
2023-02-01 10:23:47,-0.001378091,33.656,33.02605
2023-02-01 10:23:52,0.009749688,33.6536,33.02636
2023-02-01 10:23:57,-0.000516158,33.65121,33.02667
2023-02-01 10:24:02,0.008072642,33.64882,33.02699
2023-02-01 10:24:07,0.047828471,33.64642,33.02729
2023-02-01 10:24:12,0.010690531,33.63753,33.02603
2023-02-01 10:24:17,0.047906738,33.63512,33.02634
2023-02-01 10:24:22,0.037269725,33.63272,33.02665
2023-02-01 10:24:27,-0.02122076,33.63032,33.02696
2023-02-01 10:24:32,0.026431948,33.62791,33.02727
2023-02-01 10:24:37,-0.021547772,33.62551,33.02758
2023-02-01 10:24:42,-0.000884124,33.62311,33.02788
2023-02-01 10:24:47,-0.001043597,33.62071,33.02819
2023-02-01 10:24:52,0.009001537,33.6183,33.0285
2023-02-01 10:24:57,0.040482321,33.6159,33.0288
2023-02-01 10:25:02,-0.024049887,33.6135,33.02911
2023-02-01 10:25:07,0.044401288,33.6111,33.02942
2023-02-01 10:25:12,0.006370136,33.6087,33.02972
2023-02-01 10:25:17,0.026893964,33.6063,33.03003
2023-02-01 10:25:22,0.036493591,33.6039,33.03033
2023-02-01 10:25:27,0.014230257,33.6015,33.03063
2023-02-01 10:25:32,0.023872712,33.5991,33.03094
2023-02-01 10:25:37,-0.014337274,33.59002,33.02969
2023-02-01 10:25:42,-0.021021819,33.58761,33.03
2023-02-01 10:25:47,-0.022259322,33.5852,33.0303
2023-02-01 10:25:52,0.008219431,33.58279,33.0306
2023-02-01 10:25:57,-0.051602431,33.58039,33.0309
2023-02-01 10:26:02,-0.037258563,33.57798,33.03121
2023-02-01 10:26:07,0.008992497,33.57557,33.03151
2023-02-01 10:26:12,-0.008596977,33.57316,33.03181
2023-02-01 10:26:17,0.032180606,33.57075,33.03211
2023-02-01 10:26:22,0.009118251,33.56835,33.03241
2023-02-01 10:26:27,-0.04047432,33.56594,33.03271
2023-02-01 10:26:32,-0.042358773,33.56353,33.03301
2023-02-01 10:26:37,-0.086952858,33.56113,33.03331
2023-02-01 10:26:42,0.02789989,33.55872,33.03361
2023-02-01 10:26:47,-0.01150375,33.55632,33.0339
2023-02-01 10:26:52,0.002322516,33.55391,33.0342
2023-02-01 10:26:57,0.058338594,33.5515,33.0345
2023-02-01 10:27:02,-0.018200194,33.54225,33.03327
2023-02-01 10:27:07,0.021880289,33.53983,33.03357
2023-02-01 10:27:12,0.024774091,33.53742,33.03386
2023-02-01 10:27:17,-0.015038324,33.535,33.03416
2023-02-01 10:27:22,0.03017092,33.53259,33.03446
2023-02-01 10:27:27,-0.036423787,33.53018,33.03475
2023-02-01 10:27:32,0.008844357,33.52776,33.03505
2023-02-01 10:27:37,0.05366657,33.52535,33.03535
2023-02-01 10:27:42,-0.018072322,33.52294,33.03564
2023-02-01 10:27:47,0.026621524,33.52052,33.03594
2023-02-01 10:27:52,-0.034775339,33.51811,33.03623
2023-02-01 10:27:57,-0.032466445,33.5157,33.03652
2023-02-01 10:28:02,-0.014420318,33.51329,33.03682
2023-02-01 10:28:07,-0.060014167,33.51088,33.03711
2023-02-01 10:28:12,-0.036760892,33.50847,33.0374
2023-02-01 10:28:17,0.044870619,33.49905,33.03619
2023-02-01 10:28:22,-0.038214112,33.49663,33.03648
2023-02-01 10:28:27,0.032828849,33.49421,33.03677
2023-02-01 10:28:32,-0.066172953,33.49179,33.03706
2023-02-01 10:28:37,-0.022086365,33.48937,33.03736
2023-02-01 10:28:42,0.032983477,33.48695,33.03765
2023-02-01 10:28:47,0.039837247,33.48453,33.03794
2023-02-01 10:28:52,0.046635028,33.48211,33.03823
2023-02-01 10:28:57,-0.015530589,33.4797,33.03852
2023-02-01 10:29:02,-0.013982002,33.47728,33.03881
2023-02-01 10:29:07,0.029961696,33.47486,33.0391
2023-02-01 10:29:12,0.004753825,33.47244,33.03939
2023-02-01 10:29:17,0.059252007,33.47002,33.03967
2023-02-01 10:29:22,0.023280376,33.46761,33.03996
2023-02-01 10:29:27,-0.039201529,33.46519,33.04025
2023-02-01 10:29:32,-0.000845663,33.46278,33.04054
2023-02-01 10:29:37,-0.026307872,33.45319,33.03934
2023-02-01 10:29:42,0.001290102,33.45077,33.03962
2023-02-01 10:29:47,0.002190623,33.44834,33.03991
2023-02-01 10:29:52,0.02455406,33.44592,33.0402
2023-02-01 10:29:57,0.036211389,33.44349,33.04048
2023-02-01 10:30:02,-0.005476012,33.44107,33.04077
2023-02-01 10:30:07,-0.00989866,33.43864,33.04106
2023-02-01 10:30:12,-0.009225767,33.43622,33.04134
2023-02-01 10:30:17,-0.114623343,33.4338,33.04163
2023-02-01 10:30:22,0.008361706,33.43137,33.04191
2023-02-01 10:30:27,0.008907575,33.42895,33.0422
2023-02-01 10:30:32,-0.043505936,33.42653,33.04248
2023-02-01 10:30:37,-0.005731429,33.42411,33.04276
2023-02-01 10:30:42,-0.042424701,33.42168,33.04305
2023-02-01 10:30:47,-0.03118705,33.41926,33.04333
2023-02-01 10:30:52,-0.025507273,33.40952,33.04214
2023-02-01 10:30:57,-0.009204368,33.40709,33.04243
2023-02-01 10:31:02,0.007252868,33.40466,33.04271
2023-02-01 10:31:07,0.028814536,33.40223,33.04299
2023-02-01 10:31:12,0.013413137,33.3998,33.04328
2023-02-01 10:31:17,0.02957697,33.39737,33.04356
2023-02-01 10:31:22,0.029908529,33.39494,33.04384
2023-02-01 10:31:27,-0.054880191,33.39252,33.04412
2023-02-01 10:31:32,0.008966599,33.39009,33.0444
2023-02-01 10:31:37,-0.012115013,33.38766,33.04468
2023-02-01 10:31:42,-0.027896345,33.38523,33.04496
2023-02-01 10:31:47,-0.049036421,33.3828,33.04524
2023-02-01 10:31:52,0.004223934,33.38038,33.04552
2023-02-01 10:31:57,-0.000981815,33.37795,33.0458
2023-02-01 10:32:02,-0.010481907,33.36806,33.04463
2023-02-01 10:32:07,-0.011662386,33.36563,33.04491
2023-02-01 10:32:12,-0.054064507,33.36319,33.04518
2023-02-01 10:32:17,-0.006263129,33.36076,33.04546
2023-02-01 10:32:22,-0.00645442,33.35832,33.04574
2023-02-01 10:32:27,0.009511442,33.35589,33.04602
2023-02-01 10:32:32,-0.059823529,33.35345,33.0463
2023-02-01 10:32:37,0.004068073,33.35102,33.04657
2023-02-01 10:32:42,-0.017530159,33.34858,33.04685
2023-02-01 10:32:47,-0.001838939,33.34615,33.04713
2023-02-01 10:32:52,0.030013006,33.34372,33.0474
2023-02-01 10:32:57,-0.012582362,33.34129,33.04768
2023-02-01 10:33:02,0.008192207,33.33886,33.04796
2023-02-01 10:33:07,-0.050428249,33.33642,33.04823
2023-02-01 10:33:12,0.023801597,33.32639,33.04707
2023-02-01 10:33:17,-0.003062643,33.32395,33.04735
2023-02-01 10:33:22,0.044485829,33.32151,33.04762
2023-02-01 10:33:27,0.006931,33.31907,33.0479
2023-02-01 10:33:32,0.033130539,33.31663,33.04817
2023-02-01 10:33:37,0.075305804,33.31419,33.04845
2023-02-01 10:33:42,-0.047188564,33.31175,33.04872
2023-02-01 10:33:47,0.016280261,33.30931,33.049
2023-02-01 10:33:52,-0.02667121,33.30687,33.04927
2023-02-01 10:33:57,0.020783816,33.30444,33.04954
2023-02-01 10:34:02,0.009598418,33.302,33.04981
2023-02-01 10:34:07,0.025242058,33.29956,33.05009
2023-02-01 10:34:12,0.040875281,33.29712,33.05036
2023-02-01 10:34:17,-0.012790386,33.28696,33.04921
2023-02-01 10:34:22,-0.002506632,33.28451,33.04948
2023-02-01 10:34:27,0.018237437,33.28206,33.04976
2023-02-01 10:34:32,0.044302595,33.27962,33.05003
2023-02-01 10:34:37,0.0225804,33.27717,33.0503
2023-02-01 10:34:42,0.006179992,33.27473,33.05057
2023-02-01 10:34:47,0.048210492,33.27229,33.05084
2023-02-01 10:34:52,0.042264303,33.26984,33.05111
2023-02-01 10:34:57,0.020701912,33.2674,33.05138
2023-02-01 10:35:02,0.041391183,33.26496,33.05165
2023-02-01 10:35:07,0.040944366,33.26251,33.05192
2023-02-01 10:35:12,0.04582109,33.26007,33.05219
2023-02-01 10:35:17,0.018712068,33.25763,33.05246
2023-02-01 10:35:22,0.028716091,33.25519,33.05273
2023-02-01 10:35:27,0.028244635,33.24488,33.0516
2023-02-01 10:35:32,-0.004211943,33.24242,33.05187
2023-02-01 10:35:37,-0.015354505,33.23998,33.05214
2023-02-01 10:35:42,0.016305169,33.23752,33.0524
2023-02-01 10:35:47,0.047242082,33.23508,33.05267
2023-02-01 10:35:52,0.02009372,33.23263,33.05294
2023-02-01 10:35:57,-0.044178952,33.23018,33.05321
2023-02-01 10:36:02,-0.002239083,33.22773,33.05348
2023-02-01 10:36:07,0.007716061,33.22528,33.05374
2023-02-01 10:36:12,0.007196694,33.22284,33.05401
2023-02-01 10:36:17,0.049121116,33.22039,33.05428
2023-02-01 10:36:22,-0.031166891,33.21794,33.05454
2023-02-01 10:36:27,0.058716542,33.2155,33.05481
2023-02-01 10:36:32,0.004877364,33.20505,33.05369
2023-02-01 10:36:37,0.046781011,33.20259,33.05396
2023-02-01 10:36:42,0.051560303,33.20014,33.05422
2023-02-01 10:36:47,-0.028944554,33.19769,33.05449
2023-02-01 10:36:52,-0.071955169,33.19523,33.05475
2023-02-01 10:36:57,-0.003614265,33.19278,33.05502
2023-02-01 10:37:02,-0.025316778,33.19033,33.05528
2023-02-01 10:37:07,0.00589324,33.18787,33.05555
2023-02-01 10:37:12,0.031767329,33.18542,33.05581
2023-02-01 10:37:17,0.041645212,33.18297,33.05608
2023-02-01 10:37:22,0.003928102,33.18052,33.05634
2023-02-01 10:37:27,-0.007526799,33.17807,33.0566
2023-02-01 10:37:32,-0.029267802,33.1675,33.0555
2023-02-01 10:37:37,-0.008947627,33.16504,33.05576
2023-02-01 10:37:42,0.011745995,33.16258,33.05602
2023-02-01 10:37:47,0.042901424,33.16012,33.05629
2023-02-01 10:37:52,-0.00037949,33.15766,33.05655
2023-02-01 10:37:57,-0.011498607,33.1552,33.05681
2023-02-01 10:38:02,-0.000854092,33.15274,33.05707
2023-02-01 10:38:07,0.018775479,33.15029,33.05734
2023-02-01 10:38:12,0.002110225,33.14783,33.0576
2023-02-01 10:38:17,0.033214455,33.14537,33.05786
2023-02-01 10:38:22,-0.004789224,33.14292,33.05812
2023-02-01 10:38:27,-0.021292715,33.14046,33.05838
2023-02-01 10:38:32,0.025581575,33.12976,33.05729
2023-02-01 10:38:37,-0.065561263,33.1273,33.05755
2023-02-01 10:38:42,0.018791552,33.12484,33.05781
2023-02-01 10:38:47,0.002055302,33.12237,33.05807
2023-02-01 10:38:52,0.043746462,33.11991,33.05833
2023-02-01 10:38:57,-0.015461893,33.11745,33.05859
2023-02-01 10:39:02,-0.011103994,33.11499,33.05886
2023-02-01 10:39:07,-0.04387747,33.11252,33.05912
2023-02-01 10:39:12,-0.028694456,33.11006,33.05938
2023-02-01 10:39:17,-0.040364385,33.1076,33.05964
2023-02-01 10:39:22,-0.046527492,33.10514,33.0599
2023-02-01 10:39:27,0.021724187,33.10268,33.06016
2023-02-01 10:39:32,-0.058894982,33.09186,33.05907
2023-02-01 10:39:37,-0.049300836,33.08939,33.05933
2023-02-01 10:39:42,-0.050190807,33.08692,33.05959
2023-02-01 10:39:47,0.002012971,33.08446,33.05985
2023-02-01 10:39:52,-0.057536634,33.08199,33.06011
2023-02-01 10:39:57,-0.042482951,33.07952,33.06037
2023-02-01 10:40:02,0.009673592,33.07706,33.06063
2023-02-01 10:40:07,-0.039264229,33.07459,33.06088
2023-02-01 10:40:12,0.039318663,33.07213,33.06114
2023-02-01 10:40:17,-0.020122351,33.06966,33.0614
2023-02-01 10:40:22,-0.036941387,33.0672,33.06166
2023-02-01 10:40:27,-0.064818456,33.06473,33.06192
2023-02-01 10:40:32,0.019214733,33.05379,33.06084
2023-02-01 10:40:37,-0.029827925,33.05132,33.0611
2023-02-01 10:40:42,0.038178672,33.04884,33.06136
2023-02-01 10:40:47,-0.010901373,33.04637,33.06162
2023-02-01 10:40:52,0.00395845,33.0439,33.06187
2023-02-01 10:40:57,-0.029170345,33.04143,33.06213
2023-02-01 10:41:02,-0.025199839,33.03896,33.06239
2023-02-01 10:41:07,0.026719994,33.03649,33.06264
2023-02-01 10:41:12,-0.011608318,33.03402,33.0629
2023-02-01 10:41:17,-0.002368639,33.03155,33.06316
2023-02-01 10:41:22,0.028170073,33.02908,33.06341
2023-02-01 10:41:27,-0.010410937,33.01802,33.06235
2023-02-01 10:41:32,0.041405084,33.01555,33.06261
2023-02-01 10:41:37,-0.018348005,33.01307,33.06286
2023-02-01 10:41:42,-0.03053424,33.01059,33.06312
2023-02-01 10:41:47,-0.047691651,33.00812,33.06337
2023-02-01 10:41:52,0.025166238,33.00564,33.06363
2023-02-01 10:41:57,0.00777381,33.00317,33.06389
2023-02-01 10:42:02,-0.014971145,33.00069,33.06414
2023-02-01 10:42:07,-0.005759434,32.99822,33.0644
2023-02-01 10:42:12,-0.012560554,32.99575,33.06465
2023-02-01 10:42:17,0.012214,32.99327,33.06491
2023-02-01 10:42:22,0.026685944,32.9908,33.06516
2023-02-01 10:42:27,-0.017304403,32.97962,33.06411
2023-02-01 10:42:32,0.002259785,32.97714,33.06436
2023-02-01 10:42:37,0.04311964,32.97466,33.06462
2023-02-01 10:42:42,-0.027592098,32.97218,33.06487
2023-02-01 10:42:47,-0.034559487,32.9697,33.06513
2023-02-01 10:42:52,0.000897827,32.96722,33.06538
2023-02-01 10:42:57,0.041470098,32.96474,33.06564
2023-02-01 10:43:02,-0.00801981,32.96227,33.06589
2023-02-01 10:43:07,-0.009755727,32.95979,33.06614
2023-02-01 10:43:12,0.02027262,32.95731,33.0664
2023-02-01 10:43:17,0.018486812,32.94603,33.06536
2023-02-01 10:43:22,0.000686037,32.94354,33.06561
2023-02-01 10:43:27,0.051768185,32.94106,33.06586
2023-02-01 10:43:32,0.007457556,32.93857,33.06612
2023-02-01 10:43:37,-0.005279748,32.93609,33.06637
2023-02-01 10:43:42,0.040586383,32.93361,33.06662
2023-02-01 10:43:47,-0.014460738,32.93112,33.06688
2023-02-01 10:43:52,-0.005955389,32.92864,33.06713
2023-02-01 10:43:57,-0.007945247,32.92616,33.06738
2023-02-01 10:44:02,0.02715802,32.92368,33.06764
2023-02-01 10:44:07,-0.022852854,32.9212,33.06789
2023-02-01 10:44:12,0.060167772,32.9098,33.06686
2023-02-01 10:44:17,-0.005885056,32.90731,33.06711
2023-02-01 10:44:22,0.023974612,32.90482,33.06737
2023-02-01 10:44:27,-0.02081077,32.90234,33.06762
2023-02-01 10:44:32,-0.044112241,32.89985,33.06787
2023-02-01 10:44:37,0.033257362,32.89736,33.06812
2023-02-01 10:44:42,0.031032609,32.89487,33.06838
2023-02-01 10:44:47,-0.077626328,32.89239,33.06863
2023-02-01 10:44:52,-0.037644971,32.8899,33.06888
2023-02-01 10:44:57,-0.013298938,32.88741,33.06913
2023-02-01 10:45:02,-0.036948546,32.88493,33.06938
2023-02-01 10:45:07,0.056252897,32.87343,33.06836
2023-02-01 10:45:12,0.037880484,32.87093,33.06862
2023-02-01 10:45:17,0.04594101,32.86844,33.06887
2023-02-01 10:45:22,-0.020263022,32.86595,33.06912
2023-02-01 10:45:27,-0.006734909,32.86346,33.06937
2023-02-01 10:45:32,-0.030542743,32.86096,33.06962
2023-02-01 10:45:37,-0.038577414,32.85847,33.06987
2023-02-01 10:45:42,0.006851093,32.85598,33.07012
2023-02-01 10:45:47,-0.001236206,32.85349,33.07038
2023-02-01 10:45:52,0.017490109,32.851,33.07063
2023-02-01 10:45:57,-0.027768739,32.8394,33.06962
2023-02-01 10:46:02,0.001374575,32.8369,33.06987
2023-02-01 10:46:07,0.009362379,32.8344,33.07012
2023-02-01 10:46:12,-0.035975196,32.83191,33.07037
2023-02-01 10:46:17,0.051528382,32.82941,33.07062
2023-02-01 10:46:22,-0.020320652,32.82692,33.07087
2023-02-01 10:46:27,0.051140939,32.82442,33.07112
2023-02-01 10:46:32,0.000559393,32.82193,33.07138
2023-02-01 10:46:37,0.056169553,32.81943,33.07163
2023-02-01 10:46:42,0.04246486,32.81694,33.07188
2023-02-01 10:46:47,0.002275059,32.80523,33.07088
2023-02-01 10:46:52,0.057997794,32.80273,33.07113
2023-02-01 10:46:57,-0.014223286,32.80023,33.07138
2023-02-01 10:47:02,0.030597767,32.79773,33.07163
2023-02-01 10:47:07,-0.004174998,32.79523,33.07188
2023-02-01 10:47:12,-0.01803443,32.79273,33.07213
2023-02-01 10:47:17,0.000250322,32.79023,33.07238
2023-02-01 10:47:22,-0.034789588,32.78773,33.07263
2023-02-01 10:47:27,-0.037875508,32.78524,33.07288
2023-02-01 10:47:32,-0.009197884,32.78274,33.07313
2023-02-01 10:47:37,-0.038984162,32.77093,33.07214
2023-02-01 10:47:42,-0.047666585,32.76843,33.0724
2023-02-01 10:47:47,0.034234199,32.76592,33.07265
2023-02-01 10:47:52,0.025691648,32.76342,33.0729
2023-02-01 10:47:57,-0.025515484,32.76091,33.07315
2023-02-01 10:48:02,-0.012979041,32.75841,33.0734
2023-02-01 10:48:07,0.031511732,32.75591,33.07365
2023-02-01 10:48:12,0.02838899,32.75341,33.0739
2023-02-01 10:48:17,-0.081357012,32.75091,33.07415
2023-02-01 10:48:22,-0.03180152,32.7484,33.0744
2023-02-01 10:48:27,0.044569119,32.7365,33.07342
2023-02-01 10:48:32,0.019646559,32.73399,33.07367
2023-02-01 10:48:37,-0.02623975,32.73148,33.07392
2023-02-01 10:48:42,-0.029701855,32.72897,33.07417
2023-02-01 10:48:47,0.009260493,32.72646,33.07442
2023-02-01 10:48:52,-0.020900458,32.72396,33.07467
2023-02-01 10:48:57,0.039332341,32.72145,33.07492
2023-02-01 10:49:02,0.014452334,32.71894,33.07517
2023-02-01 10:49:07,0.042656767,32.71644,33.07542
2023-02-01 10:49:12,-0.003591819,32.70444,33.07445
2023-02-01 10:49:17,-0.044344482,32.70193,33.0747
2023-02-01 10:49:22,0.004916016,32.69942,33.07495
2023-02-01 10:49:27,-0.025225388,32.6969,33.0752
2023-02-01 10:49:32,-0.04511206,32.69439,33.07546
2023-02-01 10:49:37,0.030915633,32.69188,33.0757
2023-02-01 10:49:42,0.01117092,32.68937,33.07596
2023-02-01 10:49:47,-0.004262971,32.68686,33.0762
2023-02-01 10:49:52,-0.033720917,32.68435,33.07646
2023-02-01 10:49:57,-0.037738595,32.68184,33.07671
2023-02-01 10:50:02,-0.014940586,32.66975,33.07575
2023-02-01 10:50:07,0.002313124,32.66723,33.076
2023-02-01 10:50:12,-0.012246451,32.66471,33.07625
2023-02-01 10:50:17,0.047407998,32.6622,33.0765
2023-02-01 10:50:22,0.020063976,32.65968,33.07675
2023-02-01 10:50:27,0.012838687,32.65717,33.077
2023-02-01 10:50:32,0.040631828,32.65466,33.07725
2023-02-01 10:50:37,0.015482495,32.65214,33.0775
2023-02-01 10:50:42,0.016577879,32.64963,33.07775
2023-02-01 10:50:47,0.055148968,32.63744,33.0768
2023-02-01 10:50:52,-0.028892155,32.63492,33.07705
2023-02-01 10:50:57,0.057409589,32.6324,33.0773
2023-02-01 10:51:02,0.007432775,32.62988,33.07755
2023-02-01 10:51:07,-0.014854927,32.62736,33.0778
2023-02-01 10:51:12,-0.024373849,32.62484,33.07806
2023-02-01 10:51:17,0.024331271,32.62233,33.07831
2023-02-01 10:51:22,-0.011695511,32.61981,33.07856
2023-02-01 10:51:27,-0.021287342,32.6173,33.07881
2023-02-01 10:51:32,-0.047083772,32.60502,33.07787
2023-02-01 10:51:37,-0.024744959,32.60249,33.07812
2023-02-01 10:51:42,-0.039930564,32.59997,33.07837
2023-02-01 10:51:47,-0.033630554,32.59745,33.07862
2023-02-01 10:51:52,0.052212702,32.59493,33.07887
2023-02-01 10:51:57,0.047803327,32.5924,33.07912
2023-02-01 10:52:02,0.038039339,32.58988,33.07937
2023-02-01 10:52:07,-0.009058947,32.58736,33.07963
2023-02-01 10:52:12,0.007776677,32.58484,33.07988
2023-02-01 10:52:17,-0.012912584,32.57248,33.07895
2023-02-01 10:52:22,-0.006787034,32.56995,33.0792
2023-02-01 10:52:27,-0.027336378,32.56742,33.07945
2023-02-01 10:52:32,0.05316707,32.56489,33.0797
2023-02-01 10:52:37,0.027046494,32.56237,33.07995
2023-02-01 10:52:42,0.03307017,32.55984,33.0802
2023-02-01 10:52:47,-0.05135013,32.55732,33.08046
2023-02-01 10:52:52,-0.040238639,32.55479,33.08071
2023-02-01 10:52:57,0.008156302,32.55227,33.08096
2023-02-01 10:53:02,-0.012573551,32.53982,33.08004
2023-02-01 10:53:07,-0.033329749,32.53728,33.08029
2023-02-01 10:53:12,0.014986154,32.53475,33.08054
2023-02-01 10:53:17,-0.005823205,32.53222,33.0808
2023-02-01 10:53:22,0.015789607,32.52969,33.08105
2023-02-01 10:53:27,-0.005073581,32.52716,33.0813
2023-02-01 10:53:32,0.016485051,32.52464,33.08155
2023-02-01 10:53:37,0.016887021,32.52211,33.08181
2023-02-01 10:53:42,-0.009578561,32.50958,33.08089
2023-02-01 10:53:47,-0.01989169,32.50704,33.08115
2023-02-01 10:53:52,0.028205933,32.5045,33.0814
2023-02-01 10:53:57,-0.040602097,32.50197,33.08165
2023-02-01 10:54:02,0.012768909,32.49944,33.08191
2023-02-01 10:54:07,-0.013647068,32.4969,33.08216
2023-02-01 10:54:12,0.04499645,32.49437,33.08241
2023-02-01 10:54:17,0.034322035,32.49184,33.08267
2023-02-01 10:54:22,-0.029300148,32.48931,33.08292
2023-02-01 10:54:27,0.007745563,32.47669,33.08202
2023-02-01 10:54:32,-0.007966577,32.47415,33.08227
2023-02-01 10:54:37,-0.045218719,32.47161,33.08253
2023-02-01 10:54:42,-0.002742819,32.46907,33.08278
2023-02-01 10:54:47,-0.056045538,32.46653,33.08303
2023-02-01 10:54:52,0.034338358,32.464,33.08329
2023-02-01 10:54:57,0.002103196,32.46146,33.08354
2023-02-01 10:55:02,0.012666299,32.45893,33.0838
2023-02-01 10:55:07,0.007017684,32.44623,33.0829
2023-02-01 10:55:12,-0.040921436,32.44368,33.08316
2023-02-01 10:55:17,-0.057103655,32.44114,33.08341
2023-02-01 10:55:22,0.011770029,32.4386,33.08367
2023-02-01 10:55:27,-0.047116787,32.43606,33.08392
2023-02-01 10:55:32,0.010840688,32.43352,33.08418
2023-02-01 10:55:37,-0.02660256,32.43098,33.08443
2023-02-01 10:55:42,0.004638151,32.42844,33.08469
2023-02-01 10:55:47,0.004436498,32.41566,33.0838
2023-02-01 10:55:52,-0.022639648,32.41312,33.08406
2023-02-01 10:55:57,-0.04461082,32.41057,33.08432
2023-02-01 10:56:02,0.003596346,32.40803,33.08457
2023-02-01 10:56:07,0.004612805,32.40548,33.08483
2023-02-01 10:56:12,0.022702112,32.40294,33.08508
2023-02-01 10:56:17,0.011438715,32.40039,33.08534
2023-02-01 10:56:22,0.047917858,32.39785,33.0856
2023-02-01 10:56:27,0.004601683,32.385,33.08472
2023-02-01 10:56:32,0.003887724,32.38245,33.08498
2023-02-01 10:56:37,0.029595413,32.3799,33.08524
2023-02-01 10:56:42,0.012625879,32.37735,33.08549
2023-02-01 10:56:47,0.011988447,32.3748,33.08575
2023-02-01 10:56:52,0.021591536,32.37225,33.08601
2023-02-01 10:56:57,0.010026265,32.3697,33.08626
2023-02-01 10:57:02,0.056669847,32.36716,33.08652
2023-02-01 10:57:07,0.061014994,32.35422,33.08566
2023-02-01 10:57:12,0.028010513,32.35167,33.08592
2023-02-01 10:57:17,0.02694481,32.34912,33.08617
2023-02-01 10:57:22,0.020508288,32.34656,33.08643
2023-02-01 10:57:27,0.029829647,32.34401,33.08669
2023-02-01 10:57:32,0.028639785,32.34146,33.08695
2023-02-01 10:57:37,-0.010092,32.33891,33.08721
2023-02-01 10:57:42,0.020612686,32.33636,33.08746
2023-02-01 10:57:47,0.061743937,32.32335,33.08661
2023-02-01 10:57:52,-0.019566054,32.32079,33.08687
2023-02-01 10:57:57,0.011008403,32.31824,33.08713
2023-02-01 10:58:02,0.036018301,32.31568,33.08739
2023-02-01 10:58:07,0.00254483,32.31313,33.08765
2023-02-01 10:58:12,0.01680518,32.31057,33.08791
2023-02-01 10:58:17,-0.059207857,32.30802,33.08817
2023-02-01 10:58:22,0.04023981,32.30546,33.08843
2023-02-01 10:58:27,0.043702573,32.29238,33.08758
2023-02-01 10:58:32,-0.037969673,32.28982,33.08784
2023-02-01 10:58:37,-0.055539634,32.28726,33.0881
2023-02-01 10:58:42,0.000890687,32.2847,33.08836
2023-02-01 10:58:47,0.020153989,32.28214,33.08862
2023-02-01 10:58:52,-0.008409928,32.27958,33.08889
2023-02-01 10:58:57,0.016276541,32.27702,33.08915
2023-02-01 10:59:02,-0.071014297,32.27447,33.08941
2023-02-01 10:59:07,-0.041096433,32.2613,33.08857
2023-02-01 10:59:12,-0.032738452,32.25874,33.08884
2023-02-01 10:59:17,0.049997662,32.25618,33.0891
2023-02-01 10:59:22,0.015805731,32.25361,33.08936
2023-02-01 10:59:27,0.018872181,32.25105,33.08962
2023-02-01 10:59:32,-0.063201056,32.24849,33.08989
2023-02-01 10:59:37,-0.028448646,32.24593,33.09015
2023-02-01 10:59:42,-0.015067947,32.2327,33.08932
2023-02-01 10:59:47,-0.014275612,32.23013,33.08958
2023-02-01 10:59:52,-0.014923589,32.22756,33.08985
2023-02-01 10:59:57,-0.033490519,32.225,33.09011
2023-02-01 11:00:02,-0.009661837,32.22243,33.09038
2023-02-01 11:00:07,0.030102628,32.21987,33.09064
2023-02-01 11:00:12,-0.063054146,32.2173,33.0909
2023-02-01 11:00:17,0.013720828,32.21474,33.09117
2023-02-01 11:00:22,0.053322041,32.20143,33.09035
2023-02-01 11:00:27,0.018439595,32.19886,33.09062
2023-02-01 11:00:32,0.010151496,32.19629,33.09088
2023-02-01 11:00:37,-0.003522138,32.19372,33.09115
2023-02-01 11:00:42,0.003877517,32.19115,33.09141
2023-02-01 11:00:47,-0.009908208,32.18858,33.09168
2023-02-01 11:00:52,0.045348129,32.18602,33.09195
2023-02-01 11:00:57,0.004799678,32.17264,33.09114
2023-02-01 11:01:02,-0.000687202,32.17007,33.0914
2023-02-01 11:01:07,-0.049818744,32.16749,33.09167
2023-02-01 11:01:12,-0.058559272,32.16492,33.09194
2023-02-01 11:01:17,-0.009108897,32.16235,33.09221
2023-02-01 11:01:22,-0.033954526,32.15978,33.09247
2023-02-01 11:01:27,0.042219948,32.1572,33.09274
2023-02-01 11:01:32,0.00126834,32.14376,33.09194
2023-02-01 11:01:37,0.002707475,32.14118,33.09221
2023-02-01 11:01:42,-0.043500512,32.13861,33.09248
2023-02-01 11:01:47,0.037579723,32.13603,33.09275
2023-02-01 11:01:52,0.028373336,32.13345,33.09302
2023-02-01 11:01:57,-0.039330808,32.13088,33.09329
2023-02-01 11:02:02,-0.032855834,32.1283,33.09356
2023-02-01 11:02:07,-0.068889055,32.1148,33.09277
2023-02-01 11:02:12,0.011895825,32.11221,33.09304
2023-02-01 11:02:17,-0.013596289,32.10963,33.09331
2023-02-01 11:02:22,-0.023158079,32.10705,33.09358
2023-02-01 11:02:27,-0.006320218,32.10447,33.09385
2023-02-01 11:02:32,-0.016001168,32.10189,33.09412
2023-02-01 11:02:37,0.054016518,32.09931,33.09439
2023-02-01 11:02:42,0.022706099,32.08574,33.09361
2023-02-01 11:02:47,0.002186244,32.08316,33.09388
2023-02-01 11:02:52,0.024055532,32.08057,33.09416
2023-02-01 11:02:57,-0.012573649,32.07799,33.09443
2023-02-01 11:03:02,-0.011953199,32.0754,33.0947
2023-02-01 11:03:07,0.015066692,32.07282,33.09498
2023-02-01 11:03:12,-0.064381056,32.07024,33.09525
2023-02-01 11:03:17,0.020958085,32.0566,33.09448
2023-02-01 11:03:22,-0.031578745,32.05401,33.09475
2023-02-01 11:03:27,0.000532303,32.05142,33.09503
2023-02-01 11:03:32,-0.042035011,32.04883,33.0953
2023-02-01 11:03:37,-0.010042919,32.04625,33.09558
2023-02-01 11:03:42,-0.009899445,32.04366,33.09585
2023-02-01 11:03:47,0.016834301,32.04108,33.09613
2023-02-01 11:03:52,0.043128014,32.02737,33.09536
2023-02-01 11:03:57,0.064413499,32.02478,33.09564
2023-02-01 11:04:02,0.005691171,32.02219,33.09592
2023-02-01 11:04:07,-0.010450648,32.0196,33.09619
2023-02-01 11:04:12,-0.010851925,32.01701,33.09647
2023-02-01 11:04:17,-0.04843082,32.01442,33.09675
2023-02-01 11:04:22,-0.000979887,32.01183,33.09703
2023-02-01 11:04:27,0.014433233,31.99806,33.09627
2023-02-01 11:04:32,0.013988802,31.99546,33.09655
2023-02-01 11:04:37,0.002826494,31.99287,33.09683
2023-02-01 11:04:42,0.023205286,31.99027,33.09711
2023-02-01 11:04:47,0.001267766,31.98768,33.09739
2023-02-01 11:04:52,0.064361227,31.98509,33.09767
2023-02-01 11:04:57,0.01051987,31.9825,33.09795
2023-02-01 11:05:02,0.036189702,31.96866,33.0972
2023-02-01 11:05:07,-0.055265163,31.96606,33.09748
2023-02-01 11:05:12,0.044909995,31.96346,33.09777
2023-02-01 11:05:17,0.011971401,31.96087,33.09805
2023-02-01 11:05:22,0.005626087,31.95827,33.09833
2023-02-01 11:05:27,0.020163991,31.95568,33.09861
2023-02-01 11:05:32,-0.065860846,31.94178,33.09788
2023-02-01 11:05:37,-0.088553075,31.93918,33.09816
2023-02-01 11:05:42,0.027087056,31.93658,33.09844
2023-02-01 11:05:47,-0.000854897,31.93398,33.09872
2023-02-01 11:05:52,0.029397029,31.93138,33.09901
2023-02-01 11:05:57,-0.046242303,31.92878,33.09929
2023-02-01 11:06:02,-0.012126322,31.92618,33.09958
2023-02-01 11:06:07,0.030170943,31.91222,33.09885
2023-02-01 11:06:12,0.012618569,31.90961,33.09914
2023-02-01 11:06:17,-0.074085667,31.90701,33.09942
2023-02-01 11:06:22,-0.012176282,31.9044,33.09971
2023-02-01 11:06:27,-0.025276093,31.9018,33.09999
2023-02-01 11:06:32,-0.021001915,31.8992,33.10028
2023-02-01 11:06:37,-0.060327759,31.88518,33.09956
2023-02-01 11:06:42,-0.009096938,31.88258,33.09985
2023-02-01 11:06:47,0.010102839,31.87997,33.10014
2023-02-01 11:06:52,-0.018337137,31.87736,33.10043
2023-02-01 11:06:57,0.016750125,31.87475,33.10072
2023-02-01 11:07:02,-0.038821783,31.87215,33.101
2023-02-01 11:07:07,-0.01430497,31.86954,33.10129
2023-02-01 11:07:12,0.004831756,31.85546,33.10059
2023-02-01 11:07:17,0.050187684,31.85285,33.10088
2023-02-01 11:07:22,-0.069162295,31.85024,33.10117
2023-02-01 11:07:27,0.029394005,31.84763,33.10146
2023-02-01 11:07:32,0.016353771,31.84502,33.10175
2023-02-01 11:07:37,0.051043887,31.84241,33.10204
2023-02-01 11:07:42,0.000597336,31.82827,33.10134
2023-02-01 11:07:47,-0.023247804,31.82566,33.10163
2023-02-01 11:07:52,-0.015351557,31.82304,33.10192
2023-02-01 11:07:57,0.00315685,31.82043,33.10222
2023-02-01 11:08:02,0.008839288,31.81782,33.10251
2023-02-01 11:08:07,0.040222821,31.8152,33.1028
2023-02-01 11:08:12,0.042600511,31.80101,33.10212
2023-02-01 11:08:17,-0.018646485,31.79839,33.10241
2023-02-01 11:08:22,0.052737086,31.79578,33.10271
2023-02-01 11:08:27,0.02851687,31.79316,33.103
2023-02-01 11:08:32,-0.00126929,31.79054,33.1033
2023-02-01 11:08:37,0.001068842,31.78793,33.10359
2023-02-01 11:08:42,-0.012628002,31.78531,33.10389
2023-02-01 11:08:47,-0.015710098,31.77106,33.10321
2023-02-01 11:08:52,-0.013697427,31.76843,33.10351
2023-02-01 11:08:57,0.004260323,31.76581,33.10381
2023-02-01 11:09:02,0.022173657,31.76319,33.1041
2023-02-01 11:09:07,0.029382875,31.76057,33.1044
2023-02-01 11:09:12,-0.000380533,31.75796,33.1047
2023-02-01 11:09:17,-0.030378182,31.74364,33.10403
2023-02-01 11:09:22,0.003158804,31.74102,33.10433
2023-02-01 11:09:27,-0.000276405,31.7384,33.10463
2023-02-01 11:09:32,0.033364152,31.73577,33.10493
2023-02-01 11:09:37,-0.012796872,31.73315,33.10523
2023-02-01 11:09:42,-0.069470532,31.73053,33.10554
2023-02-01 11:09:47,-0.02015969,31.71616,33.10488
2023-02-01 11:09:52,-0.00801072,31.71353,33.10518
2023-02-01 11:09:57,0.046734901,31.71091,33.10548
2023-02-01 11:10:02,-0.015629819,31.70828,33.10578
2023-02-01 11:10:07,0.028371025,31.70565,33.10609
2023-02-01 11:10:12,0.040540426,31.70303,33.10639
2023-02-01 11:10:17,-0.000822032,31.68861,33.10574
2023-02-01 11:10:22,0.043242427,31.68598,33.10605
2023-02-01 11:10:27,0.06042477,31.68334,33.10635
2023-02-01 11:10:32,-0.012853145,31.68072,33.10666
2023-02-01 11:10:37,-0.016884269,31.67809,33.10697
2023-02-01 11:10:42,0.047951036,31.67546,33.10727
2023-02-01 11:10:47,0.006717001,31.66098,33.10663
2023-02-01 11:10:52,0.023689448,31.65835,33.10694
2023-02-01 11:10:57,0.013970388,31.65571,33.10725
2023-02-01 11:11:02,0.030859024,31.65308,33.10756
2023-02-01 11:11:07,-0.021202449,31.65045,33.10787
2023-02-01 11:11:12,-0.063026647,31.64782,33.10818
2023-02-01 11:11:17,-0.030274094,31.63329,33.10754
2023-02-01 11:11:22,0.045075898,31.63065,33.10785
2023-02-01 11:11:27,0.045955396,31.62801,33.10817
2023-02-01 11:11:32,-0.043815838,31.62538,33.10848
2023-02-01 11:11:37,0.068526934,31.62274,33.10879
2023-02-01 11:11:42,-8.882e-06,31.60816,33.10817
2023-02-01 11:11:47,0.048480796,31.60552,33.10848
2023-02-01 11:11:52,0.005041664,31.60288,33.10879
2023-02-01 11:11:57,0.039115352,31.60024,33.10911
2023-02-01 11:12:02,0.018188759,31.5976,33.10942
2023-02-01 11:12:07,0.023869077,31.59496,33.10974
2023-02-01 11:12:12,-0.060721239,31.58033,33.10912
2023-02-01 11:12:17,-0.007157331,31.57769,33.10944
2023-02-01 11:12:22,0.041033631,31.57504,33.10976
2023-02-01 11:12:27,-0.022746779,31.5724,33.11007
2023-02-01 11:12:32,0.046867693,31.56976,33.11039
2023-02-01 11:12:37,-0.043458721,31.56712,33.11071
2023-02-01 11:12:42,-0.054070438,31.55243,33.11011
2023-02-01 11:12:47,0.031212629,31.54978,33.11042
2023-02-01 11:12:52,-0.03773511,31.54714,33.11075
2023-02-01 11:12:57,0.025759543,31.54449,33.11107
2023-02-01 11:13:02,0.004502245,31.54185,33.11139
2023-02-01 11:13:07,-0.027268987,31.52711,33.11079
2023-02-01 11:13:12,0.030952585,31.52446,33.11111
2023-02-01 11:13:17,-0.038217603,31.52181,33.11144
2023-02-01 11:13:22,0.009444578,31.51916,33.11176
2023-02-01 11:13:27,-0.044016555,31.51651,33.11208
2023-02-01 11:13:32,-0.02328507,31.51387,33.11241
2023-02-01 11:13:37,-0.065987241,31.49908,33.11182
2023-02-01 11:13:42,-0.008037943,31.49643,33.11215
2023-02-01 11:13:47,-0.029702804,31.49377,33.11247
2023-02-01 11:13:52,0.012354612,31.49112,33.1128
2023-02-01 11:13:57,-0.020253339,31.48847,33.11312
2023-02-01 11:14:02,0.032370535,31.47364,33.11255
2023-02-01 11:14:07,-0.021270296,31.47098,33.11288
2023-02-01 11:14:12,-0.016709906,31.46832,33.1132
2023-02-01 11:14:17,0.014452441,31.46567,33.11354
2023-02-01 11:14:22,0.00311811,31.46301,33.11386
2023-02-01 11:14:27,0.060644023,31.46036,33.11419
2023-02-01 11:14:32,-0.020075369,31.44547,33.11363
2023-02-01 11:14:37,0.053533923,31.44281,33.11396
2023-02-01 11:14:42,0.04200629,31.44015,33.11429
2023-02-01 11:14:47,0.062028519,31.43749,33.11462
2023-02-01 11:14:52,0.018613571,31.43484,33.11496
2023-02-01 11:14:57,-0.003911808,31.41991,33.1144
2023-02-01 11:15:02,0.016342783,31.41724,33.11473
2023-02-01 11:15:07,0.000504291,31.41458,33.11507
2023-02-01 11:15:12,-0.007447193,31.41192,33.1154
2023-02-01 11:15:17,0.022936161,31.40926,33.11574
2023-02-01 11:15:22,0.064119064,31.4066,33.11608
2023-02-01 11:15:27,0.020353161,31.39161,33.11553
2023-02-01 11:15:32,-0.007664465,31.38895,33.11586
2023-02-01 11:15:37,0.022515022,31.38628,33.1162
2023-02-01 11:15:42,-0.037584989,31.38362,33.11654
2023-02-01 11:15:47,-0.023117919,31.38095,33.11688
2023-02-01 11:15:52,-0.003563333,31.36592,33.11634
2023-02-01 11:15:57,0.026789212,31.36325,33.11668
2023-02-01 11:16:02,0.014259595,31.36058,33.11703
2023-02-01 11:16:07,-0.051431493,31.35792,33.11737
2023-02-01 11:16:12,-0.074536129,31.35525,33.11771
2023-02-01 11:16:17,-0.012605576,31.34018,33.11718
2023-02-01 11:16:22,-0.009357473,31.3375,33.11752
2023-02-01 11:16:27,0.009826904,31.33483,33.11787
2023-02-01 11:16:32,-0.040141029,31.33216,33.11822
2023-02-01 11:16:37,0.0320445,31.32949,33.11856
2023-02-01 11:16:42,-0.007181284,31.31437,33.11804
2023-02-01 11:16:47,-0.009532682,31.3117,33.11839
2023-02-01 11:16:52,0.020040897,31.30902,33.11874
2023-02-01 11:16:57,-0.035528479,31.30634,33.11908
2023-02-01 11:17:02,-0.04337386,31.30367,33.11943
2023-02-01 11:17:07,-0.061553391,31.28851,33.11892
2023-02-01 11:17:12,-0.053709594,31.28583,33.11927
2023-02-01 11:17:17,0.023558074,31.28315,33.11962
2023-02-01 11:17:22,-0.02162753,31.28047,33.11997
2023-02-01 11:17:27,-0.040219236,31.27779,33.12033
2023-02-01 11:17:32,-0.032407619,31.26259,33.11982
2023-02-01 11:17:37,-0.05130151,31.2599,33.12018
2023-02-01 11:17:42,0.015027042,31.25722,33.12053
2023-02-01 11:17:47,0.038659954,31.25454,33.12089
2023-02-01 11:17:52,-0.012191996,31.25186,33.12124
2023-02-01 11:17:57,0.011327897,31.24918,33.1216
2023-02-01 11:18:02,-0.020396763,31.23392,33.12111
2023-02-01 11:18:07,-0.058680015,31.23124,33.12146
2023-02-01 11:18:12,-0.030903947,31.22855,33.12182
2023-02-01 11:18:17,-0.017368254,31.22587,33.12218
2023-02-01 11:18:22,0.000727321,31.22318,33.12254
2023-02-01 11:18:27,-0.040053981,31.20788,33.12206
2023-02-01 11:18:32,0.009715891,31.20519,33.12242
2023-02-01 11:18:37,-0.046789437,31.20251,33.12278
2023-02-01 11:18:42,-0.087743381,31.19982,33.12314
2023-02-01 11:18:47,-0.011496983,31.18448,33.12267
2023-02-01 11:18:52,0.000732505,31.18179,33.12303
2023-02-01 11:18:57,-0.040395168,31.1791,33.1234
2023-02-01 11:19:02,-0.005614811,31.17641,33.12376
2023-02-01 11:19:07,-0.005376586,31.17372,33.12413
2023-02-01 11:19:12,0.001290249,31.15834,33.12367
2023-02-01 11:19:17,-0.018750958,31.15564,33.12403
2023-02-01 11:19:22,0.030438143,31.15294,33.1244
2023-02-01 11:19:27,0.005330489,31.15025,33.12477
2023-02-01 11:19:32,-0.030686143,31.14756,33.12514
2023-02-01 11:19:37,-0.018982817,31.13213,33.12468
2023-02-01 11:19:42,-0.002199002,31.12943,33.12506
2023-02-01 11:19:47,-0.022402996,31.12673,33.12543
2023-02-01 11:19:52,0.047561578,31.12404,33.1258
2023-02-01 11:19:57,-0.020540004,31.12134,33.12617
2023-02-01 11:20:02,0.022656069,31.10587,33.12573
2023-02-01 11:20:07,0.049993135,31.10317,33.1261
2023-02-01 11:20:12,0.013501698,31.10047,33.12648
2023-02-01 11:20:17,0.040909358,31.09777,33.12685
2023-02-01 11:20:22,0.05740677,31.09507,33.12723
2023-02-01 11:20:27,0.057854183,31.07956,33.12679
2023-02-01 11:20:32,0.005132444,31.07685,33.12717
2023-02-01 11:20:37,-0.015670389,31.07415,33.12755
2023-02-01 11:20:42,0.037704239,31.07145,33.12793
2023-02-01 11:20:47,-0.004539836,31.06874,33.12831
2023-02-01 11:20:52,0.027583498,31.05319,33.12789
2023-02-01 11:20:57,0.054506026,31.05048,33.12827
2023-02-01 11:21:02,0.027877566,31.04778,33.12865
2023-02-01 11:21:07,0.006707799,31.04507,33.12904
2023-02-01 11:21:12,0.043914887,31.02948,33.12862
2023-02-01 11:21:17,-0.009548681,31.02677,33.129
2023-02-01 11:21:22,0.038384281,31.02406,33.12939
2023-02-01 11:21:27,-0.025863886,31.02135,33.12978
2023-02-01 11:21:32,-0.031355327,31.01864,33.13016
2023-02-01 11:21:37,-0.0157805,31.00301,33.12976
2023-02-01 11:21:42,0.042180042,31.00029,33.13014
2023-02-01 11:21:47,-0.005950113,30.99758,33.13054
2023-02-01 11:21:52,0.046743625,30.99486,33.13093
2023-02-01 11:21:57,0.019614886,30.9792,33.13053
2023-02-01 11:22:02,-0.018428398,30.97648,33.13092
2023-02-01 11:22:07,-0.024366374,30.97376,33.13131
2023-02-01 11:22:12,0.017219172,30.97104,33.13171
2023-02-01 11:22:17,0.027140616,30.96833,33.1321
2023-02-01 11:22:22,-0.053612015,30.95262,33.13171
2023-02-01 11:22:27,-0.028213004,30.9499,33.13211
2023-02-01 11:22:32,-0.002499523,30.94718,33.13251
2023-02-01 11:22:37,0.033616857,30.94446,33.1329
2023-02-01 11:22:42,0.011037179,30.94174,33.1333
2023-02-01 11:22:47,0.036549702,30.92599,33.13292
2023-02-01 11:22:52,0.0722737,30.92326,33.13333
2023-02-01 11:22:57,0.011475437,30.92054,33.13373
2023-02-01 11:23:02,-0.010289231,30.91782,33.13413
2023-02-01 11:23:07,-0.006369499,30.90203,33.13376
2023-02-01 11:23:12,0.039739461,30.8993,33.13416
2023-02-01 11:23:17,0.032669951,30.89658,33.13457
2023-02-01 11:23:22,0.036380409,30.89385,33.13497
2023-02-01 11:23:27,-0.045258359,30.89113,33.13538
2023-02-01 11:23:32,-0.009900369,30.8753,33.13502
2023-02-01 11:23:37,0.025386125,30.87257,33.13543
2023-02-01 11:23:42,-0.024487615,30.86984,33.13584
2023-02-01 11:23:47,0.026644261,30.86711,33.13625
2023-02-01 11:23:52,0.029733989,30.85125,33.1359
2023-02-01 11:23:57,0.048740097,30.84851,33.13631
2023-02-01 11:24:02,0.046542974,30.84578,33.13672
2023-02-01 11:24:07,0.017431587,30.84305,33.13714
2023-02-01 11:24:12,-0.048873758,30.82715,33.13679
2023-02-01 11:24:17,0.012473211,30.82441,33.13721
2023-02-01 11:24:22,-0.000874539,30.82168,33.13762
2023-02-01 11:24:27,-0.014298738,30.81894,33.13804
2023-02-01 11:24:32,0.025689668,30.81621,33.13846
2023-02-01 11:24:37,-0.02519838,30.80027,33.13813
2023-02-01 11:24:42,0.051753653,30.79753,33.13855
2023-02-01 11:24:47,0.038018488,30.79479,33.13897
2023-02-01 11:24:52,0.024394661,30.79205,33.13939
2023-02-01 11:24:57,-0.016148755,30.77608,33.13907
2023-02-01 11:25:02,0.012516591,30.77334,33.13949
2023-02-01 11:25:07,0.035961613,30.77059,33.13991
2023-02-01 11:25:12,-0.015483815,30.76785,33.14034
2023-02-01 11:25:17,-0.013521613,30.75184,33.14003
2023-02-01 11:25:22,-0.038481771,30.7491,33.14045
2023-02-01 11:25:27,-0.036684925,30.74635,33.14088
2023-02-01 11:25:32,-0.013842298,30.74361,33.14131
2023-02-01 11:25:37,-0.044382948,30.72756,33.141
2023-02-01 11:25:42,0.010270387,30.72481,33.14144
2023-02-01 11:25:47,-0.04137918,30.72206,33.14187
2023-02-01 11:25:52,0.002252902,30.71932,33.1423
2023-02-01 11:25:57,-0.023109587,30.71657,33.14273
2023-02-01 11:26:02,-0.011630324,30.70048,33.14244
2023-02-01 11:26:07,-0.042497229,30.69773,33.14288
2023-02-01 11:26:12,0.032765412,30.69498,33.14331
2023-02-01 11:26:17,-0.030067357,30.69223,33.14375
2023-02-01 11:26:22,-0.013421283,30.67611,33.14346
2023-02-01 11:26:27,-0.012664387,30.67336,33.1439
2023-02-01 11:26:32,-0.081286783,30.6706,33.14434
2023-02-01 11:26:37,-0.03312257,30.66785,33.14478
2023-02-01 11:26:42,-0.048818504,30.6517,33.14451
2023-02-01 11:26:47,-0.021776741,30.64894,33.14495
2023-02-01 11:26:52,0.047240728,30.64618,33.1454
2023-02-01 11:26:57,0.015467734,30.64343,33.14584
2023-02-01 11:27:02,0.01025062,30.62724,33.14558
2023-02-01 11:27:07,0.031398585,30.62448,33.14602
2023-02-01 11:27:12,-0.032636531,30.62172,33.14647
2023-02-01 11:27:17,-0.017008501,30.61896,33.14692
2023-02-01 11:27:22,0.062292343,30.60274,33.14666
2023-02-01 11:27:27,0.008629623,30.59997,33.14712
2023-02-01 11:27:32,-0.029140162,30.59721,33.14757
2023-02-01 11:27:37,-0.019228421,30.59444,33.14802
2023-02-01 11:27:42,-0.014744496,30.57819,33.14777
2023-02-01 11:27:47,0.032280342,30.57542,33.14823
2023-02-01 11:27:52,-0.03253157,30.57266,33.14869
2023-02-01 11:27:57,-0.007024681,30.56989,33.14914
2023-02-01 11:28:02,0.039511636,30.5536,33.14891
2023-02-01 11:28:07,-0.00677516,30.55083,33.14937
2023-02-01 11:28:12,-0.01105405,30.54806,33.14982
2023-02-01 11:28:17,-0.028208253,30.54529,33.15028
2023-02-01 11:28:22,0.007263819,30.52897,33.15006
2023-02-01 11:28:27,-0.010284852,30.5262,33.15052
2023-02-01 11:28:32,-0.028126627,30.52342,33.15099
2023-02-01 11:28:37,-0.024751882,30.52065,33.15145
2023-02-01 11:28:42,-0.037280257,30.5043,33.15123
2023-02-01 11:28:47,0.040315184,30.50152,33.1517
2023-02-01 11:28:52,-0.036190408,30.49874,33.15217
2023-02-01 11:28:57,0.051665045,30.49597,33.15264
2023-02-01 11:29:02,-0.057030475,30.47958,33.15243
2023-02-01 11:29:07,0.004154531,30.4768,33.1529
2023-02-01 11:29:12,-0.019664678,30.47402,33.15337
2023-02-01 11:29:17,-0.032930647,30.47124,33.15385
2023-02-01 11:29:22,0.054584017,30.45482,33.15365
2023-02-01 11:29:27,0.024923366,30.45204,33.15413
2023-02-01 11:29:32,0.053784093,30.44926,33.1546
2023-02-01 11:29:37,-0.002551816,30.44648,33.15508
2023-02-01 11:29:42,0.012307754,30.43002,33.15489
2023-02-01 11:29:47,0.012736919,30.42724,33.15537
2023-02-01 11:29:52,0.003294021,30.42445,33.15585
2023-02-01 11:29:57,0.079388766,30.42167,33.15634
2023-02-01 11:30:02,-0.041262452,30.40518,33.15616
2023-02-01 11:30:07,-0.002697604,30.40239,33.15664
2023-02-01 11:30:12,-0.012022451,30.3996,33.15713
2023-02-01 11:30:17,0.005381534,30.39682,33.15761
2023-02-01 11:30:22,-0.025295184,30.3803,33.15745
2023-02-01 11:30:27,0.02881427,30.37751,33.15794
2023-02-01 11:30:32,-0.028735825,30.37472,33.15842
2023-02-01 11:30:37,0.009349707,30.35817,33.15827
2023-02-01 11:30:42,0.007072777,30.35538,33.15876
2023-02-01 11:30:47,0.00523356,30.35258,33.15925
2023-02-01 11:30:52,0.021660295,30.34979,33.15975
2023-02-01 11:30:57,-0.063104669,30.33321,33.1596
2023-02-01 11:31:02,-0.00832634,30.33041,33.16009
2023-02-01 11:31:07,0.001158812,30.32761,33.16059
2023-02-01 11:31:12,0.011799291,30.32482,33.16109
2023-02-02 07:29:07,-0.054064166,38.367,28.92427
2023-02-02 07:29:12,-0.030238874,38.36646,28.92762
2023-02-02 07:29:17,0.062471212,38.36591,28.93097
2023-02-02 07:29:22,0.07558993,38.3565,28.94745
2023-02-02 07:29:27,0.035576234,38.35596,28.95079
2023-02-02 07:29:32,0.027137787,38.3554,28.95412
2023-02-02 07:29:37,0.040376168,38.35485,28.95746
2023-02-02 07:29:42,0.084999469,38.34543,28.97389
2023-02-02 07:29:47,0.044891496,38.34487,28.97721
2023-02-02 07:29:52,-0.053678731,38.34431,28.98053
2023-02-02 07:29:57,0.007244325,38.34374,28.98386
2023-02-02 07:30:02,-0.070243685,38.33432,29.00024
2023-02-02 07:30:07,-0.073516793,38.33375,29.00355
2023-02-02 07:30:12,-0.049973415,38.33317,29.00686
2023-02-02 07:30:17,-0.090221852,38.3326,29.01016
2023-02-02 07:30:22,-0.077384485,38.33202,29.01347
2023-02-02 07:30:27,-0.016981581,38.32259,29.02979
2023-02-02 07:30:32,-0.003999787,38.322,29.03309
2023-02-02 07:30:37,0.045888268,38.32142,29.03638
2023-02-02 07:30:42,0.04797477,38.32083,29.03968
2023-02-02 07:30:47,0.065838626,38.31139,29.05594
2023-02-02 07:30:52,0.078731061,38.31079,29.05923
2023-02-02 07:30:57,0.048581819,38.3102,29.06251
2023-02-02 07:31:02,0.01346176,38.3096,29.0658
2023-02-02 07:31:07,0.010300067,38.30015,29.08201
2023-02-02 07:31:12,-0.009253162,38.29955,29.08528
2023-02-02 07:31:17,0.024662594,38.29894,29.08855
2023-02-02 07:31:22,-0.026530229,38.29833,29.09182
2023-02-02 07:31:27,-0.093732673,38.29772,29.09509
2023-02-02 07:31:32,0.014361438,38.28826,29.11124
2023-02-02 07:31:37,-0.0102405,38.28765,29.1145
2023-02-02 07:31:42,-0.008401774,38.28703,29.11776
2023-02-02 07:31:47,-0.017050948,38.2864,29.12102
2023-02-02 07:31:52,-0.031428572,38.27694,29.13711
2023-02-02 07:31:57,0.023465326,38.27631,29.14036
2023-02-02 07:32:02,-0.017215464,38.27569,29.1436
2023-02-02 07:32:07,-0.009943335,38.27505,29.14685
2023-02-02 07:32:12,-0.029527059,38.27442,29.15009
2023-02-02 07:32:17,-0.022666793,38.26495,29.16612
2023-02-02 07:32:22,0.011018626,38.26431,29.16936
2023-02-02 07:32:27,-0.045728322,38.26367,29.17259
2023-02-02 07:32:32,0.025048359,38.26302,29.17582
2023-02-02 07:32:37,-0.069034518,38.25354,29.1918
2023-02-02 07:32:42,-0.051391922,38.2529,29.19502
2023-02-02 07:32:47,-0.049750708,38.25225,29.19824
2023-02-02 07:32:52,0.026307987,38.25159,29.20146
2023-02-02 07:32:57,-0.020041362,38.25094,29.20468
2023-02-02 07:33:02,-0.023570763,38.24145,29.22059
2023-02-02 07:33:07,-0.02729941,38.24079,29.2238
2023-02-02 07:33:12,-0.052355986,38.24012,29.22701
2023-02-02 07:33:17,-0.093219456,38.23946,29.23022
2023-02-02 07:33:22,-0.080980878,38.22997,29.24608
2023-02-02 07:33:27,-0.026299295,38.2293,29.24927
2023-02-02 07:33:32,-0.03006164,38.22862,29.25247
2023-02-02 07:33:37,-0.081607334,38.22795,29.25566
2023-02-02 07:33:42,0.01037031,38.22727,29.25885
2023-02-02 07:33:47,-0.078491311,38.21777,29.27465
2023-02-02 07:33:52,-0.023827992,38.21709,29.27783
2023-02-02 07:33:57,0.03083408,38.2164,29.28102
2023-02-02 07:34:02,-0.026051776,38.21572,29.2842
2023-02-02 07:34:07,-0.008508734,38.21502,29.28738
2023-02-02 07:34:12,0.046154537,38.20552,29.30311
2023-02-02 07:34:17,-0.016057629,38.20482,29.30628
2023-02-02 07:34:22,-0.019828092,38.20413,29.30945
2023-02-02 07:34:27,0.018854189,38.20343,29.31261
2023-02-02 07:34:32,0.009952457,38.19392,29.3283
2023-02-02 07:34:37,-0.121531943,38.19321,29.33145
2023-02-02 07:34:42,0.013105132,38.19251,29.33461
2023-02-02 07:34:47,-0.006818274,38.1918,29.33776
2023-02-02 07:34:52,0.021425881,38.19109,29.34092
2023-02-02 07:34:57,0.023029137,38.18157,29.35654
2023-02-02 07:35:02,0.046152228,38.18085,29.35968
2023-02-02 07:35:07,-0.031982714,38.18014,29.36282
2023-02-02 07:35:12,-0.078317263,38.17942,29.36596
2023-02-02 07:35:17,0.003088002,38.17869,29.3691
2023-02-02 07:35:22,0.036536993,38.16917,29.38466
2023-02-02 07:35:27,0.064860114,38.16844,29.38779
2023-02-02 07:35:32,0.045228462,38.16771,29.39091
2023-02-02 07:35:37,0.025802524,38.16698,29.39404
2023-02-02 07:35:42,0.032661474,38.16624,29.39717
2023-02-02 07:35:47,-0.045170221,38.15672,29.41266
2023-02-02 07:35:52,0.041671989,38.15598,29.41578
2023-02-02 07:35:57,-0.030984256,38.15523,29.41889
2023-02-02 07:36:02,0.01325607,38.15449,29.42201
2023-02-02 07:36:07,0.015067177,38.15374,29.42512
2023-02-02 07:36:12,0.022228661,38.14421,29.44055
2023-02-02 07:36:17,0.029411401,38.14346,29.44365
2023-02-02 07:36:22,0.00463636,38.14271,29.44675
2023-02-02 07:36:27,0.038512882,38.14195,29.44985
2023-02-02 07:36:32,0.040432994,38.13241,29.46523
2023-02-02 07:36:37,0.015917505,38.13166,29.46832
2023-02-02 07:36:42,0.070804102,38.13089,29.47141
2023-02-02 07:36:47,0.019688254,38.13013,29.4745
2023-02-02 07:36:52,0.005716808,38.12936,29.47758
2023-02-02 07:36:57,0.050400491,38.11982,29.4929
2023-02-02 07:37:02,0.036481407,38.11905,29.49597
2023-02-02 07:37:07,0.049048539,38.11827,29.49905
2023-02-02 07:37:12,-0.023064654,38.1175,29.50212
2023-02-02 07:37:17,-0.020911734,38.11672,29.5052
2023-02-02 07:37:22,0.045037911,38.10718,29.52045
2023-02-02 07:37:27,0.04191767,38.10639,29.52351
2023-02-02 07:37:32,0.028166509,38.10561,29.52657
2023-02-02 07:37:37,0.051754168,38.10482,29.52963
2023-02-02 07:37:42,0.022072264,38.10403,29.5327
2023-02-02 07:37:47,0.008410086,38.09448,29.54788
2023-02-02 07:37:52,0.005437901,38.09369,29.55093
2023-02-02 07:37:57,-0.002643551,38.09289,29.55398
2023-02-02 07:38:02,0.005105245,38.0921,29.55703
2023-02-02 07:38:07,0.007554878,38.09129,29.56007
2023-02-02 07:38:12,0.031355212,38.08174,29.5752
2023-02-02 07:38:17,0.060326185,38.08094,29.57823
2023-02-02 07:38:22,0.009760409,38.08013,29.58127
2023-02-02 07:38:27,0.017664672,38.07932,29.5843
2023-02-02 07:38:32,-0.006379165,38.07851,29.58734
2023-02-02 07:38:37,0.028047132,38.06895,29.6024
2023-02-02 07:38:42,-0.043712624,38.06814,29.60542
2023-02-02 07:38:47,0.028276352,38.06732,29.60844
2023-02-02 07:38:52,-0.016961481,38.0665,29.61146
2023-02-02 07:38:57,0.012450915,38.06568,29.61448
2023-02-02 07:39:02,0.03123465,38.05612,29.62948
2023-02-02 07:39:07,-0.040368587,38.05529,29.63249
2023-02-02 07:39:12,0.020926367,38.05446,29.6355
2023-02-02 07:39:17,0.082252051,38.05363,29.6385
2023-02-02 07:39:22,0.090689885,38.0528,29.64151
2023-02-02 07:39:27,0.040338762,38.05196,29.64451
2023-02-02 07:39:32,0.107085756,38.0424,29.65944
2023-02-02 07:39:37,0.025005718,38.04156,29.66243
2023-02-02 07:39:42,-0.025065123,38.04072,29.66542
2023-02-02 07:39:47,0.025781145,38.03987,29.66842
2023-02-02 07:39:52,-0.013571391,38.03902,29.67141
2023-02-02 07:39:57,0.063982242,38.02946,29.68627
2023-02-02 07:40:02,0.016891094,38.02861,29.68925
2023-02-02 07:40:07,0.048998,38.02776,29.69223
2023-02-02 07:40:12,-0.006231325,38.0269,29.69521
2023-02-02 07:40:17,-0.06676338,38.02604,29.69819
2023-02-02 07:40:22,0.074697318,38.01648,29.71299
2023-02-02 07:40:27,-0.092189462,38.01562,29.71596
2023-02-02 07:40:32,0.086633034,38.01475,29.71892
2023-02-02 07:40:37,0.068654747,38.01389,29.72189
2023-02-02 07:40:42,0.002922705,38.01302,29.72485
2023-02-02 07:40:47,0.038293123,38.00345,29.73959
2023-02-02 07:40:52,0.036378306,38.00258,29.74254
2023-02-02 07:40:57,0.024017548,38.00171,29.74549
2023-02-02 07:41:02,-0.010020466,38.00083,29.74844
2023-02-02 07:41:07,0.030963439,37.99995,29.75139
2023-02-02 07:41:12,0.044939133,37.99907,29.75434
2023-02-02 07:41:17,-0.041951424,37.9895,29.76901
2023-02-02 07:41:22,-0.017083176,37.98862,29.77195
2023-02-02 07:41:27,0.007805328,37.98773,29.77488
2023-02-02 07:41:32,0.000734232,37.98684,29.77782
2023-02-02 07:41:37,-0.08607612,37.98595,29.78076
2023-02-02 07:41:42,-0.013350888,37.97638,29.79536
2023-02-02 07:41:47,-0.052155033,37.97548,29.79828
2023-02-02 07:41:52,0.020605782,37.97459,29.80121
2023-02-02 07:41:57,-0.034153605,37.97369,29.80413
2023-02-02 07:42:02,-0.051777555,37.97279,29.80705
2023-02-02 07:42:07,-0.032266528,37.96322,29.82159
2023-02-02 07:42:12,-0.023019279,37.96231,29.8245
2023-02-02 07:42:17,-0.067246863,37.9614,29.82741
2023-02-02 07:42:22,-0.031511428,37.9605,29.83032
2023-02-02 07:42:27,0.004047283,37.95958,29.83323
2023-02-02 07:42:32,-0.002829769,37.95867,29.83614
2023-02-02 07:42:37,0.006485884,37.9491,29.8506
2023-02-02 07:42:42,-0.000556881,37.94818,29.8535
2023-02-02 07:42:47,-0.01253728,37.94726,29.8564
2023-02-02 07:42:52,-0.014037121,37.94634,29.85929
2023-02-02 07:42:57,-0.0101965,37.94541,29.86218
2023-02-02 07:43:02,-0.016239707,37.93584,29.87659
2023-02-02 07:43:07,0.013504183,37.93492,29.87947
2023-02-02 07:43:12,-0.057054797,37.93399,29.88235
2023-02-02 07:43:17,0.0370512,37.93306,29.88523
2023-02-02 07:43:22,0.003818434,37.93212,29.88811
2023-02-02 07:43:27,0.002382675,37.93118,29.89099
2023-02-02 07:43:32,-0.084133991,37.92162,29.90532
2023-02-02 07:43:37,0.010192736,37.92068,29.90819
2023-02-02 07:43:42,-0.028341131,37.91973,29.91106
2023-02-02 07:43:47,0.007369438,37.91879,29.91392
2023-02-02 07:43:52,-0.004693113,37.91784,29.91679
2023-02-02 07:43:57,-0.037879425,37.90827,29.93106
2023-02-02 07:44:02,-0.060590922,37.90732,29.93391
2023-02-02 07:44:07,-0.008678812,37.90637,29.93677
2023-02-02 07:44:12,-0.073829886,37.90542,29.93962
2023-02-02 07:44:17,0.009880382,37.90446,29.94247
2023-02-02 07:44:22,0.008506433,37.9035,29.94532
2023-02-02 07:44:27,-0.099081272,37.89394,29.95952
2023-02-02 07:44:32,-0.036679157,37.89298,29.96236
2023-02-02 07:44:37,-0.038232627,37.89201,29.9652
2023-02-02 07:44:42,-0.03426257,37.89104,29.96803
2023-02-02 07:44:47,-0.046088858,37.89008,29.97087
2023-02-02 07:44:52,-0.029686042,37.88051,29.98501
2023-02-02 07:44:57,-0.011674758,37.87954,29.98783
2023-02-02 07:45:02,-0.007693325,37.87857,29.99066
2023-02-02 07:45:07,0.007140857,37.87759,29.99348
2023-02-02 07:45:12,-0.042171896,37.87661,29.9963
2023-02-02 07:45:17,-0.00106405,37.87563,29.99912
2023-02-02 07:45:22,-0.018202155,37.86607,30.01319
2023-02-02 07:45:27,-0.014208643,37.86509,30.016
2023-02-02 07:45:32,-0.00507323,37.8641,30.01881
2023-02-02 07:45:37,-0.054183918,37.86311,30.02162
2023-02-02 07:45:42,-0.018203991,37.86212,30.02442
2023-02-02 07:45:47,0.001598182,37.86113,30.02723
2023-02-02 07:45:52,-0.047315152,37.85157,30.04122
2023-02-02 07:45:57,-0.043307533,37.85058,30.04402
2023-02-02 07:46:02,-0.018168086,37.84958,30.04681
2023-02-02 07:46:07,0.001834478,37.84858,30.04961
2023-02-02 07:46:12,-0.004809839,37.84758,30.0524
2023-02-02 07:46:17,-0.000601221,37.84657,30.05519
2023-02-02 07:46:22,-0.055209041,37.83702,30.06911
2023-02-02 07:46:27,0.01791394,37.83601,30.07189
2023-02-02 07:46:32,0.021941573,37.835,30.07467
2023-02-02 07:46:37,0.004652919,37.83399,30.07745
2023-02-02 07:46:42,-0.017771651,37.83298,30.08023
2023-02-02 07:46:47,0.028715744,37.83196,30.08301
2023-02-02 07:46:52,0.038087993,37.82241,30.09685
2023-02-02 07:46:57,0.036804495,37.82139,30.09962
2023-02-02 07:47:02,-0.060222646,37.82037,30.10238
2023-02-02 07:47:07,-0.029517618,37.81935,30.10515
2023-02-02 07:47:12,0.027651397,37.81832,30.10791
2023-02-02 07:47:17,0.021056823,37.80877,30.1217
2023-02-02 07:47:22,-0.022461312,37.80775,30.12445
2023-02-02 07:47:27,-0.007915876,37.80672,30.1272
2023-02-02 07:47:32,-0.008973734,37.80569,30.12995
2023-02-02 07:47:37,-0.015736447,37.80465,30.1327
2023-02-02 07:47:42,-0.000982777,37.80362,30.13545
2023-02-02 07:47:47,0.013777217,37.79407,30.14916
2023-02-02 07:47:52,0.017884077,37.79304,30.1519
2023-02-02 07:47:57,-0.068420358,37.79199,30.15464
2023-02-02 07:48:02,-0.011000248,37.79095,30.15737
2023-02-02 07:48:07,0.024917143,37.78991,30.16011
2023-02-02 07:48:12,0.02905305,37.78886,30.16284
2023-02-02 07:48:17,-0.035901797,37.77932,30.17648
2023-02-02 07:48:22,0.005369128,37.77827,30.17921
2023-02-02 07:48:27,-0.064899253,37.77722,30.18193
2023-02-02 07:48:32,0.035017574,37.77616,30.18465
2023-02-02 07:48:37,-0.019243781,37.77511,30.18737
2023-02-02 07:48:42,-0.025717418,37.77405,30.19009
2023-02-02 07:48:47,0.015787456,37.77299,30.1928
2023-02-02 07:48:52,0.041121427,37.76346,30.20637
2023-02-02 07:48:57,0.018876268,37.76239,30.20907
2023-02-02 07:49:02,0.017770144,37.76133,30.21178
2023-02-02 07:49:07,-0.004645891,37.76026,30.21448
2023-02-02 07:49:12,0.042236905,37.75919,30.21719
2023-02-02 07:49:17,0.003851161,37.75812,30.21989
2023-02-02 07:49:22,-0.060983606,37.74859,30.23338
2023-02-02 07:49:27,0.039038507,37.74752,30.23607
2023-02-02 07:49:32,0.037992989,37.74644,30.23876
2023-02-02 07:49:37,-0.037470585,37.74536,30.24145
2023-02-02 07:49:42,-0.006515757,37.74428,30.24414
2023-02-02 07:49:47,0.034919215,37.7432,30.24683
2023-02-02 07:49:52,0.044575659,37.73368,30.26025
2023-02-02 07:49:57,0.027783284,37.7326,30.26292
2023-02-02 07:50:02,0.042790782,37.73151,30.2656
2023-02-02 07:50:07,0.009839527,37.73042,30.26827
2023-02-02 07:50:12,-0.012251125,37.72933,30.27095
2023-02-02 07:50:17,0.023726762,37.72823,30.27362
2023-02-02 07:50:22,0.070755508,37.71872,30.28697
2023-02-02 07:50:27,-0.01526299,37.71763,30.28963
2023-02-02 07:50:32,0.079565046,37.71653,30.29229
2023-02-02 07:50:37,0.057525677,37.71543,30.29495
2023-02-02 07:50:42,0.05643514,37.71433,30.29761
2023-02-02 07:50:47,0.039745052,37.71322,30.30027
2023-02-02 07:50:52,0.01754431,37.70372,30.31354
2023-02-02 07:50:57,-0.036436508,37.70261,30.31619
2023-02-02 07:51:02,0.01580935,37.7015,30.31883
2023-02-02 07:51:07,0.06825422,37.70039,30.32148
2023-02-02 07:51:12,0.067408514,37.69928,30.32412
2023-02-02 07:51:17,0.023931422,37.69817,30.32677
2023-02-02 07:51:22,-0.040476785,37.69705,30.32941
2023-02-02 07:51:27,-0.020169958,37.68755,30.3426
2023-02-02 07:51:32,0.037453329,37.68643,30.34523
2023-02-02 07:51:37,0.010185382,37.68531,30.34786
2023-02-02 07:51:42,-0.033066212,37.68419,30.35049
2023-02-02 07:51:47,0.013916111,37.68306,30.35312
2023-02-02 07:51:52,0.029114493,37.68194,30.35575
2023-02-02 07:51:57,0.022998058,37.67245,30.36887
2023-02-02 07:52:02,-0.046882491,37.67132,30.37149
2023-02-02 07:52:07,0.058747229,37.67019,30.3741
2023-02-02 07:52:12,0.052642481,37.66906,30.37672
2023-02-02 07:52:17,0.041210608,37.66792,30.37933
2023-02-02 07:52:22,0.019311335,37.66678,30.38194
2023-02-02 07:52:27,0.018352769,37.66564,30.38455
2023-02-02 07:52:32,0.038905097,37.65616,30.3976
2023-02-02 07:52:37,0.01167889,37.65502,30.4002
2023-02-02 07:52:42,0.0267111,37.65388,30.40279
2023-02-02 07:52:47,-0.016315638,37.65273,30.40539
2023-02-02 07:52:52,-0.043735002,37.65158,30.40799
2023-02-02 07:52:57,-0.04983709,37.65044,30.41058
2023-02-02 07:53:02,0.050465887,37.64097,30.42356
2023-02-02 07:53:07,0.033697204,37.63982,30.42614
2023-02-02 07:53:12,0.00645462,37.63866,30.42873
2023-02-02 07:53:17,0.021465381,37.63751,30.43131
2023-02-02 07:53:22,0.010201223,37.63635,30.43389
2023-02-02 07:53:27,0.009399766,37.63519,30.43647
2023-02-02 07:53:32,-0.007399079,37.63402,30.43905
2023-02-02 07:53:37,0.050222188,37.62457,30.45194
2023-02-02 07:53:42,0.054725457,37.6234,30.45451
2023-02-02 07:53:47,-0.036529392,37.62224,30.45708
2023-02-02 07:53:52,0.053041315,37.62107,30.45965
2023-02-02 07:53:57,0.047042541,37.6199,30.46221
2023-02-02 07:54:02,0.010085145,37.61873,30.46478
2023-02-02 07:54:07,0.029295978,37.60928,30.4776
2023-02-02 07:54:12,-0.030042113,37.60811,30.48015
2023-02-02 07:54:17,-0.030956386,37.60693,30.48271
2023-02-02 07:54:22,0.037211799,37.60576,30.48526
2023-02-02 07:54:27,0.041594576,37.60457,30.48781
2023-02-02 07:54:32,-0.06044832,37.60339,30.49036
2023-02-02 07:54:37,0.050306243,37.60221,30.49291
2023-02-02 07:54:42,0.0386436,37.59277,30.50565
2023-02-02 07:54:47,0.021821183,37.59159,30.50819
2023-02-02 07:54:52,0.020586728,37.5904,30.51072
2023-02-02 07:54:57,-0.060047528,37.58921,30.51326
2023-02-02 07:55:02,0.013291956,37.58802,30.51579
2023-02-02 07:55:07,-0.035599675,37.58683,30.51833
2023-02-02 07:55:12,-0.004947871,37.58563,30.52086
2023-02-02 07:55:17,-0.000780675,37.57621,30.53352
2023-02-02 07:55:22,-0.028428926,37.57501,30.53604
2023-02-02 07:55:27,0.007474148,37.57381,30.53856
2023-02-02 07:55:32,-0.009759476,37.57261,30.54108
2023-02-02 07:55:37,-0.02683161,37.57141,30.5436
2023-02-02 07:55:42,-0.038793555,37.5702,30.54612
2023-02-02 07:55:47,-0.077435504,37.569,30.54864
2023-02-02 07:55:52,0.000959364,37.55959,30.56122
2023-02-02 07:55:57,-0.011095818,37.55838,30.56372
2023-02-02 07:56:02,-0.007003606,37.55717,30.56623
2023-02-02 07:56:07,-0.02959424,37.55595,30.56873
2023-02-02 07:56:12,0.016689253,37.55474,30.57124
2023-02-02 07:56:17,0.015158963,37.55352,30.57374
2023-02-02 07:56:22,0.002933494,37.5523,30.57624
2023-02-02 07:56:27,-0.035787432,37.54291,30.58874
2023-02-02 07:56:32,-0.016106378,37.54169,30.59123
2023-02-02 07:56:37,-0.007122686,37.54047,30.59372
2023-02-02 07:56:42,-0.051666584,37.53924,30.5962
2023-02-02 07:56:47,-0.010780178,37.53802,30.59869
2023-02-02 07:56:52,-0.017711955,37.53679,30.60118
2023-02-02 07:56:57,-0.024873883,37.53556,30.60366
2023-02-02 07:57:02,-0.04806601,37.52618,30.61608
2023-02-02 07:57:07,-0.007530462,37.52495,30.61856
2023-02-02 07:57:12,-0.094383145,37.52371,30.62103
2023-02-02 07:57:17,0.004507857,37.52248,30.6235
2023-02-02 07:57:22,-0.013330617,37.52124,30.62597
2023-02-02 07:57:27,-0.052722009,37.52,30.62844
2023-02-02 07:57:32,-0.012207834,37.51876,30.63091
2023-02-02 07:57:37,-0.072815289,37.50939,30.64325
2023-02-02 07:57:42,-0.016589344,37.50815,30.64571
2023-02-02 07:57:47,-0.002856748,37.50691,30.64816
2023-02-02 07:57:52,-0.021148226,37.50566,30.65062
2023-02-02 07:57:57,-0.018165079,37.50442,30.65307
2023-02-02 07:58:02,-0.041686486,37.50316,30.65553
2023-02-02 07:58:07,-0.012334801,37.50191,30.65798
2023-02-02 07:58:12,-0.014627754,37.49256,30.67024
2023-02-02 07:58:17,-0.006687452,37.49131,30.67268
2023-02-02 07:58:22,-0.073031478,37.49005,30.67512
2023-02-02 07:58:27,0.009435208,37.4888,30.67756
2023-02-02 07:58:32,-0.025021928,37.48754,30.68
2023-02-02 07:58:37,-0.0172671,37.48628,30.68244
2023-02-02 07:58:42,-0.036017996,37.48501,30.68488
2023-02-02 07:58:47,0.014473219,37.47568,30.69706
2023-02-02 07:58:52,-0.004371198,37.47441,30.69949
2023-02-02 07:58:57,-0.001752267,37.47315,30.70191
2023-02-02 07:59:02,-0.004890784,37.47188,30.70433
2023-02-02 07:59:07,0.008294476,37.47061,30.70675
2023-02-02 07:59:12,-0.01073684,37.46934,30.70918
2023-02-02 07:59:17,-0.083113862,37.46807,30.7116
2023-02-02 07:59:22,0.0041697,37.46679,30.71401
2023-02-02 07:59:27,-0.009671141,37.45747,30.72611
2023-02-02 07:59:32,-0.039167354,37.4562,30.72852
2023-02-02 07:59:37,-0.085080186,37.45492,30.73092
2023-02-02 07:59:42,0.007158237,37.45364,30.73333
2023-02-02 07:59:47,-0.054645693,37.45235,30.73574
2023-02-02 07:59:52,0.048351634,37.45107,30.73814
2023-02-02 07:59:57,0.013106549,37.44978,30.74054
2023-02-02 08:00:02,0.036255,37.44048,30.75256
2023-02-02 08:00:07,0.016719452,37.4392,30.75495
2023-02-02 08:00:12,-0.050830013,37.43791,30.75734
2023-02-02 08:00:17,-0.059794495,37.43662,30.75973
2023-02-02 08:00:22,-0.015503779,37.43532,30.76212
2023-02-02 08:00:27,0.028553065,37.43403,30.76451
2023-02-02 08:00:32,0.035637984,37.43273,30.76689
2023-02-02 08:00:37,0.020979636,37.42345,30.77883
2023-02-02 08:00:42,0.001329596,37.42215,30.78121
2023-02-02 08:00:47,-0.039872649,37.42086,30.78358
2023-02-02 08:00:52,-0.0011677,37.41955,30.78596
2023-02-02 08:00:57,0.032165855,37.41825,30.78833
2023-02-02 08:01:02,0.00682964,37.41695,30.7907
2023-02-02 08:01:07,-0.007887313,37.41564,30.79307
2023-02-02 08:01:12,0.025325043,37.41433,30.79544
2023-02-02 08:01:17,0.03717826,37.40507,30.80729
2023-02-02 08:01:22,-0.057415697,37.40376,30.80965
2023-02-02 08:01:27,0.044777944,37.40245,30.81201
2023-02-02 08:01:32,0.040335263,37.40113,30.81436
2023-02-02 08:01:37,0.020245848,37.39982,30.81672
2023-02-02 08:01:42,-0.031860208,37.3985,30.81907
2023-02-02 08:01:47,0.032684199,37.39718,30.82142
2023-02-02 08:01:52,0.039134374,37.39586,30.82378
2023-02-02 08:01:57,-0.034399669,37.38662,30.83554
2023-02-02 08:02:02,-0.012220715,37.3853,30.83788
2023-02-02 08:02:07,0.05770246,37.38398,30.84022
2023-02-02 08:02:12,0.037173381,37.38265,30.84256
2023-02-02 08:02:17,-0.020508223,37.38132,30.8449
2023-02-02 08:02:22,0.022664779,37.38,30.84724
2023-02-02 08:02:27,-0.003293076,37.37866,30.84957
2023-02-02 08:02:32,0.061135346,37.36944,30.86126
2023-02-02 08:02:37,0.008654885,37.36811,30.86358
2023-02-02 08:02:42,0.035901881,37.36678,30.86591
2023-02-02 08:02:47,0.036469074,37.36544,30.86823
2023-02-02 08:02:52,0.052996305,37.36411,30.87055
2023-02-02 08:02:57,0.053504516,37.36277,30.87287
2023-02-02 08:03:02,0.053793649,37.36143,30.87519
2023-02-02 08:03:07,0.033115745,37.36008,30.87751
2023-02-02 08:03:12,-0.019569255,37.35089,30.88911
2023-02-02 08:03:17,0.060585788,37.34954,30.89142
2023-02-02 08:03:22,-0.018992687,37.3482,30.89372
2023-02-02 08:03:27,-0.045107642,37.34685,30.89603
2023-02-02 08:03:32,-0.002339841,37.3455,30.89833
2023-02-02 08:03:37,0.00328395,37.34415,30.90064
2023-02-02 08:03:42,0.051522663,37.3428,30.90294
2023-02-02 08:03:47,0.04643843,37.34145,30.90524
2023-02-02 08:03:52,-0.011777921,37.33227,30.91675
2023-02-02 08:03:57,0.014880836,37.33092,30.91904
2023-02-02 08:04:02,0.052177227,37.32956,30.92133
2023-02-02 08:04:07,0.073652474,37.3282,30.92362
2023-02-02 08:04:12,0.041997596,37.32684,30.92591
2023-02-02 08:04:17,-0.026987388,37.32548,30.92819
2023-02-02 08:04:22,0.047534537,37.32412,30.93048
2023-02-02 08:04:27,-0.011020816,37.32275,30.93276
2023-02-02 08:04:32,0.005023566,37.3136,30.94419
2023-02-02 08:04:37,-0.042719409,37.31224,30.94646
2023-02-02 08:04:42,0.042386668,37.31087,30.94873
2023-02-02 08:04:47,0.021067101,37.3095,30.951
2023-02-02 08:04:52,0.026379994,37.30813,30.95327
2023-02-02 08:04:57,0.037006251,37.30675,30.95554
2023-02-02 08:05:02,-0.037472029,37.30538,30.95781
2023-02-02 08:05:07,0.026231155,37.304,30.96008
2023-02-02 08:05:12,0.0154908,37.29487,30.97142
2023-02-02 08:05:17,-0.032383194,37.2935,30.97367
2023-02-02 08:05:22,0.009956368,37.29212,30.97593
2023-02-02 08:05:27,0.036482984,37.29074,30.97818
2023-02-02 08:05:32,0.020357049,37.28936,30.98043
2023-02-02 08:05:37,-0.027570639,37.28797,30.98268
2023-02-02 08:05:42,0.014717416,37.28659,30.98494
2023-02-02 08:05:47,-0.017244289,37.2852,30.98718
2023-02-02 08:05:52,-0.044077656,37.28381,30.98943
2023-02-02 08:05:57,-0.001823085,37.27471,31.00068
2023-02-02 08:06:02,0.024621923,37.27332,31.00291
2023-02-02 08:06:07,0.02440767,37.27193,31.00515
2023-02-02 08:06:12,0.029514162,37.27054,31.00738
2023-02-02 08:06:17,0.034421603,37.26914,31.00962
2023-02-02 08:06:22,0.034371802,37.26774,31.01185
2023-02-02 08:06:27,0.03412397,37.26634,31.01408
2023-02-02 08:06:32,0.012549323,37.26494,31.01632
2023-02-02 08:06:37,-0.009031923,37.25587,31.02747
2023-02-02 08:06:42,-0.009299545,37.25447,31.02969
2023-02-02 08:06:47,0.017076881,37.25307,31.03191
2023-02-02 08:06:52,-0.046969915,37.25166,31.03413
2023-02-02 08:06:57,-0.041922699,37.25026,31.03635
2023-02-02 08:07:02,-0.068668531,37.24885,31.03856
2023-02-02 08:07:07,-0.047638969,37.24744,31.04078
2023-02-02 08:07:12,0.015646438,37.24603,31.04299
2023-02-02 08:07:17,-0.021767757,37.23698,31.05406
2023-02-02 08:07:22,0.009724408,37.23557,31.05627
2023-02-02 08:07:27,-0.038542901,37.23416,31.05847
2023-02-02 08:07:32,0.00379769,37.23275,31.06067
2023-02-02 08:07:37,0.035288059,37.23133,31.06287
2023-02-02 08:07:42,-0.049908007,37.22991,31.06507
2023-02-02 08:07:47,-0.002426116,37.22849,31.06726
2023-02-02 08:07:52,-0.034700867,37.22707,31.06946
2023-02-02 08:07:57,-0.040133354,37.22564,31.07166
2023-02-02 08:08:02,-0.008634061,37.21663,31.08264
2023-02-02 08:08:07,0.039048833,37.21521,31.08482
2023-02-02 08:08:12,-0.014342042,37.21378,31.087
2023-02-02 08:08:17,-0.014619249,37.21236,31.08918
2023-02-02 08:08:22,0.043547756,37.21093,31.09137
2023-02-02 08:08:27,-0.020486372,37.20949,31.09355
2023-02-02 08:08:32,-0.074044275,37.20806,31.09572
2023-02-02 08:08:37,0.010792818,37.20663,31.0979
2023-02-02 08:08:42,-0.021429718,37.19764,31.1088
2023-02-02 08:08:47,0.010315602,37.19621,31.11096
2023-02-02 08:08:52,0.004761069,37.19477,31.11313
2023-02-02 08:08:57,-0.018167216,37.19334,31.1153
2023-02-02 08:09:02,-0.000986646,37.1919,31.11746
2023-02-02 08:09:07,0.009481395,37.19046,31.11962
2023-02-02 08:09:12,-0.033146871,37.18901,31.12178
2023-02-02 08:09:17,-0.070622613,37.18757,31.12394
2023-02-02 08:09:22,-0.049455294,37.18612,31.1261
2023-02-02 08:09:27,-0.04959307,37.17717,31.1369
2023-02-02 08:09:32,0.019383012,37.17572,31.13905
2023-02-02 08:09:37,0.045926408,37.17428,31.1412
2023-02-02 08:09:42,0.008527484,37.17283,31.14335
2023-02-02 08:09:47,-0.076632591,37.17138,31.14549
2023-02-02 08:09:52,0.008402361,37.16992,31.14764
2023-02-02 08:09:57,-0.08718958,37.16847,31.14978
2023-02-02 08:10:02,-0.071404325,37.16701,31.15192
2023-02-02 08:10:07,-0.060737782,37.16555,31.15406
2023-02-02 08:10:12,-0.023400156,37.15664,31.16477
2023-02-02 08:10:17,0.019099355,37.15518,31.1669
2023-02-02 08:10:22,0.019173155,37.15372,31.16903
2023-02-02 08:10:27,0.024600951,37.15226,31.17116
2023-02-02 08:10:32,0.019393654,37.1508,31.17328
2023-02-02 08:10:37,0.003552077,37.14933,31.17541
2023-02-02 08:10:42,-0.012072566,37.14786,31.17753
2023-02-02 08:10:47,0.003928642,37.1464,31.17966
2023-02-02 08:10:52,0.014818517,37.14492,31.18178
2023-02-02 08:10:57,-0.048691323,37.13604,31.19239
2023-02-02 08:11:02,-0.005143962,37.13457,31.19451
2023-02-02 08:11:07,-0.004929983,37.1331,31.19662
2023-02-02 08:11:12,0.016035428,37.13163,31.19873
2023-02-02 08:11:17,-0.052680616,37.13016,31.20084
2023-02-02 08:11:22,0.032632795,37.12868,31.20294
2023-02-02 08:11:27,-0.014696731,37.1272,31.20505
2023-02-02 08:11:32,-0.056661892,37.12572,31.20716
2023-02-02 08:11:37,-0.05614269,37.12424,31.20926
2023-02-02 08:11:42,0.029500969,37.11539,31.21978
2023-02-02 08:11:47,0.024763373,37.11391,31.22187
2023-02-02 08:11:52,-0.033045398,37.11243,31.22396
2023-02-02 08:11:57,-0.011057169,37.11094,31.22606
2023-02-02 08:12:02,-0.007803076,37.10946,31.22815
2023-02-02 08:12:07,-0.02578166,37.10797,31.23024
2023-02-02 08:12:12,0.006986426,37.10648,31.23232
2023-02-02 08:12:17,0.018476319,37.10499,31.23441
2023-02-02 08:12:22,-0.044420052,37.1035,31.2365
2023-02-02 08:12:27,-0.006385673,37.102,31.23858
2023-02-02 08:12:32,-0.037215839,37.09319,31.249
2023-02-02 08:12:37,-0.030882662,37.0917,31.25107
2023-02-02 08:12:42,-0.056483964,37.09021,31.25315
2023-02-02 08:12:47,0.045688117,37.08871,31.25522
2023-02-02 08:12:52,0.025508729,37.08721,31.25729
2023-02-02 08:12:57,0.026696101,37.08571,31.25936
2023-02-02 08:13:02,-0.03050785,37.08421,31.26143
2023-02-02 08:13:07,0.013224171,37.0827,31.2635
2023-02-02 08:13:12,-0.022753456,37.0812,31.26556
2023-02-02 08:13:17,0.00527713,37.07243,31.27589
2023-02-02 08:13:22,0.02269787,37.07092,31.27794
2023-02-02 08:13:27,-0.039589516,37.06942,31.28
2023-02-02 08:13:32,0.031041271,37.06791,31.28205
2023-02-02 08:13:37,0.000835712,37.0664,31.2841
2023-02-02 08:13:42,0.04491996,37.06489,31.28616
2023-02-02 08:13:47,0.041277751,37.06338,31.28821
2023-02-02 08:13:52,-0.036740506,37.06186,31.29026
2023-02-02 08:13:57,0.028821474,37.06035,31.2923
2023-02-02 08:14:02,0.051987854,37.05161,31.30254
2023-02-02 08:14:07,0.043228368,37.0501,31.30458
2023-02-02 08:14:12,0.045182927,37.04858,31.30661
2023-02-02 08:14:17,0.010072614,37.04706,31.30865
2023-02-02 08:14:22,0.022795787,37.04554,31.31068
2023-02-02 08:14:27,-0.017725425,37.04402,31.31271
2023-02-02 08:14:32,0.048406879,37.0425,31.31475
2023-02-02 08:14:37,0.029125173,37.04097,31.31678
2023-02-02 08:14:42,0.0209395,37.03944,31.31881
2023-02-02 08:14:47,-0.003370923,37.03792,31.32084
2023-02-02 08:14:52,-0.027625811,37.02922,31.33097
2023-02-02 08:14:57,-0.035645009,37.0277,31.33299
2023-02-02 08:15:02,-0.04912879,37.02617,31.335
2023-02-02 08:15:07,-0.014778161,37.02464,31.33702
2023-02-02 08:15:12,0.025148343,37.02311,31.33904
2023-02-02 08:15:17,0.001361755,37.02157,31.34105
2023-02-02 08:15:22,0.003899375,37.02004,31.34306
2023-02-02 08:15:27,-0.003977126,37.0185,31.34507
2023-02-02 08:15:32,0.05729999,37.01696,31.34708
2023-02-02 08:15:37,0.070853228,37.01542,31.34909
2023-02-02 08:15:42,0.052671962,37.00677,31.35912
2023-02-02 08:15:47,0.055674335,37.00523,31.36112
2023-02-02 08:15:52,0.053401055,37.00369,31.36312
2023-02-02 08:15:57,0.0032124,37.00215,31.36512
2023-02-02 08:16:02,0.043685714,37.0006,31.36711
2023-02-02 08:16:07,0.025583011,36.99906,31.36911
2023-02-02 08:16:12,0.02904307,36.99751,31.3711
2023-02-02 08:16:17,0.05349424,36.99596,31.37309
2023-02-02 08:16:22,0.040878037,36.99441,31.37508
2023-02-02 08:16:27,-0.024795654,36.99286,31.37707
2023-02-02 08:16:32,0.058438219,36.98425,31.38701
2023-02-02 08:16:37,0.040834476,36.9827,31.38898
2023-02-02 08:16:42,-0.014219591,36.98115,31.39096
2023-02-02 08:16:47,0.042513076,36.9796,31.39294
2023-02-02 08:16:52,0.046375404,36.97804,31.39492
2023-02-02 08:16:57,-0.050983107,36.97648,31.39689
2023-02-02 08:17:02,-0.041886992,36.97492,31.39886
2023-02-02 08:17:07,-0.027415011,36.97336,31.40084
2023-02-02 08:17:12,0.050870844,36.9718,31.40281
2023-02-02 08:17:17,-0.003856548,36.97024,31.40478
2023-02-02 08:17:22,-0.042360235,36.96168,31.41461
2023-02-02 08:17:27,-0.054171793,36.96012,31.41657
2023-02-02 08:17:32,-0.050142228,36.95855,31.41853
2023-02-02 08:17:37,0.03349613,36.95699,31.42049
2023-02-02 08:17:42,-0.020832376,36.95542,31.42244
2023-02-02 08:17:47,-0.006023531,36.95385,31.4244
2023-02-02 08:17:52,0.035282457,36.95228,31.42635
2023-02-02 08:17:57,-0.024262545,36.95071,31.42831
2023-02-02 08:18:02,0.027966204,36.94913,31.43026
2023-02-02 08:18:07,0.037399823,36.94756,31.43221
2023-02-02 08:18:12,0.041727508,36.93904,31.44195
2023-02-02 08:18:17,0.008968634,36.93747,31.44389
2023-02-02 08:18:22,0.002700152,36.9359,31.44583
2023-02-02 08:18:27,-0.056646906,36.93432,31.44776
2023-02-02 08:18:32,0.032891871,36.93274,31.4497
2023-02-02 08:18:37,6.0676e-05,36.93116,31.45164
2023-02-02 08:18:42,-0.037693318,36.92958,31.45357
2023-02-02 08:18:47,0.014615545,36.928,31.4555
2023-02-02 08:18:52,0.008509705,36.92641,31.45744
2023-02-02 08:18:57,0.044875583,36.92483,31.45937
2023-02-02 08:19:02,0.060133487,36.92324,31.4613
2023-02-02 08:19:07,0.022112411,36.91477,31.47093
2023-02-02 08:19:12,0.032269632,36.91319,31.47285
2023-02-02 08:19:17,0.036924118,36.9116,31.47477
2023-02-02 08:19:22,-0.022173877,36.91001,31.47668
2023-02-02 08:19:27,-0.04946801,36.90842,31.4786
2023-02-02 08:19:32,-0.018310049,36.90683,31.48052
2023-02-02 08:19:37,-0.008269268,36.90523,31.48243
2023-02-02 08:19:42,-0.045996853,36.90364,31.48434
2023-02-02 08:19:47,0.012032904,36.90204,31.48625
2023-02-02 08:19:52,0.016581105,36.90044,31.48816
2023-02-02 08:19:57,0.026655944,36.89203,31.4977
2023-02-02 08:20:02,-0.069481786,36.89043,31.4996
2023-02-02 08:20:07,0.025499701,36.88883,31.5015
2023-02-02 08:20:12,-0.017523511,36.88723,31.5034
2023-02-02 08:20:17,-0.012766839,36.88563,31.50529
2023-02-02 08:20:22,0.018448299,36.88403,31.50719
2023-02-02 08:20:27,0.002072883,36.88242,31.50908
2023-02-02 08:20:32,0.038802796,36.88082,31.51098
2023-02-02 08:20:37,0.000909022,36.87921,31.51287
2023-02-02 08:20:42,0.010978049,36.8776,31.51476
2023-02-02 08:20:47,0.031699367,36.87599,31.51665
2023-02-02 08:20:52,0.036421771,36.86763,31.52608
2023-02-02 08:20:57,-0.001315338,36.86602,31.52796
2023-02-02 08:21:02,-0.028594751,36.86441,31.52984
2023-02-02 08:21:07,-0.050367354,36.8628,31.53171
2023-02-02 08:21:12,0.017882977,36.86118,31.53359
2023-02-02 08:21:17,0.022538974,36.85957,31.53546
2023-02-02 08:21:22,0.016708081,36.85795,31.53734
2023-02-02 08:21:27,-0.037110747,36.85633,31.53921
2023-02-02 08:21:32,-0.011381645,36.85471,31.54108
2023-02-02 08:21:37,0.003856566,36.85309,31.54295
2023-02-02 08:21:42,-0.06601612,36.85147,31.54482
2023-02-02 08:21:47,0.044733205,36.84316,31.55415
2023-02-02 08:21:52,-0.003869136,36.84154,31.556
2023-02-02 08:21:57,0.037729797,36.83992,31.55786
2023-02-02 08:22:02,-0.03738604,36.83829,31.55972
2023-02-02 08:22:07,0.030805728,36.83667,31.56158
2023-02-02 08:22:12,0.003219196,36.83504,31.56343
2023-02-02 08:22:17,0.029090876,36.83341,31.56528
2023-02-02 08:22:22,-0.019879297,36.83178,31.56714
2023-02-02 08:22:27,0.005545331,36.83015,31.56899
2023-02-02 08:22:32,-0.016653363,36.82852,31.57084
2023-02-02 08:22:37,-0.01242878,36.82688,31.57269
2023-02-02 08:22:42,-0.077339797,36.81863,31.58191
2023-02-02 08:22:47,-0.067860367,36.817,31.58374
2023-02-02 08:22:52,-0.03196072,36.81537,31.58558
2023-02-02 08:22:57,-0.006570658,36.81373,31.58742
2023-02-02 08:23:02,-0.02900066,36.8121,31.58925
2023-02-02 08:23:07,-0.041003176,36.81046,31.59109
2023-02-02 08:23:12,-0.079698131,36.80882,31.59292
2023-02-02 08:23:17,0.009290778,36.80717,31.59475
2023-02-02 08:23:22,0.013146584,36.80553,31.59658
2023-02-02 08:23:27,0.027616646,36.80389,31.59841
2023-02-02 08:23:32,0.015390754,36.80224,31.60024
2023-02-02 08:23:37,0.008638126,36.80059,31.60207
2023-02-02 08:23:42,0.02810641,36.7924,31.61118
2023-02-02 08:23:47,0.015736887,36.79076,31.61299
2023-02-02 08:23:52,-0.055120635,36.78911,31.61481
2023-02-02 08:23:57,-0.062069115,36.78746,31.61662
2023-02-02 08:24:02,-0.010819779,36.78581,31.61844
2023-02-02 08:24:07,0.024578974,36.78416,31.62025
2023-02-02 08:24:12,-0.052002218,36.78251,31.62206
2023-02-02 08:24:17,-0.016707487,36.78086,31.62387
2023-02-02 08:24:22,0.007874668,36.7792,31.62568
2023-02-02 08:24:27,0.032213179,36.77754,31.62749
2023-02-02 08:24:32,0.030229112,36.77588,31.6293
2023-02-02 08:24:37,0.033140268,36.76775,31.6383
2023-02-02 08:24:42,-0.070030421,36.7661,31.6401
2023-02-02 08:24:47,-0.040388591,36.76444,31.64189
2023-02-02 08:24:52,0.026317258,36.76278,31.64368
2023-02-02 08:24:57,0.029199059,36.76112,31.64548
2023-02-02 08:25:02,0.032025277,36.75946,31.64727
2023-02-02 08:25:07,0.00833641,36.75779,31.64906
2023-02-02 08:25:12,0.037510192,36.75613,31.65085
2023-02-02 08:25:17,0.029508689,36.75446,31.65264
2023-02-02 08:25:22,0.005651699,36.75279,31.65443
2023-02-02 08:25:27,0.008197655,36.75112,31.65621
2023-02-02 08:25:32,0.010687322,36.74945,31.658
2023-02-02 08:25:37,-0.050838301,36.74138,31.66689
2023-02-02 08:25:42,0.015307415,36.73972,31.66867
2023-02-02 08:25:47,-0.003691264,36.73805,31.67044
2023-02-02 08:25:52,-0.017225844,36.73638,31.67221
2023-02-02 08:25:57,0.006302604,36.7347,31.67399
2023-02-02 08:26:02,-0.002204161,36.73303,31.67576
2023-02-02 08:26:07,0.005223253,36.73135,31.67753
2023-02-02 08:26:12,0.007265167,36.72967,31.67929
2023-02-02 08:26:17,-0.022727466,36.728,31.68106
2023-02-02 08:26:22,-0.004805662,36.72631,31.68283
2023-02-02 08:26:27,0.002401693,36.72463,31.68459
2023-02-02 08:26:32,-0.07553346,36.72295,31.68636
2023-02-02 08:26:37,-0.079093947,36.71495,31.69514
2023-02-02 08:26:42,-0.029408769,36.71327,31.69689
2023-02-02 08:26:47,-0.006616496,36.71159,31.69864
2023-02-02 08:26:52,-0.010335974,36.7099,31.7004
2023-02-02 08:26:57,-0.008777618,36.70822,31.70215
2023-02-02 08:27:02,0.003389079,36.70653,31.7039
2023-02-02 08:27:07,-0.016474846,36.70484,31.70564
2023-02-02 08:27:12,-0.084168135,36.70316,31.70739
2023-02-02 08:27:17,-0.008193803,36.70146,31.70914
2023-02-02 08:27:22,-0.033537243,36.69977,31.71088
2023-02-02 08:27:27,-0.053599425,36.69808,31.71262
2023-02-02 08:27:32,0.011378704,36.69638,31.71436
2023-02-02 08:27:37,-0.029907983,36.68845,31.72304
2023-02-02 08:27:42,-0.012802691,36.68676,31.72477
2023-02-02 08:27:47,-0.025357607,36.68506,31.7265
2023-02-02 08:27:52,-0.085327299,36.68337,31.72823
2023-02-02 08:27:57,-0.047037818,36.68167,31.72996
2023-02-02 08:28:02,0.012337305,36.67998,31.73169
2023-02-02 08:28:07,-0.008088749,36.67828,31.73341
2023-02-02 08:28:12,-0.039026481,36.67657,31.73514
2023-02-02 08:28:17,-0.006427081,36.67487,31.73686
2023-02-02 08:28:22,-0.000137122,36.67317,31.73859
2023-02-02 08:28:27,-0.015586969,36.67146,31.74031
2023-02-02 08:28:32,0.006424026,36.66976,31.74203
2023-02-02 08:28:37,0.007077521,36.66805,31.74375
2023-02-02 08:28:42,-0.050554418,36.66019,31.7523
2023-02-02 08:28:47,0.008274284,36.65848,31.75401
2023-02-02 08:28:52,-0.028490093,36.65678,31.75572
2023-02-02 08:28:57,0.014850238,36.65507,31.75743
2023-02-02 08:29:02,-0.01684253,36.65336,31.75914
2023-02-02 08:29:07,-0.032197405,36.65165,31.76084
2023-02-02 08:29:12,0.015994312,36.64994,31.76254
2023-02-02 08:29:17,0.021706218,36.64822,31.76425
2023-02-02 08:29:22,-0.020580987,36.64651,31.76595
2023-02-02 08:29:27,0.011721593,36.64479,31.76765
2023-02-02 08:29:32,-0.003782845,36.64307,31.76935
2023-02-02 08:29:37,-0.01436531,36.64135,31.77105
2023-02-02 08:29:42,-0.013933514,36.63963,31.77274
2023-02-02 08:29:47,-0.003248173,36.63185,31.78118
2023-02-02 08:29:52,-0.002866412,36.63013,31.78287
2023-02-02 08:29:57,-0.002889062,36.62841,31.78456
2023-02-02 08:30:02,-0.034533462,36.62669,31.78624
2023-02-02 08:30:07,0.008038336,36.62497,31.78792
2023-02-02 08:30:12,0.013660174,36.62325,31.78961
2023-02-02 08:30:17,-0.023567821,36.62152,31.79129
2023-02-02 08:30:22,0.034932666,36.6198,31.79297
2023-02-02 08:30:27,0.056105036,36.61807,31.79465
2023-02-02 08:30:32,0.035000877,36.61634,31.79633
2023-02-02 08:30:37,0.024348958,36.61461,31.798
2023-02-02 08:30:42,0.056320034,36.61288,31.79968
2023-02-02 08:30:47,0.040306241,36.61114,31.80135
2023-02-02 08:30:52,0.029607298,36.60344,31.80968
2023-02-02 08:30:57,-0.002235097,36.60171,31.81134
2023-02-02 08:31:02,0.020324134,36.59998,31.813
2023-02-02 08:31:07,-0.018371451,36.59824,31.81467
2023-02-02 08:31:12,0.013325584,36.59651,31.81633
2023-02-02 08:31:17,-0.013237349,36.59478,31.81799
2023-02-02 08:31:22,0.029096739,36.59304,31.81965
2023-02-02 08:31:27,0.060951016,36.5913,31.8213
2023-02-02 08:31:32,0.050155821,36.58956,31.82296
2023-02-02 08:31:37,0.01822197,36.58782,31.82462
2023-02-02 08:31:42,0.044527454,36.58608,31.82627
2023-02-02 08:31:47,0.049504834,36.58433,31.82792
2023-02-02 08:31:52,-0.030233451,36.58259,31.82958
2023-02-02 08:31:57,0.060006705,36.57496,31.83779
2023-02-02 08:32:02,0.038263285,36.57322,31.83943
2023-02-02 08:32:07,0.054299541,36.57148,31.84107
2023-02-02 08:32:12,0.053910397,36.56973,31.84271
2023-02-02 08:32:17,0.043045547,36.56799,31.84435
2023-02-02 08:32:22,0.048164357,36.56624,31.84599
2023-02-02 08:32:27,-0.031620638,36.56449,31.84762
2023-02-02 08:32:32,-0.010523432,36.56274,31.84926
2023-02-02 08:32:37,0.069007052,36.56099,31.85089
2023-02-02 08:32:42,-0.016314442,36.55924,31.85252
2023-02-02 08:32:47,0.036556002,36.55748,31.85416
2023-02-02 08:32:52,0.036312569,36.55573,31.85579
2023-02-02 08:32:57,0.025404314,36.55397,31.85742
2023-02-02 08:33:02,0.03581066,36.55221,31.85904
2023-02-02 08:33:07,0.030222302,36.54467,31.86713
2023-02-02 08:33:12,0.024819202,36.54292,31.86875
2023-02-02 08:33:17,0.040349994,36.54116,31.87037
2023-02-02 08:33:22,0.034746282,36.5394,31.87198
2023-02-02 08:33:27,0.013147438,36.53764,31.8736
2023-02-02 08:33:32,0.044652007,36.53588,31.87522
2023-02-02 08:33:37,0.028562303,36.53412,31.87683
2023-02-02 08:33:42,-0.019703189,36.53236,31.87844
2023-02-02 08:33:47,-0.020005512,36.5306,31.88005
2023-02-02 08:33:52,0.027655062,36.52883,31.88166
2023-02-02 08:33:57,0.016679734,36.52706,31.88327
2023-02-02 08:34:02,0.005887776,36.5253,31.88487
2023-02-02 08:34:07,-0.015761667,36.52353,31.88648
2023-02-02 08:34:12,-0.037418975,36.52176,31.88808
2023-02-02 08:34:17,0.015534443,36.5143,31.89605
2023-02-02 08:34:22,-0.032789144,36.51253,31.89765
2023-02-02 08:34:27,-0.017162896,36.51076,31.89924
2023-02-02 08:34:32,-0.059984895,36.509,31.90084
2023-02-02 08:34:37,0.051179553,36.50722,31.90243
2023-02-02 08:34:42,-0.034492682,36.50545,31.90402
2023-02-02 08:34:47,0.023731646,36.50368,31.90561
2023-02-02 08:34:52,-0.013994236,36.5019,31.9072
2023-02-02 08:34:57,0.033546175,36.50013,31.90878
2023-02-02 08:35:02,-0.008640237,36.49835,31.91037
2023-02-02 08:35:07,-0.008948408,36.49657,31.91195
2023-02-02 08:35:12,-0.026258995,36.49479,31.91354
2023-02-02 08:35:17,-0.058722871,36.49301,31.91512
2023-02-02 08:35:22,0.031195372,36.49123,31.9167
2023-02-02 08:35:27,0.020019326,36.48386,31.92455
2023-02-02 08:35:32,-0.028483234,36.48208,31.92612
2023-02-02 08:35:37,0.008275152,36.4803,31.92769
2023-02-02 08:35:42,0.01303553,36.47852,31.92926
2023-02-02 08:35:47,0.017776733,36.47674,31.93083
2023-02-02 08:35:52,0.02249778,36.47495,31.9324
2023-02-02 08:35:57,0.016538178,36.47317,31.93396
2023-02-02 08:36:02,-0.015902374,36.47138,31.93553
2023-02-02 08:36:07,-0.01124629,36.46959,31.93709
2023-02-02 08:36:12,-0.001283494,36.4678,31.93865
2023-02-02 08:36:17,-0.002195114,36.46601,31.94021
2023-02-02 08:36:22,0.007718511,36.46422,31.94177
2023-02-02 08:36:27,-0.067481863,36.46243,31.94333
2023-02-02 08:36:32,-0.057430285,36.46063,31.94489
2023-02-02 08:36:37,0.037301389,36.45883,31.94645
2023-02-02 08:36:42,0.020457103,36.45156,31.95417
2023-02-02 08:36:47,0.019573396,36.44977,31.95572
2023-02-02 08:36:52,-0.039779094,36.44798,31.95726
2023-02-02 08:36:57,-0.01407433,36.44618,31.95881
2023-02-02 08:37:02,0.016738327,36.44439,31.96035
2023-02-02 08:37:07,0.021059014,36.44259,31.9619
2023-02-02 08:37:12,-0.017102827,36.44079,31.96344
2023-02-02 08:37:17,0.013609247,36.43899,31.96498
2023-02-02 08:37:22,0.028486685,36.43719,31.96652
2023-02-02 08:37:27,-0.057750159,36.43539,31.96805
2023-02-02 08:37:32,0.052612073,36.43359,31.96959
2023-02-02 08:37:37,0.035399147,36.43178,31.97112
2023-02-02 08:37:42,0.039657738,36.42998,31.97266
2023-02-02 08:37:47,0.00409323,36.42817,31.97419
2023-02-02 08:37:52,-0.032273585,36.42636,31.97572
2023-02-02 08:37:57,0.040772596,36.41918,31.98332
2023-02-02 08:38:02,0.02887899,36.41738,31.98485
2023-02-02 08:38:07,-0.031216774,36.41557,31.98637
2023-02-02 08:38:12,-0.000747256,36.41377,31.98789
2023-02-02 08:38:17,0.024157902,36.41196,31.98941
2023-02-02 08:38:22,0.028079372,36.41015,31.99093
2023-02-02 08:38:27,-0.058653258,36.40834,31.99244
2023-02-02 08:38:32,0.030074419,36.40653,31.99396
2023-02-02 08:38:37,-0.030101674,36.40471,31.99547
2023-02-02 08:38:42,-0.026746993,36.4029,31.99699
2023-02-02 08:38:47,0.051178325,36.40108,31.9985
2023-02-02 08:38:52,-0.057111537,36.39927,32.00001
2023-02-02 08:38:57,-0.021733371,36.39745,32.00152
2023-02-02 08:39:02,-0.013245051,36.39563,32.00303
2023-02-02 08:39:07,-0.057535424,36.39381,32.00454
2023-02-02 08:39:12,-0.006509314,36.39198,32.00604
2023-02-02 08:39:17,0.007155978,36.38492,32.01351
2023-02-02 08:39:22,-0.021679821,36.3831,32.01501
2023-02-02 08:39:27,0.040040442,36.38128,32.0165
2023-02-02 08:39:32,0.037748947,36.37946,32.018
2023-02-02 08:39:37,-0.028554699,36.37764,32.01949
2023-02-02 08:39:42,-0.00430356,36.37581,32.02099
2023-02-02 08:39:47,0.041023031,36.37399,32.02248
2023-02-02 08:39:52,0.033186567,36.37217,32.02397
2023-02-02 08:39:57,0.025485876,36.37034,32.02546
2023-02-02 08:40:02,0.033529913,36.36851,32.02694
2023-02-02 08:40:07,0.030859067,36.36668,32.02843
2023-02-02 08:40:12,-0.030496041,36.36485,32.02992
2023-02-02 08:40:17,-0.022427158,36.36302,32.0314
2023-02-02 08:40:22,-0.030593798,36.36118,32.03288
2023-02-02 08:40:27,0.024762261,36.35935,32.03436
2023-02-02 08:40:32,-0.047093728,36.35752,32.03585
2023-02-02 08:40:37,-0.039627575,36.35056,32.04318
2023-02-02 08:40:42,-0.032026556,36.34872,32.04466
2023-02-02 08:40:47,-0.003161511,36.34689,32.04613
2023-02-02 08:40:52,-0.059630347,36.34506,32.0476
2023-02-02 08:40:57,-0.03087583,36.34323,32.04906
2023-02-02 08:41:02,-0.034155895,36.34139,32.05053
2023-02-02 08:41:07,-0.053480536,36.33955,32.052
2023-02-02 08:41:12,0.028408486,36.33772,32.05346
2023-02-02 08:41:17,0.00878445,36.33588,32.05493
2023-02-02 08:41:22,-0.058482131,36.33403,32.05639
2023-02-02 08:41:27,-0.056513604,36.33219,32.05785
2023-02-02 08:41:32,-0.05497898,36.33035,32.05931
2023-02-02 08:41:37,-0.037317233,36.3285,32.06077
2023-02-02 08:41:42,0.0067514,36.32666,32.06223
2023-02-02 08:41:47,-0.039459679,36.32481,32.06368
2023-02-02 08:41:52,-0.032803834,36.32296,32.06514
2023-02-02 08:41:57,0.032620812,36.32111,32.06659
2023-02-02 08:42:02,-0.008635531,36.31427,32.07379
2023-02-02 08:42:07,0.014082288,36.31243,32.07524
2023-02-02 08:42:12,-0.000780847,36.31058,32.07668
2023-02-02 08:42:17,-0.009981414,36.30873,32.07813
2023-02-02 08:42:22,0.001709545,36.30689,32.07957
2023-02-02 08:42:27,0.013734623,36.30504,32.08101
2023-02-02 08:42:32,0.020003351,36.30319,32.08245
2023-02-02 08:42:37,0.010618091,36.30133,32.08389
2023-02-02 08:42:42,0.006138144,36.29948,32.08532
2023-02-02 08:42:47,0.017985543,36.29763,32.08676
2023-02-02 08:42:52,0.002760555,36.29577,32.0882
2023-02-02 08:42:57,0.019664282,36.29392,32.08963
2023-02-02 08:43:02,0.015208356,36.29206,32.09106
2023-02-02 08:43:07,-0.005085956,36.2902,32.09249
2023-02-02 08:43:12,-0.014948655,36.28834,32.09392
2023-02-02 08:43:17,0.012080586,36.28648,32.09535
2023-02-02 08:43:22,0.018135328,36.28461,32.09678
2023-02-02 08:43:27,0.008356161,36.27789,32.10385
2023-02-02 08:43:32,0.003683403,36.27603,32.10527
2023-02-02 08:43:37,0.009638602,36.27417,32.10668
2023-02-02 08:43:42,-0.000426767,36.27231,32.1081
2023-02-02 08:43:47,-0.058300302,36.27045,32.10952
2023-02-02 08:43:52,0.000485225,36.26859,32.11093
2023-02-02 08:43:57,-0.057443031,36.26672,32.11234
2023-02-02 08:44:02,-0.008988692,36.26486,32.11376
2023-02-02 08:44:07,-0.056496657,36.26299,32.11517
2023-02-02 08:44:12,-0.029598701,36.26113,32.11658
2023-02-02 08:44:17,0.008128522,36.25926,32.11798
2023-02-02 08:44:22,-0.076371221,36.25739,32.11939
2023-02-02 08:44:27,-0.086841344,36.25552,32.1208
2023-02-02 08:44:32,-0.012049441,36.25364,32.1222
2023-02-02 08:44:37,-0.059670189,36.25177,32.12361
2023-02-02 08:44:42,-0.006036049,36.2499,32.12501
2023-02-02 08:44:47,0.020746135,36.24802,32.12641
2023-02-02 08:44:52,-0.00559077,36.24142,32.13335
2023-02-02 08:44:57,0.010702819,36.23955,32.13474
2023-02-02 08:45:02,-0.063429104,36.23768,32.13613
2023-02-02 08:45:07,0.027280067,36.2358,32.13752
2023-02-02 08:45:12,-0.009551956,36.23393,32.13891
2023-02-02 08:45:17,-0.01992715,36.23206,32.1403
2023-02-02 08:45:22,-0.019643286,36.23018,32.14169
2023-02-02 08:45:27,-0.019358528,36.2283,32.14307
2023-02-02 08:45:32,-0.035251339,36.22642,32.14446
2023-02-02 08:45:37,0.007679524,36.22454,32.14584
2023-02-02 08:45:42,-0.055791796,36.22266,32.14722
2023-02-02 08:45:47,-0.066146955,36.22078,32.1486
2023-02-02 08:45:52,0.045714489,36.2189,32.14998
2023-02-02 08:45:57,0.024909777,36.21701,32.15136
2023-02-02 08:46:02,0.014586944,36.21513,32.15274
2023-02-02 08:46:07,0.009417621,36.21324,32.15411
2023-02-02 08:46:12,-0.016674968,36.21135,32.15549
2023-02-02 08:46:17,-0.037610807,36.20946,32.15686
2023-02-02 08:46:22,-0.063857591,36.20299,32.16366
2023-02-02 08:46:27,-0.052774624,36.20111,32.16503
2023-02-02 08:46:32,0.027238676,36.19922,32.16639
2023-02-02 08:46:37,0.022567878,36.19734,32.16775
2023-02-02 08:46:42,0.007072234,36.19545,32.16912
2023-02-02 08:46:47,-0.045706318,36.19356,32.17048
2023-02-02 08:46:52,0.029270939,36.19167,32.17184
2023-02-02 08:46:57,0.014050203,36.18978,32.1732
2023-02-02 08:47:02,0.025129452,36.18789,32.17455
2023-02-02 08:47:07,0.025771841,36.186,32.17591
2023-02-02 08:47:12,-0.026660499,36.1841,32.17726
2023-02-02 08:47:17,0.000701036,36.18221,32.17862
2023-02-02 08:47:22,-0.030529673,36.18031,32.17997
2023-02-02 08:47:27,0.012706323,36.17841,32.18132
2023-02-02 08:47:32,-0.012926354,36.17651,32.18267
2023-02-02 08:47:37,0.035719887,36.17461,32.18402
2023-02-02 08:47:42,-0.000489696,36.17271,32.18537
2023-02-02 08:47:47,-0.047506277,36.17081,32.18672
2023-02-02 08:47:52,0.033058933,36.16891,32.18806
2023-02-02 08:47:57,0.028962289,36.16257,32.19472
2023-02-02 08:48:02,0.005410809,36.16068,32.19605
2023-02-02 08:48:07,0.020529572,36.15878,32.19739
2023-02-02 08:48:12,0.026855518,36.15688,32.19872
2023-02-02 08:48:17,-0.035486455,36.15498,32.20006
2023-02-02 08:48:22,-0.00774019,36.15308,32.20139
2023-02-02 08:48:27,-0.027720973,36.15117,32.20272
2023-02-02 08:48:32,-0.005009832,36.14927,32.20405
2023-02-02 08:48:37,0.023084556,36.14736,32.20538
2023-02-02 08:48:42,0.040383072,36.14546,32.20671
2023-02-02 08:48:47,-0.000511752,36.14355,32.20803
2023-02-02 08:48:52,0.016897369,36.14164,32.20936
2023-02-02 08:48:57,-0.03454543,36.13973,32.21068
2023-02-02 08:49:02,0.009626438,36.13782,32.21201
2023-02-02 08:49:07,0.027396409,36.1359,32.21333
2023-02-02 08:49:12,0.034374168,36.13399,32.21465
2023-02-02 08:49:17,0.046930548,36.13208,32.21597
2023-02-02 08:49:22,0.033086331,36.13016,32.21729
2023-02-02 08:49:27,0.045570045,36.12824,32.2186
2023-02-02 08:49:32,-0.042584337,36.12633,32.21992
2023-02-02 08:49:37,0.055106606,36.12014,32.22643
2023-02-02 08:49:42,-0.01693886,36.11823,32.22774
2023-02-02 08:49:47,0.043562075,36.11632,32.22904
2023-02-02 08:49:52,0.051204467,36.1144,32.23035
2023-02-02 08:49:57,0.016267317,36.11249,32.23165
2023-02-02 08:50:02,0.050678867,36.11057,32.23295
2023-02-02 08:50:07,0.015861207,36.10866,32.23426
2023-02-02 08:50:12,0.039732167,36.10674,32.23556
2023-02-02 08:50:17,0.037012825,36.10482,32.23686
2023-02-02 08:50:22,-0.002766601,36.1029,32.23816
2023-02-02 08:50:27,0.010431152,36.10098,32.23945
2023-02-02 08:50:32,0.061186993,36.09905,32.24075
2023-02-02 08:50:37,0.026721971,36.09713,32.24204
2023-02-02 08:50:42,0.066742783,36.0952,32.24334
2023-02-02 08:50:47,0.005932568,36.09328,32.24463
2023-02-02 08:50:52,0.024937012,36.09135,32.24592
2023-02-02 08:50:57,0.001357545,36.08942,32.24721
2023-02-02 08:51:02,0.078910942,36.08749,32.2485
2023-02-02 08:51:07,0.082089827,36.08556,32.24979
2023-02-02 08:51:12,0.069332168,36.08363,32.25108
2023-02-02 08:51:17,0.030167481,36.0817,32.25236
2023-02-02 08:51:22,-0.003806268,36.07567,32.25872
2023-02-02 08:51:27,0.074008334,36.07375,32.25999
2023-02-02 08:51:32,0.03480425,36.07182,32.26127
2023-02-02 08:51:37,0.054467895,36.06989,32.26255
2023-02-02 08:51:42,0.004699435,36.06796,32.26382
2023-02-02 08:51:47,0.045395087,36.06603,32.26509
2023-02-02 08:51:52,0.049016323,36.0641,32.26636
2023-02-02 08:51:57,0.06867067,36.06216,32.26763
2023-02-02 08:52:02,0.05105781,36.06023,32.2689
2023-02-02 08:52:07,0.044145482,36.05829,32.27017
2023-02-02 08:52:12,0.010813185,36.05636,32.27144
2023-02-02 08:52:17,-0.017341525,36.05442,32.2727
2023-02-02 08:52:22,0.00783917,36.05248,32.27397
2023-02-02 08:52:27,0.027724951,36.05054,32.27523
2023-02-02 08:52:32,-0.000515536,36.0486,32.2765
2023-02-02 08:52:37,0.072734416,36.04666,32.27776
2023-02-02 08:52:42,-0.024352414,36.04471,32.27902
2023-02-02 08:52:47,0.027446118,36.04277,32.28028
2023-02-02 08:52:52,0.037012728,36.04082,32.28154
2023-02-02 08:52:57,0.030424402,36.03888,32.28279
2023-02-02 08:53:02,0.0025397,36.03693,32.28405
2023-02-02 08:53:07,0.027785459,36.03107,32.29025
2023-02-02 08:53:12,0.03192159,36.02913,32.2915
2023-02-02 08:53:17,-0.001043315,36.02719,32.29274
2023-02-02 08:53:22,0.013596415,36.02525,32.29399
2023-02-02 08:53:27,0.012641333,36.0233,32.29523
2023-02-02 08:53:32,0.027307779,36.02136,32.29648
2023-02-02 08:53:37,-0.016263625,36.01941,32.29772
2023-02-02 08:53:42,0.030401535,36.01746,32.29896
2023-02-02 08:53:47,-0.018484339,36.01552,32.3002
2023-02-02 08:53:52,0.006872746,36.01357,32.30144
2023-02-02 08:53:57,0.037753079,36.01162,32.30267
2023-02-02 08:54:02,0.047314843,36.00966,32.30391
2023-02-02 08:54:07,-0.06019218,36.00771,32.30514
2023-02-02 08:54:12,-0.018845009,36.00576,32.30638
2023-02-02 08:54:17,0.05466724,36.0038,32.30761
2023-02-02 08:54:22,0.010914752,36.00185,32.30884
2023-02-02 08:54:27,-0.016666178,35.99989,32.31007
2023-02-02 08:54:32,-0.028458252,35.99794,32.3113
2023-02-02 08:54:37,0.039305442,35.99598,32.31253
2023-02-02 08:54:42,0.001027626,35.99402,32.31376
2023-02-02 08:54:47,0.026502434,35.99206,32.31498
2023-02-02 08:54:52,-0.038649281,35.99009,32.3162
2023-02-02 08:54:57,0.024097249,35.98813,32.31743
2023-02-02 08:55:02,-0.030245588,35.98245,32.32347
2023-02-02 08:55:07,0.021605819,35.9805,32.32468
2023-02-02 08:55:12,-0.059434997,35.97854,32.3259
2023-02-02 08:55:17,-0.012965477,35.97658,32.32711
2023-02-02 08:55:22,-0.008783236,35.97462,32.32832
2023-02-02 08:55:27,-0.08477026,35.97266,32.32954
2023-02-02 08:55:32,0.009387397,35.9707,32.33074
2023-02-02 08:55:37,-0.071423988,35.96874,32.33195
2023-02-02 08:55:42,0.001345298,35.96678,32.33316
2023-02-02 08:55:47,-0.015959599,35.96481,32.33437
2023-02-02 08:55:52,-0.054812692,35.96284,32.33557
2023-02-02 08:55:57,0.002042642,35.96088,32.33678
2023-02-02 08:56:02,-0.031370932,35.95891,32.33798
2023-02-02 08:56:07,-0.049027607,35.95694,32.33918
2023-02-02 08:56:12,-0.034939131,35.95497,32.34038
2023-02-02 08:56:17,-0.063154308,35.953,32.34158
2023-02-02 08:56:22,-0.038307098,35.95103,32.34278
2023-02-02 08:56:27,0.007621792,35.94906,32.34398
2023-02-02 08:56:32,-0.0846952,35.94709,32.34517
2023-02-02 08:56:37,-0.033535083,35.94511,32.34637
2023-02-02 08:56:42,-0.024874918,35.94314,32.34756
2023-02-02 08:56:47,-0.000276909,35.94116,32.34875
2023-02-02 08:56:52,-0.029031009,35.93918,32.34994
2023-02-02 08:56:57,-0.132077016,35.9372,32.35113
2023-02-02 08:57:02,-0.006752673,35.93172,32.35701
2023-02-02 08:57:07,-0.009021064,35.92974,32.35819
2023-02-02 08:57:12,-0.043325117,35.92777,32.35937
2023-02-02 08:57:17,-0.061505903,35.9258,32.36055
2023-02-02 08:57:22,-0.095924234,35.92382,32.36173
2023-02-02 08:57:27,-0.06663196,35.92185,32.36291
2023-02-02 08:57:32,-0.015888073,35.91987,32.36409
2023-02-02 08:57:37,-0.055811705,35.91789,32.36526
2023-02-02 08:57:42,-0.031835625,35.91592,32.36644
2023-02-02 08:57:47,-0.061218341,35.91394,32.36761
2023-02-02 08:57:52,-0.058681402,35.91196,32.36878
2023-02-02 08:57:57,-0.008235191,35.90997,32.36995
2023-02-02 08:58:02,0.00465107,35.90799,32.37112
2023-02-02 08:58:07,0.007007619,35.90601,32.37229
2023-02-02 08:58:12,-0.02267554,35.90402,32.37346
2023-02-02 08:58:17,-0.046898542,35.90204,32.37462
2023-02-02 08:58:22,-0.071371961,35.90005,32.37579
2023-02-02 08:58:27,-0.074585505,35.89806,32.37695
2023-02-02 08:58:32,0.012559577,35.89608,32.37812
2023-02-02 08:58:37,0.014366799,35.89409,32.37928
2023-02-02 08:58:42,0.000506037,35.8921,32.38044
2023-02-02 08:58:47,-0.013603471,35.8901,32.3816
2023-02-02 08:58:52,0.020007874,35.88811,32.38276
2023-02-02 08:58:57,-0.06845507,35.88612,32.38392
2023-02-02 08:59:02,0.007681516,35.88412,32.38507
2023-02-02 08:59:07,-0.007054187,35.87884,32.39078
2023-02-02 08:59:12,0.005409958,35.87685,32.39193
2023-02-02 08:59:17,-0.008847453,35.87486,32.39308
2023-02-02 08:59:22,0.008440435,35.87288,32.39422
2023-02-02 08:59:27,0.036525633,35.87089,32.39537
2023-02-02 08:59:32,-0.031189192,35.8689,32.39651
2023-02-02 08:59:37,-0.008726816,35.8669,32.39765
2023-02-02 08:59:42,-0.002113663,35.86491,32.3988
2023-02-02 08:59:47,0.0151108,35.86292,32.39994
2023-02-02 08:59:52,-0.026341245,35.86092,32.40108
2023-02-02 08:59:57,0.022769038,35.85893,32.40221
2023-02-02 09:00:02,-0.024103965,35.85693,32.40335
2023-02-02 09:00:07,-0.012391519,35.85493,32.40449
2023-02-02 09:00:12,0.015078261,35.85293,32.40562
2023-02-02 09:00:17,-0.026400994,35.85093,32.40675
2023-02-02 09:00:22,0.022308394,35.84893,32.40789
2023-02-02 09:00:27,0.039190946,35.84693,32.40902
2023-02-02 09:00:32,0.034717628,35.84493,32.41015
2023-02-02 09:00:37,0.00889005,35.84293,32.41128
2023-02-02 09:00:42,-0.070079141,35.84092,32.41241
2023-02-02 09:00:47,-0.005552654,35.83892,32.41353
2023-02-02 09:00:52,-0.004633863,35.83691,32.41466
2023-02-02 09:00:57,0.011866197,35.8349,32.41578
2023-02-02 09:01:02,-0.001215976,35.8329,32.41691
2023-02-02 09:01:07,0.018521454,35.83089,32.41803
2023-02-02 09:01:12,0.018959551,35.82888,32.41915
2023-02-02 09:01:17,-0.075990188,35.82687,32.42027
2023-02-02 09:01:22,-0.000972034,35.8218,32.4258
2023-02-02 09:01:27,0.031390365,35.8198,32.42692
2023-02-02 09:01:32,-0.00011071,35.8178,32.42803
2023-02-02 09:01:37,0.021835547,35.81579,32.42914
2023-02-02 09:01:42,-0.014747735,35.81379,32.43025
2023-02-02 09:01:47,0.001579194,35.81178,32.43136
2023-02-02 09:01:52,0.018090004,35.80977,32.43246
2023-02-02 09:01:57,0.029266782,35.80776,32.43357
2023-02-02 09:02:02,-0.076626466,35.80575,32.43467
2023-02-02 09:02:07,0.003646678,35.80374,32.43578
2023-02-02 09:02:12,-0.001166352,35.80173,32.43688
2023-02-02 09:02:17,-0.000645212,35.79972,32.43798
2023-02-02 09:02:22,-0.01422535,35.7977,32.43908
2023-02-02 09:02:27,0.011078398,35.79569,32.44018
2023-02-02 09:02:32,-0.036343902,35.79367,32.44128
2023-02-02 09:02:37,-0.009134478,35.79166,32.44238
2023-02-02 09:02:42,-0.008559553,35.78964,32.44347
2023-02-02 09:02:47,-0.082586153,35.78762,32.44457
2023-02-02 09:02:52,-0.028675301,35.7856,32.44566
2023-02-02 09:02:57,-0.038701926,35.78358,32.44675
2023-02-02 09:03:02,0.015064042,35.78156,32.44785
2023-02-02 09:03:07,0.015747064,35.77954,32.44894
2023-02-02 09:03:12,-0.068630105,35.77752,32.45002
2023-02-02 09:03:17,0.00120988,35.77549,32.45111
2023-02-02 09:03:22,-0.040465346,35.77347,32.4522
2023-02-02 09:03:27,0.013451735,35.77144,32.45329
2023-02-02 09:03:32,0.024956532,35.76942,32.45437
2023-02-02 09:03:37,-0.037928468,35.76739,32.45545
2023-02-02 09:03:42,-0.005214992,35.76536,32.45654
2023-02-02 09:03:47,0.038201211,35.76054,32.46188
2023-02-02 09:03:52,0.007424171,35.75852,32.46296
2023-02-02 09:03:57,-0.034156206,35.7565,32.46403
2023-02-02 09:04:02,-0.011919136,35.75448,32.4651
2023-02-02 09:04:07,0.031878836,35.75246,32.46618
2023-02-02 09:04:12,-0.030678563,35.75043,32.46725
2023-02-02 09:04:17,-0.056062234,35.74841,32.46832
2023-02-02 09:04:22,0.04081809,35.74638,32.46939
2023-02-02 09:04:27,0.010409643,35.74436,32.47045
2023-02-02 09:04:32,0.043639726,35.74233,32.47152
2023-02-02 09:04:37,-0.007966296,35.7403,32.47258
2023-02-02 09:04:42,0.046708906,35.73827,32.47365
2023-02-02 09:04:47,0.05367052,35.73624,32.47471
2023-02-02 09:04:52,0.071168597,35.73421,32.47577
2023-02-02 09:04:57,-0.011962052,35.73218,32.47683
2023-02-02 09:05:02,0.048314138,35.73014,32.47789
2023-02-02 09:05:07,-0.008215509,35.72811,32.47895
2023-02-02 09:05:12,-0.022223112,35.72608,32.48001
2023-02-02 09:05:17,0.006483262,35.72404,32.48106
2023-02-02 09:05:22,-0.0073737,35.722,32.48212
2023-02-02 09:05:27,0.079734341,35.71997,32.48317
2023-02-02 09:05:32,0.060893675,35.71793,32.48423
2023-02-02 09:05:37,0.052602343,35.71589,32.48528
2023-02-02 09:05:42,0.070851237,35.71385,32.48633
2023-02-02 09:05:47,0.084042694,35.71181,32.48738
2023-02-02 09:05:52,-0.019750299,35.70977,32.48843
2023-02-02 09:05:57,0.014928393,35.70773,32.48948
2023-02-02 09:06:02,0.081481451,35.70568,32.49052
2023-02-02 09:06:07,0.041903199,35.70364,32.49157
2023-02-02 09:06:12,0.060660311,35.70159,32.49261
2023-02-02 09:06:17,0.026586802,35.69955,32.49365
2023-02-02 09:06:22,0.082829935,35.6975,32.4947
2023-02-02 09:06:27,-0.004364787,35.69296,32.49984
2023-02-02 09:06:32,0.030928386,35.69092,32.50088
2023-02-02 09:06:37,0.081921047,35.68888,32.50191
2023-02-02 09:06:42,0.04829733,35.68684,32.50294
2023-02-02 09:06:47,-0.064993285,35.6848,32.50398
2023-02-02 09:06:52,0.087542623,35.68276,32.50501
2023-02-02 09:06:57,0.06999432,35.68072,32.50604
2023-02-02 09:07:02,0.073858314,35.67867,32.50706
2023-02-02 09:07:07,0.003196355,35.67663,32.50809
2023-02-02 09:07:12,0.017906338,35.67458,32.50912
2023-02-02 09:07:17,0.059359102,35.67253,32.51014
2023-02-02 09:07:22,0.052936027,35.67049,32.51116
2023-02-02 09:07:27,0.041276441,35.66844,32.51219
2023-02-02 09:07:32,0.029900513,35.66639,32.51321
2023-02-02 09:07:37,0.034226958,35.66434,32.51423
2023-02-02 09:07:42,-0.014271962,35.66229,32.51525
2023-02-02 09:07:47,0.043539658,35.66024,32.51627
2023-02-02 09:07:52,0.032535873,35.65819,32.51728
2023-02-02 09:07:57,0.03190348,35.65613,32.5183
2023-02-02 09:08:02,0.04221333,35.65408,32.51932
2023-02-02 09:08:07,0.042145417,35.65203,32.52033
2023-02-02 09:08:12,-0.011320913,35.64997,32.52134
2023-02-02 09:08:17,-0.043376865,35.64791,32.52235
2023-02-02 09:08:22,0.041725109,35.64586,32.52336
2023-02-02 09:08:27,-0.000620696,35.6438,32.52437
2023-02-02 09:08:32,-0.005758526,35.64174,32.52538
2023-02-02 09:08:37,-0.00547828,35.63968,32.52639
2023-02-02 09:08:42,-0.026430197,35.63762,32.5274
2023-02-02 09:08:47,0.032462836,35.63556,32.5284
2023-02-02 09:08:52,-0.05722491,35.6335,32.5294
2023-02-02 09:08:57,0.033628094,35.63144,32.53041
2023-02-02 09:09:02,0.018537836,35.62937,32.53141
2023-02-02 09:09:07,-0.049768438,35.62731,32.53241
2023-02-02 09:09:12,0.025534282,35.62524,32.53341
2023-02-02 09:09:17,-0.016149634,35.62318,32.53441
2023-02-02 09:09:22,-0.004454452,35.62111,32.5354
2023-02-02 09:09:27,-0.014000073,35.61688,32.54034
2023-02-02 09:09:32,0.003181769,35.61482,32.54133
2023-02-02 09:09:37,-0.000879496,35.61276,32.54232
2023-02-02 09:09:42,0.048243434,35.6107,32.54331
2023-02-02 09:09:47,-0.035236371,35.60864,32.54429
2023-02-02 09:09:52,-0.092374369,35.60658,32.54528
2023-02-02 09:09:57,0.042055551,35.60452,32.54626
2023-02-02 09:10:02,0.001239679,35.60246,32.54725
2023-02-02 09:10:07,0.013411176,35.60039,32.54823
2023-02-02 09:10:12,0.015180781,35.59833,32.54921
2023-02-02 09:10:17,-0.01477259,35.59626,32.55019
2023-02-02 09:10:22,0.024247158,35.59419,32.55117
2023-02-02 09:10:27,-0.021567701,35.59213,32.55215
2023-02-02 09:10:32,-0.046000907,35.59006,32.55313
2023-02-02 09:10:37,-0.006605022,35.58799,32.5541
2023-02-02 09:10:42,0.043128978,35.58592,32.55508
2023-02-02 09:10:47,0.002883004,35.58385,32.55606
2023-02-02 09:10:52,0.011783652,35.58178,32.55703
2023-02-02 09:10:57,-0.003013792,35.5797,32.558
2023-02-02 09:11:02,-0.025663154,35.57763,32.55897
2023-02-02 09:11:07,-0.056858369,35.57556,32.55994
2023-02-02 09:11:12,-0.017081078,35.57348,32.56091
2023-02-02 09:11:17,-0.009234931,35.57141,32.56188
2023-02-02 09:11:22,-0.043981282,35.56933,32.56284
2023-02-02 09:11:27,0.027725611,35.56726,32.56381
2023-02-02 09:11:32,-0.017401314,35.56518,32.56477
2023-02-02 09:11:37,0.027741681,35.5631,32.56574
2023-02-02 09:11:42,-0.043952168,35.56102,32.5667
2023-02-02 09:11:47,-0.030518624,35.55894,32.56766
2023-02-02 09:11:52,0.025591652,35.55686,32.56862
2023-02-02 09:11:57,-0.003540897,35.55478,32.56958
2023-02-02 09:12:02,-0.000850026,35.5527,32.57054
2023-02-02 09:12:07,0.002254417,35.55062,32.5715
2023-02-02 09:12:12,-0.005460211,35.54854,32.57245
2023-02-02 09:12:17,-0.023614546,35.54645,32.5734
2023-02-02 09:12:22,-0.010141915,35.54437,32.57436
2023-02-02 09:12:27,-0.017581637,35.54228,32.57531
2023-02-02 09:12:32,0.001272681,35.54019,32.57626
2023-02-02 09:12:37,-0.048947859,35.53811,32.57721
2023-02-02 09:12:42,-0.034997043,35.53602,32.57816
2023-02-02 09:12:47,0.010573357,35.53215,32.58287
2023-02-02 09:12:52,-0.018265519,35.53007,32.58381
2023-02-02 09:12:57,0.001072984,35.52799,32.58475
2023-02-02 09:13:02,-0.054381365,35.5259,32.58569
2023-02-02 09:13:07,0.012577019,35.52382,32.58663
2023-02-02 09:13:12,-0.063978163,35.52174,32.58757
2023-02-02 09:13:17,-0.002133791,35.51966,32.58851
2023-02-02 09:13:22,-0.025557131,35.51757,32.58944
2023-02-02 09:13:27,-0.06496083,35.51549,32.59038
2023-02-02 09:13:32,-0.013747915,35.5134,32.59131
2023-02-02 09:13:37,-0.052946396,35.51132,32.59225
2023-02-02 09:13:42,-0.044550763,35.50923,32.59318
2023-02-02 09:13:47,-0.083739486,35.50714,32.59411
2023-02-02 09:13:52,-0.000717816,35.50505,32.59504
2023-02-02 09:13:57,-0.040092084,35.50296,32.59597
2023-02-02 09:14:02,-0.063476099,35.50087,32.5969
2023-02-02 09:14:07,-0.00158205,35.49878,32.59782
2023-02-02 09:14:12,-0.088737207,35.49669,32.59875
2023-02-02 09:14:17,-0.053497517,35.4946,32.59967
2023-02-02 09:14:22,-0.055571307,35.49251,32.6006
2023-02-02 09:14:27,-0.052320282,35.49041,32.60152
2023-02-02 09:14:32,-0.011766329,35.48832,32.60244
2023-02-02 09:14:37,0.00213089,35.48622,32.60336
2023-02-02 09:14:42,-0.02128977,35.48413,32.60428
2023-02-02 09:14:47,-0.055379631,35.48203,32.6052
2023-02-02 09:14:52,0.016928005,35.47993,32.60611
2023-02-02 09:14:57,-0.006523746,35.47784,32.60703
2023-02-02 09:15:02,-0.040457444,35.47574,32.60794
2023-02-02 09:15:07,-0.005305834,35.47364,32.60886
2023-02-02 09:15:12,-0.060586737,35.47154,32.60977
2023-02-02 09:15:17,-0.036314559,35.46944,32.61068
2023-02-02 09:15:22,0.014591015,35.46734,32.61159
2023-02-02 09:15:27,0.012371016,35.46524,32.6125
2023-02-02 09:15:32,-0.053445004,35.46313,32.61341
2023-02-02 09:15:37,0.018727221,35.46103,32.61432
2023-02-02 09:15:42,-0.036847625,35.45893,32.61523
2023-02-02 09:15:47,0.008825857,35.45682,32.61613
2023-02-02 09:15:52,-0.067919515,35.45472,32.61704
2023-02-02 09:15:57,0.030820087,35.45261,32.61794
2023-02-02 09:16:02,-0.04596939,35.4505,32.61884
2023-02-02 09:16:07,-0.000574689,35.4484,32.61974
2023-02-02 09:16:12,0.007676964,35.44629,32.62064
2023-02-02 09:16:17,0.021233851,35.44418,32.62154
2023-02-02 09:16:22,-0.013013431,35.44207,32.62244
2023-02-02 09:16:27,-0.005028274,35.43996,32.62334
2023-02-02 09:16:32,0.045569538,35.43785,32.62423
2023-02-02 09:16:37,-0.025877067,35.43574,32.62513
2023-02-02 09:16:42,-0.017783752,35.43362,32.62602
2023-02-02 09:16:47,0.043389725,35.43151,32.62691
2023-02-02 09:16:52,0.024775317,35.42809,32.63135
2023-02-02 09:16:57,-0.025658217,35.42598,32.63224
2023-02-02 09:17:02,0.001409086,35.42388,32.63312
2023-02-02 09:17:07,0.048698196,35.42177,32.63401
2023-02-02 09:17:12,0.008640287,35.41966,32.63489
2023-02-02 09:17:17,0.027369236,35.41756,32.63577
2023-02-02 09:17:22,-0.055203376,35.41545,32.63665
2023-02-02 09:17:27,-0.026262265,35.41334,32.63753
2023-02-02 09:17:32,0.002834851,35.41123,32.63841
2023-02-02 09:17:37,0.010577257,35.40912,32.63929
2023-02-02 09:17:42,0.034273839,35.40701,32.64017
2023-02-02 09:17:47,0.03661448,35.4049,32.64104
2023-02-02 09:17:52,0.038918264,35.40279,32.64192
2023-02-02 09:17:57,-0.001454731,35.40067,32.64279
2023-02-02 09:18:02,-0.004556525,35.39856,32.64367
2023-02-02 09:18:07,0.008292854,35.39645,32.64454
2023-02-02 09:18:12,-0.069315423,35.39433,32.64541
2023-02-02 09:18:17,-0.014096491,35.39222,32.64628
2023-02-02 09:18:22,0.05193201,35.3901,32.64715
2023-02-02 09:18:27,0.032450233,35.38798,32.64801
2023-02-02 09:18:32,0.013307126,35.38587,32.64888
2023-02-02 09:18:37,0.025910727,35.38375,32.64975
2023-02-02 09:18:42,0.01182137,35.38163,32.65061
2023-02-02 09:18:47,-0.012781321,35.37951,32.65147
2023-02-02 09:18:52,0.026149669,35.37739,32.65234
2023-02-02 09:18:57,0.070555547,35.37527,32.6532
2023-02-02 09:19:02,0.045626509,35.37315,32.65406
2023-02-02 09:19:07,-0.037787958,35.37103,32.65492
2023-02-02 09:19:12,0.059586623,35.36891,32.65578
2023-02-02 09:19:17,0.045175018,35.36679,32.65663
2023-02-02 09:19:22,0.052034182,35.36466,32.65749
2023-02-02 09:19:27,0.053513759,35.36254,32.65834
2023-02-02 09:19:32,-0.040805219,35.36041,32.6592
2023-02-02 09:19:37,0.04033107,35.35829,32.66005
2023-02-02 09:19:42,0.052126434,35.35616,32.6609
2023-02-02 09:19:47,-0.04215843,35.35404,32.66176
2023-02-02 09:19:52,0.060139064,35.35191,32.6626
2023-02-02 09:19:57,-0.098212812,35.34978,32.66345
2023-02-02 09:20:02,0.051753804,35.34765,32.6643
2023-02-02 09:20:07,0.068796961,35.34552,32.66515
2023-02-02 09:20:12,-0.041754105,35.34339,32.666
2023-02-02 09:20:17,0.006963331,35.34126,32.66684
2023-02-02 09:20:22,0.082081182,35.33913,32.66768
2023-02-02 09:20:27,0.066911551,35.337,32.66853
2023-02-02 09:20:32,-0.065005874,35.33487,32.66937
2023-02-02 09:20:37,0.068559387,35.33274,32.67021
2023-02-02 09:20:42,0.106313902,35.3306,32.67105
2023-02-02 09:20:47,0.021797727,35.32847,32.67189
2023-02-02 09:20:52,-0.03613329,35.32633,32.67272
2023-02-02 09:20:57,0.022747988,35.3242,32.67356
2023-02-02 09:21:02,0.01779429,35.32206,32.6744
2023-02-02 09:21:07,0.066072433,35.31993,32.67523
2023-02-02 09:21:12,0.002544428,35.31779,32.67606
2023-02-02 09:21:17,0.071814478,35.31565,32.6769
2023-02-02 09:21:22,0.066585778,35.31351,32.67773
2023-02-02 09:21:27,0.034636216,35.31137,32.67856
2023-02-02 09:21:32,0.055723176,35.30924,32.67939
2023-02-02 09:21:37,0.024008734,35.30709,32.68022
2023-02-02 09:21:42,0.013158963,35.30495,32.68104
2023-02-02 09:21:47,0.050012633,35.30281,32.68187
2023-02-02 09:21:52,-0.029897092,35.30067,32.6827
2023-02-02 09:21:57,0.065241554,35.29853,32.68352
2023-02-02 09:22:02,-0.009684569,35.29638,32.68434
2023-02-02 09:22:07,0.016387902,35.29424,32.68517
2023-02-02 09:22:12,0.06883903,35.29141,32.68928
2023-02-02 09:22:17,0.014800678,35.28927,32.69009
2023-02-02 09:22:22,0.061948012,35.28714,32.69091
2023-02-02 09:22:27,0.034392903,35.285,32.69172
2023-02-02 09:22:32,-0.014376177,35.28286,32.69253
2023-02-02 09:22:37,0.064116054,35.28073,32.69335
2023-02-02 09:22:42,-0.00595472,35.27859,32.69416
2023-02-02 09:22:47,-0.033854605,35.27645,32.69497
2023-02-02 09:22:52,-0.008734399,35.27431,32.69578
2023-02-02 09:22:57,0.016676912,35.27217,32.69658
2023-02-02 09:23:02,0.062746049,35.27003,32.69739
2023-02-02 09:23:07,-0.029283252,35.26789,32.6982
2023-02-02 09:23:12,-0.020136544,35.26575,32.699
2023-02-02 09:23:17,-0.021933662,35.26361,32.69981
2023-02-02 09:23:22,0.00796387,35.26147,32.70061
2023-02-02 09:23:27,0.053946149,35.25932,32.70141
2023-02-02 09:23:32,0.004084086,35.25718,32.70222
2023-02-02 09:23:37,-0.003616387,35.25504,32.70302
2023-02-02 09:23:42,0.026084883,35.25289,32.70381
2023-02-02 09:23:47,-0.050720631,35.25074,32.70461
2023-02-02 09:23:52,-0.053197233,35.2486,32.70541
2023-02-02 09:23:57,0.029314096,35.24645,32.70621
2023-02-02 09:24:02,-0.058452299,35.24431,32.707
2023-02-02 09:24:07,0.023665753,35.24216,32.70779
2023-02-02 09:24:12,-0.048124952,35.24001,32.70859
2023-02-02 09:24:17,0.023317713,35.23786,32.70938
2023-02-02 09:24:22,-0.011560996,35.23571,32.71017
2023-02-02 09:24:27,-0.041404696,35.23356,32.71096
2023-02-02 09:24:32,-0.050033768,35.23141,32.71175
2023-02-02 09:24:37,-0.010989662,35.22926,32.71254
2023-02-02 09:24:42,-0.014500497,35.22711,32.71333
2023-02-02 09:24:47,0.013671046,35.22496,32.71411
2023-02-02 09:24:52,-0.058961779,35.2228,32.7149
2023-02-02 09:24:57,-0.046804184,35.22065,32.71568
2023-02-02 09:25:02,-0.029614841,35.2185,32.71646
2023-02-02 09:25:07,0.003456115,35.21634,32.71725
2023-02-02 09:25:12,-0.043149511,35.21419,32.71803
2023-02-02 09:25:17,0.005884326,35.21203,32.71881
2023-02-02 09:25:22,-0.041129289,35.20988,32.71959
2023-02-02 09:25:27,-0.050942629,35.20772,32.72036
2023-02-02 09:25:32,-0.071525124,35.20556,32.72114
2023-02-02 09:25:37,-0.022927962,35.20341,32.72192
2023-02-02 09:25:42,-0.049059087,35.20125,32.72269
2023-02-02 09:25:47,-0.000871097,35.19909,32.72347
2023-02-02 09:25:52,0.004758652,35.19693,32.72424
2023-02-02 09:25:57,-0.043020148,35.19477,32.72501
2023-02-02 09:26:02,-0.04274836,35.19261,32.72578
2023-02-02 09:26:07,0.0154725,35.19045,32.72655
2023-02-02 09:26:12,-0.016452837,35.18829,32.72732
2023-02-02 09:26:17,0.015091607,35.18613,32.72809
2023-02-02 09:26:22,0.004079057,35.18397,32.72886
2023-02-02 09:26:27,0.014278489,35.1818,32.72963
2023-02-02 09:26:32,0.008380824,35.17964,32.73039
2023-02-02 09:26:37,-0.082712066,35.17748,32.73116
2023-02-02 09:26:42,-0.062173261,35.17531,32.73192
2023-02-02 09:26:47,-0.036410291,35.17315,32.73268
2023-02-02 09:26:52,-0.010942839,35.17098,32.73344
2023-02-02 09:26:57,-0.054678337,35.16882,32.7342
2023-02-02 09:27:02,-0.029228568,35.16665,32.73496
2023-02-02 09:27:07,0.006777935,35.16448,32.73572
2023-02-02 09:27:12,-0.010616914,35.16231,32.73648
2023-02-02 09:27:17,-0.038772748,35.16015,32.73723
2023-02-02 09:27:22,-0.019059754,35.15798,32.73799
2023-02-02 09:27:27,0.00569333,35.15581,32.73874
2023-02-02 09:27:32,0.003888816,35.15364,32.7395
2023-02-02 09:27:37,0.028636566,35.15147,32.74025
2023-02-02 09:27:42,-1.1014e-05,35.1493,32.741
2023-02-02 09:27:47,0.029875333,35.14713,32.74175
2023-02-02 09:27:52,-0.041410288,35.14496,32.7425
2023-02-02 09:27:57,-0.012091127,35.14278,32.74325
2023-02-02 09:28:02,-0.012965686,35.14061,32.744
2023-02-02 09:28:07,0.02038648,35.13844,32.74474
2023-02-02 09:28:12,0.01783696,35.13626,32.74549
2023-02-02 09:28:17,-0.03790851,35.13409,32.74623
2023-02-02 09:28:22,-0.019501552,35.13192,32.74698
2023-02-02 09:28:27,0.01500136,35.12974,32.74772
2023-02-02 09:28:32,-0.035856907,35.12757,32.74846
2023-02-02 09:28:37,-0.044156744,35.12539,32.7492
2023-02-02 09:28:42,0.016562501,35.12321,32.74994
2023-02-02 09:28:47,0.008105621,35.12104,32.75068
2023-02-02 09:28:52,-0.000427149,35.11886,32.75142
2023-02-02 09:28:57,-0.072802637,35.11668,32.75216
2023-02-02 09:29:02,-0.039032931,35.1145,32.75289
2023-02-02 09:29:07,0.016176418,35.11239,32.75512
2023-02-02 09:29:12,0.017827698,35.11022,32.75585
2023-02-02 09:29:17,0.014272731,35.10804,32.75658
2023-02-02 09:29:22,-0.005336626,35.10587,32.75731
2023-02-02 09:29:27,-0.056797881,35.10369,32.75804
2023-02-02 09:29:32,-0.01257161,35.10152,32.75877
2023-02-02 09:29:37,0.010085944,35.09934,32.7595
2023-02-02 09:29:42,0.016887667,35.09716,32.76022
2023-02-02 09:29:47,0.023634875,35.09499,32.76095
2023-02-02 09:29:52,0.024809614,35.09281,32.76167
2023-02-02 09:29:57,0.004804955,35.09063,32.7624
2023-02-02 09:30:02,-0.057696604,35.08845,32.76312
2023-02-02 09:30:07,-0.02982564,35.08627,32.76384
2023-02-02 09:30:12,-0.049967406,35.08409,32.76456
2023-02-02 09:30:17,-0.012011435,35.08191,32.76528
2023-02-02 09:30:22,-0.005283636,35.07973,32.766
2023-02-02 09:30:27,0.006437498,35.07755,32.76672
2023-02-02 09:30:32,0.001944396,35.07536,32.76743
2023-02-02 09:30:37,-0.007720199,35.07318,32.76815
2023-02-02 09:30:42,0.041024372,35.071,32.76886
2023-02-02 09:30:47,-0.027135616,35.06882,32.76958
2023-02-02 09:30:52,-0.015561978,35.06663,32.77029
2023-02-02 09:30:57,0.011788583,35.06445,32.771
2023-02-02 09:31:02,-0.061768424,35.06226,32.77171
2023-02-02 09:31:07,0.003044414,35.06008,32.77242
2023-02-02 09:31:12,-0.118514579,35.05789,32.77313
2023-02-02 09:31:17,-0.027270277,35.05571,32.77384
2023-02-02 09:31:22,0.031793852,35.05352,32.77455
2023-02-02 09:31:27,-0.015177158,35.05133,32.77526
2023-02-02 09:31:32,0.001424827,35.04915,32.77596
2023-02-02 09:31:37,-0.01890496,35.04696,32.77666
2023-02-02 09:31:42,-0.034095688,35.04477,32.77737
2023-02-02 09:31:47,0.030473871,35.04258,32.77807
2023-02-02 09:31:52,-0.000700461,35.04039,32.77877
2023-02-02 09:31:57,-0.052997369,35.0382,32.77947
2023-02-02 09:32:02,-0.057506247,35.03601,32.78017
2023-02-02 09:32:07,0.049544002,35.03382,32.78087
2023-02-02 09:32:12,-0.029367937,35.03163,32.78157
2023-02-02 09:32:17,0.024603708,35.02944,32.78227
2023-02-02 09:32:22,0.014825193,35.02725,32.78296
2023-02-02 09:32:27,-0.000262139,35.02506,32.78366
2023-02-02 09:32:32,-0.068434965,35.02286,32.78435
2023-02-02 09:32:37,0.006944818,35.02067,32.78504
2023-02-02 09:32:42,0.029053395,35.01848,32.78574
2023-02-02 09:32:47,0.051382327,35.01628,32.78643
2023-02-02 09:32:52,-0.032664149,35.01409,32.78712
2023-02-02 09:32:57,0.010861181,35.01189,32.7878
2023-02-02 09:33:02,0.018245304,35.0097,32.78849
2023-02-02 09:33:07,-0.002863324,35.0075,32.78918
2023-02-02 09:33:12,0.024789129,35.00531,32.78987
2023-02-02 09:33:17,0.052675059,35.00311,32.79055
2023-02-02 09:33:22,0.006177735,35.00091,32.79124
2023-02-02 09:33:27,0.060425088,34.99871,32.79192
2023-02-02 09:33:32,0.017478019,34.99652,32.7926
2023-02-02 09:33:37,-0.03784541,34.99432,32.79329
2023-02-02 09:33:42,0.032735727,34.99212,32.79397
2023-02-02 09:33:47,0.002484218,34.98992,32.79465
2023-02-02 09:33:52,0.019878111,34.98772,32.79532
2023-02-02 09:33:57,-0.116665687,34.98552,32.796
2023-02-02 09:34:02,0.060364093,34.98332,32.79668
2023-02-02 09:34:07,0.072990271,34.98112,32.79736
2023-02-02 09:34:12,0.05332003,34.97892,32.79803
2023-02-02 09:34:17,0.002116504,34.97672,32.79871
2023-02-02 09:34:22,-0.001241018,34.97452,32.79938
2023-02-02 09:34:27,0.053908908,34.97231,32.80005
2023-02-02 09:34:32,0.061159678,34.97011,32.80072
2023-02-02 09:34:37,0.047352639,34.96791,32.80139
2023-02-02 09:34:42,-0.01416021,34.9657,32.80206
2023-02-02 09:34:47,0.02014948,34.9635,32.80273
2023-02-02 09:34:52,0.059674308,34.9613,32.8034
2023-02-02 09:34:57,0.062156922,34.95909,32.80407
2023-02-02 09:35:02,0.048727917,34.95689,32.80473
2023-02-02 09:35:07,0.046037939,34.95468,32.8054
2023-02-02 09:35:12,0.027438578,34.95248,32.80606
2023-02-02 09:35:17,-0.001739327,34.95027,32.80672
2023-02-02 09:35:22,0.03312411,34.94806,32.80739
2023-02-02 09:35:27,0.046560918,34.94586,32.80805
2023-02-02 09:35:32,0.017823077,34.94365,32.80871
2023-02-02 09:35:37,-0.011019992,34.94144,32.80937
2023-02-02 09:35:42,0.034651079,34.93923,32.81003
2023-02-02 09:35:47,0.022160206,34.93702,32.81068
2023-02-02 09:35:52,0.030695445,34.93481,32.81134
2023-02-02 09:35:57,0.050168603,34.93261,32.812
2023-02-02 09:36:02,0.037750526,34.93039,32.81265
2023-02-02 09:36:07,0.004101511,34.92818,32.81331
2023-02-02 09:36:12,0.045160496,34.92597,32.81396
2023-02-02 09:36:17,0.027680066,34.92376,32.81461
2023-02-02 09:36:22,-0.005700248,34.92155,32.81526
2023-02-02 09:36:27,0.04628833,34.91934,32.81591
2023-02-02 09:36:32,0.071527322,34.91713,32.81656
2023-02-02 09:36:37,0.043748198,34.91492,32.81721
2023-02-02 09:36:42,-0.005069629,34.9127,32.81786
2023-02-02 09:36:47,0.052420906,34.91049,32.8185
2023-02-02 09:36:52,-0.012204989,34.90828,32.81915
2023-02-02 09:36:57,0.029477244,34.90606,32.8198
2023-02-02 09:37:02,-0.056096687,34.90385,32.82044
2023-02-02 09:37:07,-0.019563128,34.90107,32.81975
2023-02-02 09:37:12,0.048849828,34.89885,32.82039
2023-02-02 09:37:17,0.048444634,34.89663,32.82104
2023-02-02 09:37:22,-0.020969301,34.89441,32.82168
2023-02-02 09:37:27,-0.00520552,34.89219,32.82232
2023-02-02 09:37:32,0.042436287,34.88997,32.82296
2023-02-02 09:37:37,0.005078485,34.88775,32.8236
2023-02-02 09:37:42,0.042427691,34.88553,32.82424
2023-02-02 09:37:47,0.026565277,34.8833,32.82487
2023-02-02 09:37:52,0.000320372,34.88108,32.82551
2023-02-02 09:37:57,-0.010229139,34.87886,32.82614
2023-02-02 09:38:02,0.038126485,34.87663,32.82678
2023-02-02 09:38:07,-0.036020855,34.87441,32.82741
2023-02-02 09:38:12,0.0442933,34.87218,32.82805
2023-02-02 09:38:17,-0.05595513,34.86996,32.82868
2023-02-02 09:38:22,-0.018114063,34.86774,32.82931
2023-02-02 09:38:27,0.009339344,34.86551,32.82994
2023-02-02 09:38:32,0.042013198,34.86328,32.83057
2023-02-02 09:38:37,-4.8431e-05,34.86106,32.8312
2023-02-02 09:38:42,-0.001220905,34.85883,32.83182
2023-02-02 09:38:47,-0.002383422,34.8566,32.83245
2023-02-02 09:38:52,-0.00353451,34.85438,32.83308
2023-02-02 09:38:57,-0.004672832,34.85215,32.8337
2023-02-02 09:39:02,-0.005796978,34.84992,32.83432
2023-02-02 09:39:07,-0.006905769,34.84769,32.83495
2023-02-02 09:39:12,-0.007997852,34.84546,32.83557
2023-02-02 09:39:17,-0.009071904,34.84324,32.83619
2023-02-02 09:39:22,-0.010126824,34.84101,32.83681
2023-02-02 09:39:27,0.02194966,34.83878,32.83743
2023-02-02 09:39:32,-0.0029253,34.83655,32.83805
2023-02-02 09:39:37,-0.048863176,34.83432,32.83867
2023-02-02 09:39:42,0.006151838,34.83209,32.83928
2023-02-02 09:39:47,-0.01852757,34.82986,32.8399
2023-02-02 09:39:52,0.009964266,34.82763,32.84051
2023-02-02 09:39:57,-0.003741304,34.82539,32.84113
2023-02-02 09:40:02,-0.017577348,34.82316,32.84174
2023-02-02 09:40:07,0.000624552,34.82093,32.84235
2023-02-02 09:40:12,-0.018426004,34.8187,32.84296
2023-02-02 09:40:17,-0.063880128,34.81646,32.84358
2023-02-02 09:40:22,0.012737057,34.81423,32.84419
2023-02-02 09:40:27,-0.032800387,34.812,32.84479
2023-02-02 09:40:32,-0.003667707,34.80976,32.8454
2023-02-02 09:40:37,0.009525042,34.80753,32.84601
2023-02-02 09:40:42,-0.003883308,34.8053,32.84662
2023-02-02 09:40:47,-0.065023728,34.80306,32.84722
2023-02-02 09:40:52,-0.0039112,34.80083,32.84782
2023-02-02 09:40:57,-0.027843108,34.79859,32.84843
2023-02-02 09:41:02,-0.014232743,34.79636,32.84903
2023-02-02 09:41:07,-0.080720502,34.79412,32.84963
2023-02-02 09:41:12,-0.01392078,34.79188,32.85023
2023-02-02 09:41:17,-0.000572781,34.78965,32.85083
2023-02-02 09:41:22,-0.045626905,34.78741,32.85143
2023-02-02 09:41:27,-0.053146256,34.78517,32.85203
2023-02-02 09:41:32,-0.044832837,34.78294,32.85263
2023-02-02 09:41:37,0.000631649,34.7807,32.85322
2023-02-02 09:41:42,-0.0176421,34.77846,32.85382
2023-02-02 09:41:47,0.001422618,34.77622,32.85442
2023-02-02 09:41:52,-0.037923994,34.77398,32.85501
2023-02-02 09:41:57,-0.056305631,34.77175,32.8556
2023-02-02 09:42:02,-0.015843281,34.76951,32.8562
2023-02-02 09:42:07,-0.028657231,34.76727,32.85679
2023-02-02 09:42:12,-0.073238761,34.76503,32.85738
2023-02-02 09:42:17,-0.123130147,34.76279,32.85797
2023-02-02 09:42:22,-0.045655957,34.76055,32.85856
2023-02-02 09:42:27,-0.031742955,34.75831,32.85914
2023-02-02 09:42:32,-0.001824697,34.75606,32.85973
2023-02-02 09:42:37,-0.072970133,34.75382,32.86032
2023-02-02 09:42:42,-0.016565605,34.75158,32.8609
2023-02-02 09:42:47,0.018530654,34.74934,32.86149
2023-02-02 09:42:52,0.021847616,34.7471,32.86207
2023-02-02 09:42:57,-0.033265637,34.74486,32.86265
2023-02-02 09:43:02,-0.051252812,34.74261,32.86323
2023-02-02 09:43:07,-0.010795512,34.74037,32.86382
2023-02-02 09:43:12,0.003206773,34.73813,32.8644
2023-02-02 09:43:17,-0.036087139,34.73589,32.86497
2023-02-02 09:43:22,-0.000760622,34.73364,32.86555
2023-02-02 09:43:27,-0.06651214,34.7314,32.86613
2023-02-02 09:43:32,-0.026047144,34.72915,32.86671
2023-02-02 09:43:37,-0.038503181,34.72691,32.86728
2023-02-02 09:43:42,0.017945117,34.72466,32.86786
2023-02-02 09:43:47,-0.005370076,34.72242,32.86843
2023-02-02 09:43:52,0.035076728,34.72017,32.86901
2023-02-02 09:43:57,-0.025371877,34.71793,32.86958
2023-02-02 09:44:02,-0.016731083,34.71568,32.87015
2023-02-02 09:44:07,0.007889124,34.71344,32.87072
2023-02-02 09:44:12,0.005848071,34.71119,32.87129
2023-02-02 09:44:17,0.009124095,34.70894,32.87186
2023-02-02 09:44:22,0.044174943,34.7067,32.87243
2023-02-02 09:44:27,-0.016347329,34.70445,32.873
2023-02-02 09:44:32,0.013341547,34.7022,32.87356
2023-02-02 09:44:37,0.016553348,34.69995,32.87413
2023-02-02 09:44:42,0.051725662,34.69771,32.87469
2023-02-02 09:44:47,0.012258685,34.69546,32.87526
2023-02-02 09:44:52,0.015409728,34.69321,32.87582
2023-02-02 09:44:57,0.050517507,34.69096,32.87638
2023-02-02 09:45:02,0.042962153,34.68871,32.87694
2023-02-02 09:45:07,-0.039046698,34.68646,32.8775
2023-02-02 09:45:12,0.022445306,34.68421,32.87806
2023-02-02 09:45:17,0.046791023,34.68196,32.87862
2023-02-02 09:45:22,0.070917924,34.67972,32.87918
2023-02-02 09:45:27,0.057896288,34.67746,32.87974
2023-02-02 09:45:32,0.018384708,34.67521,32.88029
2023-02-02 09:45:37,-0.037148315,34.67296,32.88085
2023-02-02 09:45:42,0.056142832,34.67071,32.88141
2023-02-02 09:45:47,0.01634237,34.66846,32.88196
2023-02-02 09:45:52,0.023417735,34.664,32.88014
2023-02-02 09:45:57,0.059033372,34.66174,32.8807
2023-02-02 09:46:02,-0.012473863,34.65948,32.88125
2023-02-02 09:46:07,0.053797197,34.65722,32.8818
2023-02-02 09:46:12,-0.007317769,34.65495,32.88236
2023-02-02 09:46:17,0.032414831,34.65269,32.88291
2023-02-02 09:46:22,0.056306898,34.65043,32.88346
2023-02-02 09:46:27,0.011058248,34.64816,32.88401
2023-02-02 09:46:32,0.002885607,34.6459,32.88456
2023-02-02 09:46:37,-0.010660986,34.64364,32.88511
2023-02-02 09:46:42,0.034376422,34.64137,32.88565
2023-02-02 09:46:47,0.031208297,34.63911,32.8862
2023-02-02 09:46:52,0.033513616,34.63684,32.88675
2023-02-02 09:46:57,-0.006677729,34.63458,32.88729
2023-02-02 09:47:02,-0.031118431,34.63232,32.88784
2023-02-02 09:47:07,0.06145923,34.63005,32.88838
2023-02-02 09:47:12,-0.005530411,34.62779,32.88892
2023-02-02 09:47:17,0.028316495,34.62552,32.88946
2023-02-02 09:47:22,0.030322113,34.62325,32.89
2023-02-02 09:47:27,-0.031493876,34.62099,32.89055
2023-02-02 09:47:32,0.023514025,34.61872,32.89108
2023-02-02 09:47:37,0.057147728,34.61646,32.89162
2023-02-02 09:47:42,0.032477763,34.61419,32.89216
2023-02-02 09:47:47,0.028880978,34.61192,32.8927
2023-02-02 09:47:52,0.041217338,34.60965,32.89323
2023-02-02 09:47:57,0.015996424,34.60739,32.89377
2023-02-02 09:48:02,-0.046211462,34.60512,32.8943
2023-02-02 09:48:07,0.035049002,34.60285,32.89484
2023-02-02 09:48:12,-0.000627646,34.60058,32.89537
2023-02-02 09:48:17,0.006084554,34.59832,32.8959
2023-02-02 09:48:22,0.055185083,34.59605,32.89643
2023-02-02 09:48:27,-0.049772459,34.59378,32.89696
2023-02-02 09:48:32,0.031184251,34.59151,32.89749
2023-02-02 09:48:37,0.005479956,34.58924,32.89802
2023-02-02 09:48:42,-0.062355476,34.58697,32.89855
2023-02-02 09:48:47,0.023551544,34.5847,32.89908
2023-02-02 09:48:52,0.019166728,34.58243,32.8996
2023-02-02 09:48:57,0.046696912,34.58016,32.90013
2023-02-02 09:49:02,0.036662458,34.57789,32.90065
2023-02-02 09:49:07,-0.05814505,34.57562,32.90118
2023-02-02 09:49:12,-0.004351701,34.57335,32.9017
2023-02-02 09:49:17,0.012256541,34.57108,32.90222
2023-02-02 09:49:22,0.007478539,34.56881,32.90274
2023-02-02 09:49:27,0.002633981,34.56654,32.90326
2023-02-02 09:49:32,0.024181484,34.56427,32.90378
2023-02-02 09:49:37,0.014062992,34.562,32.9043
2023-02-02 09:49:42,0.025006176,34.55973,32.90482
2023-02-02 09:49:47,0.009041736,34.55746,32.90534
2023-02-02 09:49:52,-0.0439193,34.55519,32.90586
2023-02-02 09:49:57,0.014599128,34.55291,32.90637
2023-02-02 09:50:02,0.014610807,34.55064,32.90689
2023-02-02 09:50:07,-0.033224747,34.54837,32.9074
2023-02-02 09:50:12,-0.065329183,34.5461,32.90791
2023-02-02 09:50:17,0.024895775,34.54382,32.90843
2023-02-02 09:50:22,-0.002015262,34.54155,32.90894
2023-02-02 09:50:27,-0.013004853,34.53928,32.90945
2023-02-02 09:50:32,-0.045382326,34.53701,32.90996
2023-02-02 09:50:37,0.012780725,34.53473,32.91047
2023-02-02 09:50:42,-0.035722564,34.53246,32.91098
2023-02-02 09:50:47,-0.036324225,34.53019,32.91149
2023-02-02 09:50:52,-0.052983255,34.52791,32.91199
2023-02-02 09:50:57,-0.05904992,34.52564,32.9125
2023-02-02 09:51:02,-0.033394353,34.52336,32.91301
2023-02-02 09:51:07,0.008374446,34.51822,32.9113
2023-02-02 09:51:12,0.01276751,34.51594,32.9118
2023-02-02 09:51:17,0.006434607,34.51366,32.91231
2023-02-02 09:51:22,-0.047742865,34.51137,32.91282
2023-02-02 09:51:27,-0.017087672,34.50908,32.91332
2023-02-02 09:51:32,-0.002486948,34.5068,32.91382
2023-02-02 09:51:37,0.012430305,34.50451,32.91433
2023-02-02 09:51:42,0.005583322,34.50223,32.91483
2023-02-02 09:51:47,-0.054245235,34.49994,32.91533
2023-02-02 09:51:52,0.008071035,34.49766,32.91583
2023-02-02 09:51:57,0.001226763,34.49537,32.91633
2023-02-02 09:52:02,-0.06944749,34.49308,32.91683
2023-02-02 09:52:07,0.003344874,34.4908,32.91732
2023-02-02 09:52:12,-0.046130217,34.48851,32.91782
2023-02-02 09:52:17,0.010553395,34.48622,32.91832
2023-02-02 09:52:22,-0.076348398,34.48394,32.91881
2023-02-02 09:52:27,0.012008427,34.48165,32.91931
2023-02-02 09:52:32,0.010080922,34.47936,32.9198
2023-02-02 09:52:37,-0.00770183,34.47707,32.9203
2023-02-02 09:52:42,-0.004600414,34.47479,32.92079
2023-02-02 09:52:47,-0.011832089,34.4725,32.92128
2023-02-02 09:52:52,0.007152318,34.47021,32.92177
2023-02-02 09:52:57,-0.021694195,34.46792,32.92226
2023-02-02 09:53:02,-0.002812698,34.46564,32.92275
2023-02-02 09:53:07,-0.010249836,34.46335,32.92324
2023-02-02 09:53:12,-0.081885128,34.46106,32.92373
2023-02-02 09:53:17,-0.009850666,34.45877,32.92421
2023-02-02 09:53:22,-0.033420516,34.45648,32.9247
2023-02-02 09:53:27,0.001212679,34.45419,32.92519
2023-02-02 09:53:32,-0.001317398,34.4519,32.92567
2023-02-02 09:53:37,0.001439456,34.44962,32.92616
2023-02-02 09:53:42,-0.04362433,34.44733,32.92664
2023-02-02 09:53:47,0.017298793,34.44504,32.92712
2023-02-02 09:53:52,-0.059633807,34.44275,32.9276
2023-02-02 09:53:57,0.00121206,34.44046,32.92809
2023-02-02 09:54:02,-0.054665798,34.43817,32.92857
2023-02-02 09:54:07,-0.121238755,34.43588,32.92904
2023-02-02 09:54:12,-0.065638367,34.43359,32.92952
2023-02-02 09:54:17,-0.036720175,34.4313,32.93
2023-02-02 09:54:22,-0.007642804,34.42901,32.93048
2023-02-02 09:54:27,-0.021234567,34.42672,32.93096
2023-02-02 09:54:32,0.007784638,34.42443,32.93143
2023-02-02 09:54:37,-0.000532775,34.42214,32.93191
2023-02-02 09:54:42,-0.040855082,34.41985,32.93238
2023-02-02 09:54:47,0.01454645,34.41756,32.93286
2023-02-02 09:54:52,-0.057802334,34.41527,32.93333
2023-02-02 09:54:57,-0.071352985,34.41298,32.9338
2023-02-02 09:55:02,0.005304454,34.40733,32.93217
2023-02-02 09:55:07,0.037034645,34.40503,32.93264
2023-02-02 09:55:12,-0.003410846,34.40272,32.93311
2023-02-02 09:55:17,0.046546351,34.40042,32.93358
2023-02-02 09:55:22,-0.015057994,34.39812,32.93405
2023-02-02 09:55:27,0.045532691,34.39582,32.93452
2023-02-02 09:55:32,-0.021615323,34.39352,32.93499
2023-02-02 09:55:37,0.012495634,34.39122,32.93546
2023-02-02 09:55:42,-0.017360573,34.38891,32.93593
2023-02-02 09:55:47,0.043194919,34.38661,32.9364
2023-02-02 09:55:52,-0.013132233,34.38431,32.93686
2023-02-02 09:55:57,0.047414322,34.38201,32.93733
2023-02-02 09:56:02,-0.040707874,34.3797,32.93779
2023-02-02 09:56:07,0.019645314,34.3774,32.93826
2023-02-02 09:56:12,-0.03135809,34.3751,32.93872
2023-02-02 09:56:17,0.007868426,34.3728,32.93918
2023-02-02 09:56:22,0.020639165,34.37049,32.93964
2023-02-02 09:56:27,0.059873913,34.36819,32.9401
2023-02-02 09:56:32,0.035536543,34.36589,32.94056
2023-02-02 09:56:37,-0.026102686,34.36358,32.94102
2023-02-02 09:56:42,0.012964367,34.36128,32.94148
2023-02-02 09:56:47,0.009782824,34.35898,32.94194
2023-02-02 09:56:52,-0.035836009,34.35667,32.9424
2023-02-02 09:56:57,0.024775552,34.35437,32.94286
2023-02-02 09:57:02,-0.005017227,34.35207,32.94331
2023-02-02 09:57:07,0.034494396,34.34976,32.94377
2023-02-02 09:57:12,0.05784234,34.34746,32.94422
2023-02-02 09:57:17,0.022616003,34.34516,32.94467
2023-02-02 09:57:22,0.051674257,34.34285,32.94513
2023-02-02 09:57:27,0.011500548,34.34055,32.94558
2023-02-02 09:57:32,-0.018182402,34.33824,32.94603
2023-02-02 09:57:37,-0.0318534,34.33594,32.94648
2023-02-02 09:57:42,0.06071652,34.33364,32.94693
2023-02-02 09:57:47,-0.000685704,34.33133,32.94738
2023-02-02 09:57:52,0.081274037,34.32903,32.94783
2023-02-02 09:57:57,-0.00653568,34.32672,32.94828
2023-02-02 09:58:02,0.059678394,34.32442,32.94873
2023-02-02 09:58:07,0.030172477,34.32211,32.94917
2023-02-02 09:58:12,0.028805552,34.31981,32.94962
2023-02-02 09:58:17,0.029132974,34.31374,32.94804
2023-02-02 09:58:22,0.029307363,34.31142,32.94849
2023-02-02 09:58:27,0.029336305,34.30911,32.94894
2023-02-02 09:58:32,0.029227653,34.30679,32.94938
2023-02-02 09:58:37,0.028988828,34.30448,32.94982
2023-02-02 09:58:42,0.028627713,34.30216,32.95027
2023-02-02 09:58:47,0.02815166,34.29985,32.95071
2023-02-02 09:58:52,0.027568382,34.29753,32.95115
2023-02-02 09:58:57,0.02688536,34.29522,32.9516
2023-02-02 09:59:02,0.026110039,34.2929,32.95204
2023-02-02 09:59:07,0.025249826,34.29058,32.95248
2023-02-02 09:59:12,0.024312195,34.28827,32.95292
2023-02-02 09:59:17,0.050834882,34.28595,32.95336
2023-02-02 09:59:22,-0.015089211,34.28364,32.95379
2023-02-02 09:59:27,0.03552178,34.28132,32.95423
2023-02-02 09:59:32,0.022783485,34.279,32.95467
2023-02-02 09:59:37,0.025883397,34.27669,32.9551
2023-02-02 09:59:42,-0.029606526,34.27437,32.95554
2023-02-02 09:59:47,0.042670436,34.27206,32.95597
2023-02-02 09:59:52,0.003439571,34.26974,32.95641
2023-02-02 09:59:57,-0.035941972,34.26743,32.95684
2023-02-02 10:00:02,0.052253624,34.26511,32.95727
2023-02-02 10:00:07,0.002482339,34.26279,32.9577
2023-02-02 10:00:12,0.03231912,34.26048,32.95814
2023-02-02 10:00:17,0.046396479,34.25816,32.95857
2023-02-02 10:00:22,0.007214593,34.25585,32.959
2023-02-02 10:00:27,0.037361507,34.25353,32.95943
2023-02-02 10:00:32,-0.044189667,34.25121,32.95985
2023-02-02 10:00:37,-0.013963251,34.2489,32.96028
2023-02-02 10:00:42,0.042762002,34.24658,32.96071
2023-02-02 10:00:47,0.003778306,34.24426,32.96113
2023-02-02 10:00:52,-0.024506255,34.24195,32.96156
2023-02-02 10:00:57,-0.004782728,34.23963,32.96198
2023-02-02 10:01:02,-0.016809791,34.23732,32.96241
2023-02-02 10:01:07,0.00793985,34.23087,32.96088
2023-02-02 10:01:12,-0.025140242,34.22855,32.96131
2023-02-02 10:01:17,-0.042573629,34.22622,32.96173
2023-02-02 10:01:22,0.030257995,34.2239,32.96215
2023-02-02 10:01:27,0.039548114,34.22157,32.96258
2023-02-02 10:01:32,-0.06286322,34.21924,32.963
2023-02-02 10:01:37,-0.021521274,34.21691,32.96342
2023-02-02 10:01:42,-0.022783347,34.21459,32.96384
2023-02-02 10:01:47,0.029098244,34.21226,32.96426
2023-02-02 10:01:52,-0.003883744,34.20993,32.96468
2023-02-02 10:01:57,0.021226023,34.20761,32.9651
2023-02-02 10:02:02,0.004300657,34.20528,32.96552
2023-02-02 10:02:07,-0.007452548,34.20295,32.96593
2023-02-02 10:02:12,-0.003184123,34.20063,32.96635
2023-02-02 10:02:17,0.032904786,34.1983,32.96677
2023-02-02 10:02:22,0.042565111,34.19597,32.96718
2023-02-02 10:02:27,-0.07014243,34.19364,32.9676
2023-02-02 10:02:32,0.03532506,34.19132,32.96801
2023-02-02 10:02:37,0.034413265,34.18899,32.96843
2023-02-02 10:02:42,-0.008919847,34.18666,32.96884
2023-02-02 10:02:47,-0.020627023,34.18434,32.96925
2023-02-02 10:02:52,0.005001377,34.18201,32.96966
2023-02-02 10:02:57,0.020185782,34.17968,32.97007
2023-02-02 10:03:02,0.019405307,34.17736,32.97048
2023-02-02 10:03:07,0.029308458,34.17503,32.97089
2023-02-02 10:03:12,0.00725533,34.1727,32.9713
2023-02-02 10:03:17,-0.05189459,34.17038,32.97171
2023-02-02 10:03:22,-0.036594622,34.16805,32.97212
2023-02-02 10:03:27,0.026314603,34.16572,32.97252
2023-02-02 10:03:32,0.031185652,34.1634,32.97293
2023-02-02 10:03:37,0.030365084,34.16107,32.97333
2023-02-02 10:03:42,0.008623656,34.15429,32.97185
2023-02-02 10:03:47,-0.029280581,34.15196,32.97225
2023-02-02 10:03:52,0.012780323,34.14962,32.97266
2023-02-02 10:03:57,-0.009292385,34.14728,32.97306
2023-02-02 10:04:02,-0.009840557,34.14494,32.97347
2023-02-02 10:04:07,-0.036833848,34.14261,32.97387
2023-02-02 10:04:12,0.005284291,34.14027,32.97427
2023-02-02 10:04:17,0.010105208,34.13793,32.97468
2023-02-02 10:04:22,-0.049021544,34.1356,32.97508
2023-02-02 10:04:27,-0.00172971,34.13326,32.97548
2023-02-02 10:04:32,-0.034186731,34.13092,32.97588
2023-02-02 10:04:37,-0.008005843,34.12858,32.97628
2023-02-02 10:04:42,0.028652424,34.12625,32.97668
2023-02-02 10:04:47,-0.014250052,34.12391,32.97708
2023-02-02 10:04:52,-0.030687088,34.12157,32.97747
2023-02-02 10:04:57,-0.062917893,34.11924,32.97787
2023-02-02 10:05:02,-0.020905865,34.1169,32.97827
2023-02-02 10:05:07,0.037099906,34.11456,32.97866
2023-02-02 10:05:12,-0.011299159,34.11223,32.97906
2023-02-02 10:05:17,-0.016866231,34.10989,32.97945
2023-02-02 10:05:22,0.004027635,34.10755,32.97984
2023-02-02 10:05:27,0.008742193,34.10522,32.98024
2023-02-02 10:05:32,0.02430721,34.10288,32.98063
2023-02-02 10:05:37,-0.071866232,34.10054,32.98102
2023-02-02 10:05:42,-0.024513939,34.09821,32.98141
2023-02-02 10:05:47,-0.003622801,34.09587,32.9818
2023-02-02 10:05:52,0.017265705,34.09354,32.98219
2023-02-02 10:05:57,-0.04712778,34.0912,32.98258
2023-02-02 10:06:02,-0.015586701,34.08412,32.98113
2023-02-02 10:06:07,-0.058668985,34.08177,32.98152
2023-02-02 10:06:12,0.031301056,34.07942,32.98191
2023-02-02 10:06:17,0.036177128,34.07708,32.9823
2023-02-02 10:06:22,-0.038711644,34.07473,32.98269
2023-02-02 10:06:27,-0.049838618,34.07239,32.98308
2023-02-02 10:06:32,-0.039653434,34.07004,32.98346
2023-02-02 10:06:37,-0.040326314,34.06769,32.98385
2023-02-02 10:06:42,0.044270941,34.06535,32.98423
2023-02-02 10:06:47,-0.019997651,34.063,32.98462
2023-02-02 10:06:52,-0.025836956,34.06065,32.985
2023-02-02 10:06:57,0.016283184,34.05831,32.98539
2023-02-02 10:07:02,-0.026885755,34.05596,32.98577
2023-02-02 10:07:07,0.031012823,34.05362,32.98615
2023-02-02 10:07:12,0.009141835,34.05127,32.98654
2023-02-02 10:07:17,-0.017880084,34.04892,32.98692
2023-02-02 10:07:22,0.002674823,34.04658,32.9873
2023-02-02 10:07:27,-0.029891266,34.04423,32.98768
2023-02-02 10:07:32,-0.030299954,34.04189,32.98806
2023-02-02 10:07:37,0.037996678,34.03954,32.98844
2023-02-02 10:07:42,-0.026396631,34.0372,32.98881
2023-02-02 10:07:47,0.010275076,34.03485,32.98919
2023-02-02 10:07:52,-0.011695821,34.03251,32.98957
2023-02-02 10:07:57,-0.033680322,34.03016,32.98994
2023-02-02 10:08:02,-0.010173507,34.02782,32.99032
2023-02-02 10:08:07,-0.010404937,34.02047,32.9889
2023-02-02 10:08:12,-0.073067353,34.01811,32.98928
2023-02-02 10:08:17,-0.057798475,34.01576,32.98965
2023-02-02 10:08:22,0.021224896,34.0134,32.99003
2023-02-02 10:08:27,0.009815477,34.01105,32.9904
2023-02-02 10:08:32,0.030180905,34.00869,32.99077
2023-02-02 10:08:37,-0.007716564,34.00634,32.99115
2023-02-02 10:08:42,0.023279543,34.00398,32.99152
2023-02-02 10:08:47,-0.030636781,34.00162,32.99189
2023-02-02 10:08:52,-0.026128826,33.99927,32.99226
2023-02-02 10:08:57,0.010344035,33.99692,32.99263
2023-02-02 10:09:02,0.025292446,33.99456,32.993
2023-02-02 10:09:07,-0.028681732,33.99221,32.99337
2023-02-02 10:09:12,0.028877278,33.98985,32.99374
2023-02-02 10:09:17,0.02265347,33.9875,32.99411
2023-02-02 10:09:22,-0.020893848,33.98515,32.99448
2023-02-02 10:09:27,0.004833747,33.98279,32.99485
2023-02-02 10:09:32,0.014557794,33.98044,32.99521
2023-02-02 10:09:37,-0.087469857,33.97808,32.99558
2023-02-02 10:09:42,0.00731526,33.97573,32.99594
2023-02-02 10:09:47,0.027468122,33.97338,32.99631
2023-02-02 10:09:52,-0.000170979,33.97102,32.99667
2023-02-02 10:09:57,-0.027632841,33.96867,32.99704
2023-02-02 10:10:02,-0.055297651,33.96632,32.9974
2023-02-02 10:10:07,-0.056325485,33.96396,32.99776
2023-02-02 10:10:12,-0.046705809,33.95634,32.99637
2023-02-02 10:10:17,-0.042618378,33.95398,32.99674
2023-02-02 10:10:22,0.009426559,33.95162,32.9971
2023-02-02 10:10:27,-0.012778237,33.94925,32.99746
2023-02-02 10:10:32,-0.051174397,33.94689,32.99782
2023-02-02 10:10:37,0.006166554,33.94453,32.99818
2023-02-02 10:10:42,0.005248398,33.94216,32.99854
2023-02-02 10:10:47,-0.011860179,33.9398,32.9989
2023-02-02 10:10:52,0.013470037,33.93744,32.99926
2023-02-02 10:10:57,-0.056767318,33.93508,32.99962
2023-02-02 10:11:02,-0.068575485,33.93271,32.99998
2023-02-02 10:11:07,-0.042279179,33.93035,33.00033
2023-02-02 10:11:12,-0.011656476,33.92799,33.00069
2023-02-02 10:11:17,0.013817982,33.92563,33.00105
2023-02-02 10:11:22,0.055083544,33.92327,33.0014
2023-02-02 10:11:27,-0.031196184,33.9209,33.00176
2023-02-02 10:11:32,0.015573928,33.91854,33.00211
2023-02-02 10:11:37,0.083465957,33.91618,33.00247
2023-02-02 10:11:42,0.071592579,33.91382,33.00282
2023-02-02 10:11:47,0.006413246,33.91146,33.00317
2023-02-02 10:11:52,0.047825768,33.9091,33.00353
2023-02-02 10:11:57,0.009283364,33.90674,33.00388
2023-02-02 10:12:02,0.071813105,33.89888,33.00251
2023-02-02 10:12:07,0.033259219,33.89651,33.00286
2023-02-02 10:12:12,0.02134959,33.89414,33.00321
2023-02-02 10:12:17,0.020285125,33.89177,33.00356
2023-02-02 10:12:22,0.003035774,33.8894,33.00392
2023-02-02 10:12:27,0.033751181,33.88703,33.00426
2023-02-02 10:12:32,0.021823003,33.88466,33.00462
2023-02-02 10:12:37,0.009890858,33.88229,33.00496
2023-02-02 10:12:42,0.019084176,33.87992,33.00531
2023-02-02 10:12:47,0.001814871,33.87755,33.00566
2023-02-02 10:12:52,0.069820823,33.87518,33.00601
2023-02-02 10:12:57,0.063014566,33.87281,33.00635
2023-02-02 10:13:02,0.019276673,33.87044,33.0067
2023-02-02 10:13:07,0.033974847,33.86807,33.00704
2023-02-02 10:13:12,-0.02061843,33.8657,33.00739
2023-02-02 10:13:17,0.063173453,33.86333,33.00773
2023-02-02 10:13:22,0.067204756,33.86096,33.00808
2023-02-02 10:13:27,0.035649488,33.85859,33.00842
2023-02-02 10:13:32,0.043281885,33.85622,33.00876
2023-02-02 10:13:37,0.047307492,33.85386,33.00911
2023-02-02 10:13:42,0.030011762,33.85149,33.00945
2023-02-02 10:13:47,-0.019074664,33.8434,33.00811
2023-02-02 10:13:52,0.02739524,33.84103,33.00845
2023-02-02 10:13:57,0.04188422,33.83865,33.00879
2023-02-02 10:14:02,0.040762898,33.83627,33.00913
2023-02-02 10:14:07,-0.013849326,33.83389,33.00947
2023-02-02 10:14:12,0.032615325,33.83152,33.00981
2023-02-02 10:14:17,-0.005819197,33.82914,33.01015
2023-02-02 10:14:22,-0.007326281,33.82676,33.01049
2023-02-02 10:14:27,-0.040433339,33.82438,33.01083
2023-02-02 10:14:32,-0.078871487,33.82201,33.01117
2023-02-02 10:14:37,0.010035996,33.81963,33.0115
2023-02-02 10:14:42,-0.012415012,33.81725,33.01184
2023-02-02 10:14:47,-0.077506716,33.81488,33.01218
2023-02-02 10:14:52,0.011396685,33.8125,33.01251
2023-02-02 10:14:57,-0.016996398,33.81012,33.01285
2023-02-02 10:15:02,0.045862199,33.80775,33.01318
2023-02-02 10:15:07,0.007223471,33.80537,33.01352
2023-02-02 10:15:12,-0.015236923,33.803,33.01385
2023-02-02 10:15:17,-0.053689035,33.80062,33.01418
2023-02-02 10:15:22,0.019213941,33.79825,33.01452
2023-02-02 10:15:27,0.028536328,33.79587,33.01485
2023-02-02 10:15:32,-0.036572174,33.78756,33.01353
2023-02-02 10:15:37,-0.027254797,33.78518,33.01386
2023-02-02 10:15:42,-0.012800664,33.7828,33.01419
2023-02-02 10:15:47,-0.03527826,33.78041,33.01452
2023-02-02 10:15:52,0.016288656,33.77803,33.01486
2023-02-02 10:15:57,-0.032845192,33.77564,33.01519
2023-02-02 10:16:02,-0.023544007,33.77326,33.01552
2023-02-02 10:16:07,-0.051556178,33.77087,33.01585
2023-02-02 10:16:12,0.032165291,33.76849,33.01617
2023-02-02 10:16:17,-0.001185532,33.76611,33.0165
2023-02-02 10:16:22,-0.01836095,33.76372,33.01683
2023-02-02 10:16:27,0.022706901,33.76134,33.01716
2023-02-02 10:16:32,0.005330658,33.75896,33.01749
2023-02-02 10:16:37,0.030588067,33.75658,33.01781
2023-02-02 10:16:42,-0.013449426,33.75419,33.01814
2023-02-02 10:16:47,0.007576595,33.75181,33.01846
2023-02-02 10:16:52,-0.000465672,33.74943,33.01879
2023-02-02 10:16:57,-0.017683309,33.74705,33.01911
2023-02-02 10:17:02,0.012680224,33.74467,33.01944
2023-02-02 10:17:07,0.021906718,33.73615,33.01814
2023-02-02 10:17:12,-0.048633354,33.73376,33.01846
2023-02-02 10:17:17,-0.003589817,33.73137,33.01879
2023-02-02 10:17:22,0.012226326,33.72898,33.01911
2023-02-02 10:17:27,0.021227566,33.72659,33.01943
2023-02-02 10:17:32,-0.017369476,33.7242,33.01975
2023-02-02 10:17:37,0.023591438,33.72181,33.02008
2023-02-02 10:17:42,0.011432977,33.71942,33.0204
2023-02-02 10:17:47,-0.037855576,33.71703,33.02072
2023-02-02 10:17:52,-0.044516184,33.71464,33.02104
2023-02-02 10:17:57,0.049508706,33.71225,33.02136
2023-02-02 10:18:02,0.01065406,33.70986,33.02168
2023-02-02 10:18:07,-0.006893611,33.70747,33.022
2023-02-02 10:18:12,0.044834442,33.70508,33.02232
2023-02-02 10:18:17,-0.047358989,33.70269,33.02263
2023-02-02 10:18:22,0.036130424,33.7003,33.02295
2023-02-02 10:18:27,0.018527168,33.69792,33.02327
2023-02-02 10:18:32,0.027558483,33.69553,33.02359
2023-02-02 10:18:37,-0.064503799,33.68682,33.02231
2023-02-02 10:18:42,0.050713596,33.68443,33.02262
2023-02-02 10:18:47,0.038567645,33.68203,33.02294
2023-02-02 10:18:52,0.042013749,33.67963,33.02325
2023-02-02 10:18:57,0.024503471,33.67724,33.02357
2023-02-02 10:19:02,0.03876442,33.67484,33.02388
2023-02-02 10:19:07,0.015697566,33.67244,33.0242
2023-02-02 10:19:12,-0.023377872,33.67004,33.02451
2023-02-02 10:19:17,0.033275457,33.66765,33.02483
2023-02-02 10:19:22,-0.026968469,33.66525,33.02514
2023-02-02 10:19:27,0.029644772,33.66286,33.02545
2023-02-02 10:19:32,0.033128411,33.66046,33.02577
2023-02-02 10:19:37,0.015271112,33.65807,33.02608
2023-02-02 10:19:42,-0.050386819,33.65567,33.02639
2023-02-02 10:19:47,0.032599686,33.65328,33.0267
2023-02-02 10:19:52,-0.075552123,33.65088,33.02701
2023-02-02 10:19:57,0.023568629,33.64849,33.02732
2023-02-02 10:20:02,0.042717058,33.64609,33.02763
2023-02-02 10:20:07,-0.039046244,33.6372,33.02637
2023-02-02 10:20:12,0.017362988,33.63479,33.02668
2023-02-02 10:20:17,-0.000490836,33.63239,33.02699
2023-02-02 10:20:22,-0.03988006,33.62999,33.0273
2023-02-02 10:20:27,0.005793105,33.62759,33.0276
2023-02-02 10:20:32,-0.001668834,33.62518,33.02791
2023-02-02 10:20:37,-0.051606386,33.62278,33.02822
2023-02-02 10:20:42,0.047095508,33.62038,33.02853
2023-02-02 10:20:47,0.039552172,33.61798,33.02884
2023-02-02 10:20:52,-0.031787701,33.61557,33.02914
2023-02-02 10:20:57,-0.055377084,33.61317,33.02945
2023-02-02 10:21:02,-0.009896668,33.61077,33.02975
2023-02-02 10:21:07,-0.017363801,33.60837,33.03006
2023-02-02 10:21:12,0.03871787,33.60597,33.03036
2023-02-02 10:21:17,-0.048947824,33.60357,33.03067
2023-02-02 10:21:22,0.039053187,33.60117,33.03097
2023-02-02 10:21:27,0.031275469,33.59877,33.03127
2023-02-02 10:21:32,-0.008322381,33.58969,33.03003
2023-02-02 10:21:37,-0.021492305,33.58728,33.03033
2023-02-02 10:21:42,-0.071812809,33.58487,33.03063
2023-02-02 10:21:47,0.021171423,33.58246,33.03094
2023-02-02 10:21:52,-0.066332336,33.58006,33.03124
2023-02-02 10:21:57,-0.032041899,33.57765,33.03154
2023-02-02 10:22:02,-0.017511352,33.57524,33.03184
2023-02-02 10:22:07,0.010361739,33.57283,33.03214
2023-02-02 10:22:12,-0.02949489,33.57042,33.03244
2023-02-02 10:22:17,-0.000286504,33.56802,33.03274
2023-02-02 10:22:22,0.002048152,33.56561,33.03304
2023-02-02 10:22:27,-0.107008505,33.5632,33.03334
2023-02-02 10:22:32,-0.014133658,33.5608,33.03364
2023-02-02 10:22:37,-0.02770136,33.55839,33.03394
2023-02-02 10:22:42,-0.036164144,33.55598,33.03424
2023-02-02 10:22:47,-0.028481772,33.55358,33.03454
2023-02-02 10:22:52,-0.015694885,33.55117,33.03483
2023-02-02 10:22:57,0.018566747,33.54192,33.0336
2023-02-02 10:23:02,0.004823752,33.5395,33.0339
2023-02-02 10:23:07,-0.00362497,33.53709,33.0342
2023-02-02 10:23:12,-0.017439249,33.53467,33.0345
2023-02-02 10:23:17,-0.036428985,33.53226,33.03479
2023-02-02 10:23:22,0.013263203,33.52984,33.03509
2023-02-02 10:23:27,-0.042917577,33.52743,33.03538
2023-02-02 10:23:32,-0.003957463,33.52502,33.03568
2023-02-02 10:23:37,-0.017761728,33.52261,33.03597
2023-02-02 10:23:42,0.037305918,33.52019,33.03627
2023-02-02 10:23:47,0.001918923,33.51778,33.03656
2023-02-02 10:23:52,0.040923954,33.51537,33.03686
2023-02-02 10:23:57,0.032303856,33.51296,33.03715
2023-02-02 10:24:02,-0.008522645,33.51055,33.03744
2023-02-02 10:24:07,-0.006936735,33.50814,33.03773
2023-02-02 10:24:12,-0.090095165,33.49872,33.03652
2023-02-02 10:24:17,0.007355897,33.4963,33.03681
2023-02-02 10:24:22,0.046141247,33.49388,33.0371
2023-02-02 10:24:27,0.052910352,33.49146,33.0374
2023-02-02 10:24:32,0.012054292,33.48904,33.03769
2023-02-02 10:24:37,0.040069789,33.48662,33.03798
2023-02-02 10:24:42,0.015130149,33.4842,33.03827
2023-02-02 10:24:47,-0.004706595,33.48178,33.03856
2023-02-02 10:24:52,0.002935226,33.47936,33.03885
2023-02-02 10:24:57,-0.01784011,33.47694,33.03914
2023-02-02 10:25:02,0.015322327,33.47453,33.03943
2023-02-02 10:25:07,0.032648895,33.47211,33.03972
2023-02-02 10:25:12,0.001969828,33.46969,33.04
2023-02-02 10:25:17,0.035022992,33.46728,33.04029
2023-02-02 10:25:22,-0.133925819,33.46486,33.04058
2023-02-02 10:25:27,-0.026326358,33.46244,33.04087
2023-02-02 10:25:32,0.001288277,33.45286,33.03967
2023-02-02 10:25:37,0.055706732,33.45043,33.03996
2023-02-02 10:25:42,-0.006978623,33.44801,33.04024
2023-02-02 10:25:47,0.036517743,33.44558,33.04053
2023-02-02 10:25:52,-0.021099761,33.44316,33.04082
2023-02-02 10:25:57,-0.030783788,33.44073,33.0411
2023-02-02 10:26:02,-0.019183784,33.43831,33.04139
2023-02-02 10:26:07,0.050629014,33.43588,33.04167
2023-02-02 10:26:12,0.057018383,33.43346,33.04196
2023-02-02 10:26:17,-0.027426469,33.43104,33.04224
2023-02-02 10:26:22,2.164e-05,33.42862,33.04253
2023-02-02 10:26:27,-0.00987483,33.42619,33.04281
2023-02-02 10:26:32,-0.003816596,33.42377,33.0431
2023-02-02 10:26:37,-0.013783075,33.42135,33.04338
2023-02-02 10:26:42,-0.029114321,33.41162,33.04219
2023-02-02 10:26:47,-0.028680911,33.40919,33.04248
2023-02-02 10:26:52,0.00388768,33.40676,33.04276
2023-02-02 10:26:57,0.020241677,33.40433,33.04304
2023-02-02 10:27:02,0.047411384,33.4019,33.04333
2023-02-02 10:27:07,0.053227156,33.39947,33.04361
2023-02-02 10:27:12,-0.058059106,33.39704,33.04389
2023-02-02 10:27:17,0.006317382,33.39461,33.04417
2023-02-02 10:27:22,0.064949201,33.39218,33.04445
2023-02-02 10:27:27,-0.014459621,33.38975,33.04473
2023-02-02 10:27:32,0.049624735,33.38732,33.04501
2023-02-02 10:27:37,0.012597335,33.3849,33.04529
2023-02-02 10:27:42,0.018175644,33.38247,33.04557
2023-02-02 10:27:47,0.002400713,33.38004,33.04585
2023-02-02 10:27:52,-0.050526706,33.37761,33.04613
2023-02-02 10:27:57,-0.013259618,33.36773,33.04496
2023-02-02 10:28:02,0.002844864,33.36529,33.04524
2023-02-02 10:28:07,0.018916152,33.36285,33.04552
2023-02-02 10:28:12,0.013444316,33.36042,33.0458
2023-02-02 10:28:17,-0.012999519,33.35798,33.04607
2023-02-02 10:28:22,0.056081471,33.35555,33.04635
2023-02-02 10:28:27,0.034711368,33.35312,33.04663
2023-02-02 10:28:32,-0.045320663,33.35068,33.04691
2023-02-02 10:28:37,0.050311414,33.34825,33.04718
2023-02-02 10:28:42,0.055492557,33.34582,33.04746
2023-02-02 10:28:47,-0.003317896,33.34338,33.04773
2023-02-02 10:28:52,-0.035321011,33.34095,33.04801
2023-02-02 10:28:57,-0.003778439,33.33852,33.04828
2023-02-02 10:29:02,0.011932265,33.33609,33.04856
2023-02-02 10:29:07,0.032750146,33.32605,33.0474
2023-02-02 10:29:12,-0.05268213,33.32361,33.04768
2023-02-02 10:29:17,-0.015748946,33.32117,33.04795
2023-02-02 10:29:22,0.079400177,33.31873,33.04823
2023-02-02 10:29:27,0.036510228,33.31629,33.0485
2023-02-02 10:29:32,-0.05438125,33.31385,33.04878
2023-02-02 10:29:37,-0.028427527,33.31141,33.04905
2023-02-02 10:29:42,0.013674023,33.30897,33.04933
2023-02-02 10:29:47,0.050223033,33.30653,33.0496
2023-02-02 10:29:52,-0.03546759,33.3041,33.04987
2023-02-02 10:29:57,-0.02030271,33.30166,33.05014
2023-02-02 10:30:02,-0.020969455,33.29922,33.05042
2023-02-02 10:30:07,-0.005678759,33.29679,33.05069
2023-02-02 10:30:12,0.036039014,33.28661,33.04954
2023-02-02 10:30:17,0.045935374,33.28417,33.04982
2023-02-02 10:30:22,-0.018629073,33.28172,33.05009
2023-02-02 10:30:27,0.028131459,33.27928,33.05036
2023-02-02 10:30:32,-0.036497541,33.27683,33.05063
2023-02-02 10:30:37,-0.037390235,33.27439,33.0509
2023-02-02 10:30:42,0.009463611,33.27194,33.05117
2023-02-02 10:30:47,-0.002153622,33.2695,33.05144
2023-02-02 10:30:52,0.050155765,33.26706,33.05171
2023-02-02 10:30:57,-0.019965035,33.26462,33.05198
2023-02-02 10:31:02,0.037228582,33.26217,33.05225
2023-02-02 10:31:07,-0.001168094,33.25973,33.05252
2023-02-02 10:31:12,-0.049876438,33.25729,33.05279
2023-02-02 10:31:17,0.017879307,33.25485,33.05306
2023-02-02 10:31:22,0.011364291,33.24453,33.05193
2023-02-02 10:31:27,0.036605694,33.24208,33.0522
2023-02-02 10:31:32,0.019365364,33.23963,33.05246
2023-02-02 10:31:37,-0.019037105,33.23718,33.05273
2023-02-02 10:31:42,-0.047002938,33.23473,33.053
2023-02-02 10:31:47,-0.005903164,33.23228,33.05327
2023-02-02 10:31:52,-0.028605035,33.22984,33.05354
2023-02-02 10:31:57,-0.030020281,33.22739,33.0538
2023-02-02 10:32:02,0.026970062,33.22494,33.05407
2023-02-02 10:32:07,-0.00097077,33.2225,33.05434
2023-02-02 10:32:12,0.045102996,33.22005,33.0546
2023-02-02 10:32:17,0.011765752,33.2176,33.05487
2023-02-02 10:32:22,-0.005805561,33.20716,33.05375
2023-02-02 10:32:27,0.019229046,33.20471,33.05402
2023-02-02 10:32:32,-0.041048527,33.20225,33.05428
2023-02-02 10:32:37,-0.048060552,33.1998,33.05455
2023-02-02 10:32:42,-0.007327394,33.19734,33.05482
2023-02-02 10:32:47,0.044222295,33.19489,33.05508
2023-02-02 10:32:52,-0.042839759,33.19244,33.05535
2023-02-02 10:32:57,-0.039136721,33.18998,33.05561
2023-02-02 10:33:02,0.017260423,33.18753,33.05588
2023-02-02 10:33:07,-0.048393542,33.18508,33.05614
2023-02-02 10:33:12,-0.002534081,33.18263,33.0564
2023-02-02 10:33:17,-0.041606721,33.18018,33.05667
2023-02-02 10:33:22,0.041303342,33.17773,33.05693
2023-02-02 10:33:27,0.033951203,33.16715,33.05582
2023-02-02 10:33:32,0.000105375,33.16469,33.05609
2023-02-02 10:33:37,0.019143501,33.16223,33.05635
2023-02-02 10:33:42,0.038337448,33.15977,33.05661
2023-02-02 10:33:47,0.014857367,33.15731,33.05688
2023-02-02 10:33:52,-0.104405565,33.15486,33.05714
2023-02-02 10:33:57,0.026231707,33.1524,33.0574
2023-02-02 10:34:02,-0.055791504,33.14994,33.05766
2023-02-02 10:34:07,-0.0156423,33.14749,33.05793
2023-02-02 10:34:12,-0.023307096,33.14503,33.05819
2023-02-02 10:34:17,0.038091655,33.14257,33.05845
2023-02-02 10:34:22,-0.08138127,33.14012,33.05871
2023-02-02 10:34:27,-0.025192533,33.12942,33.05762
2023-02-02 10:34:32,0.035910084,33.12696,33.05788
2023-02-02 10:34:37,0.01207939,33.12449,33.05814
2023-02-02 10:34:42,0.025522655,33.12203,33.0584
2023-02-02 10:34:47,-0.003708992,33.11956,33.05866
2023-02-02 10:34:52,0.025652871,33.1171,33.05892
2023-02-02 10:34:57,0.033659376,33.11464,33.05918
2023-02-02 10:35:02,-0.011668966,33.11218,33.05944
2023-02-02 10:35:07,-0.003734001,33.10972,33.0597
2023-02-02 10:35:12,0.041284184,33.10726,33.05996
2023-02-02 10:35:17,0.001178084,33.1048,33.06022
2023-02-02 10:35:22,-0.001654555,33.10234,33.06048
2023-02-02 10:35:27,0.011466462,33.09152,33.0594
2023-02-02 10:35:32,0.003231702,33.08905,33.05966
2023-02-02 10:35:37,0.026749923,33.08658,33.05992
2023-02-02 10:35:42,0.007782843,33.08411,33.06018
2023-02-02 10:35:47,-0.005890588,33.08164,33.06044
2023-02-02 10:35:52,-0.00361066,33.07918,33.06069
2023-02-02 10:35:57,0.003962797,33.07671,33.06095
2023-02-02 10:36:02,0.001975406,33.07424,33.06121
2023-02-02 10:36:07,-0.007839792,33.07178,33.06147
2023-02-02 10:36:12,-0.058814712,33.06931,33.06173
2023-02-02 10:36:17,-0.05138759,33.06685,33.06198
2023-02-02 10:36:22,-0.001738502,33.06439,33.06224
2023-02-02 10:36:27,0.005615098,33.05344,33.06117
2023-02-02 10:36:32,-0.056166592,33.05097,33.06143
2023-02-02 10:36:37,0.014882054,33.0485,33.06168
2023-02-02 10:36:42,0.032784885,33.04602,33.06194
2023-02-02 10:36:47,0.02381084,33.04355,33.0622
2023-02-02 10:36:52,-0.027458851,33.04108,33.06246
2023-02-02 10:36:57,0.011462262,33.03861,33.06271
2023-02-02 10:37:02,0.0396864,33.03614,33.06297
2023-02-02 10:37:07,0.030944647,33.03367,33.06323
2023-02-02 10:37:12,-0.020663956,33.0312,33.06348
2023-02-02 10:37:17,0.007448535,33.02873,33.06374
2023-02-02 10:37:22,0.025054225,33.01767,33.06268
2023-02-02 10:37:27,0.005122778,33.0152,33.06293
2023-02-02 10:37:32,0.03331356,33.01272,33.06319
2023-02-02 10:37:37,-0.023811813,33.01024,33.06344
2023-02-02 10:37:42,0.025623717,33.00777,33.0637
2023-02-02 10:37:47,-0.004736663,33.00529,33.06396
2023-02-02 10:37:52,0.017783794,33.00282,33.06421
2023-02-02 10:37:57,-0.007512291,33.00034,33.06447
2023-02-02 10:38:02,0.009603021,32.99787,33.06472
2023-02-02 10:38:07,0.000221389,32.9954,33.06498
2023-02-02 10:38:12,0.028111445,32.99292,33.06523
2023-02-02 10:38:17,-0.029314951,32.98175,33.06418
2023-02-02 10:38:22,-0.049469736,32.97927,33.06444
2023-02-02 10:38:27,-0.032352958,32.97679,33.06469
2023-02-02 10:38:32,-0.026124234,32.97431,33.06494
2023-02-02 10:38:37,-0.019743061,32.97183,33.0652
2023-02-02 10:38:42,-0.024059695,32.96935,33.06545
2023-02-02 10:38:47,0.03002435,32.96687,33.06571
2023-02-02 10:38:52,0.036291546,32.96439,33.06596
2023-02-02 10:38:57,0.021010661,32.96191,33.06622
2023-02-02 10:39:02,0.00160165,32.95944,33.06647
2023-02-02 10:39:07,0.012225208,32.95696,33.06672
2023-02-02 10:39:12,-0.024299357,32.94568,33.06568
2023-02-02 10:39:17,0.034695571,32.94319,33.06594
2023-02-02 10:39:22,0.03559437,32.94071,33.06619
2023-02-02 10:39:27,0.041213656,32.93822,33.06644
2023-02-02 10:39:32,-0.032392641,32.93574,33.0667
2023-02-02 10:39:37,-0.063778625,32.93325,33.06695
2023-02-02 10:39:42,0.042994084,32.93077,33.0672
2023-02-02 10:39:47,-0.025587697,32.92829,33.06746
2023-02-02 10:39:52,-0.003789699,32.92581,33.06771
2023-02-02 10:39:57,0.022918998,32.92332,33.06796
2023-02-02 10:40:02,-0.035118299,32.92084,33.06821
2023-02-02 10:40:07,-0.024095591,32.90945,33.06718
2023-02-02 10:40:12,0.045327303,32.90696,33.06744
2023-02-02 10:40:17,0.02943294,32.90447,33.06769
2023-02-02 10:40:22,-0.049887921,32.90198,33.06794
2023-02-02 10:40:27,-0.03920995,32.89949,33.0682
2023-02-02 10:40:32,0.01939864,32.89701,33.06845
2023-02-02 10:40:37,0.014199839,32.89452,33.0687
2023-02-02 10:40:42,-0.023017155,32.89203,33.06895
2023-02-02 10:40:47,0.019485436,32.88955,33.0692
2023-02-02 10:40:52,-0.017618751,32.88706,33.06946
2023-02-02 10:40:57,-0.038962417,32.88458,33.06971
2023-02-02 10:41:02,-0.049685087,32.87307,33.06869
2023-02-02 10:41:07,-0.055307114,32.87058,33.06894
2023-02-02 10:41:12,-0.012808471,32.86808,33.06919
2023-02-02 10:41:17,-0.018318023,32.86559,33.06944
2023-02-02 10:41:22,-0.029386815,32.8631,33.0697
2023-02-02 10:41:27,0.034124106,32.86061,33.06995
2023-02-02 10:41:32,-0.008621605,32.85812,33.0702
2023-02-02 10:41:37,0.022831683,32.85563,33.07045
2023-02-02 10:41:42,-0.009332447,32.85314,33.0707
2023-02-02 10:41:47,-0.004607145,32.85065,33.07095
2023-02-02 10:41:52,0.03205854,32.83904,33.06994
2023-02-02 10:41:57,-0.048192565,32.83654,33.07019
2023-02-02 10:42:02,0.009714139,32.83405,33.07045
2023-02-02 10:42:07,-0.022836732,32.83155,33.0707
2023-02-02 10:42:12,-0.002127832,32.82906,33.07095
2023-02-02 10:42:17,-0.002968387,32.82656,33.0712
2023-02-02 10:42:22,0.033461026,32.82406,33.07145
2023-02-02 10:42:27,-0.036366781,32.82157,33.0717
2023-02-02 10:42:32,0.058612521,32.81908,33.07195
2023-02-02 10:42:37,-0.006154957,32.81659,33.0722
2023-02-02 10:42:42,0.024976391,32.80488,33.0712
2023-02-02 10:42:47,0.055877633,32.80238,33.07145
2023-02-02 10:42:52,-0.062117908,32.79987,33.0717
2023-02-02 10:42:57,0.027332732,32.79737,33.07196
2023-02-02 10:43:02,0.026325267,32.79487,33.07221
2023-02-02 10:43:07,0.030417375,32.79237,33.07246
2023-02-02 10:43:12,0.039989698,32.78988,33.07271
2023-02-02 10:43:17,-0.035756708,32.78738,33.07296
2023-02-02 10:43:22,0.048354185,32.78488,33.07321
2023-02-02 10:43:27,0.020496643,32.78238,33.07346
2023-02-02 10:43:32,0.024387909,32.77058,33.07247
2023-02-02 10:43:37,-0.056659132,32.76807,33.07272
2023-02-02 10:43:42,0.027100142,32.76556,33.07297
2023-02-02 10:43:47,0.025730601,32.76306,33.07322
2023-02-02 10:43:52,0.034789977,32.76056,33.07347
2023-02-02 10:43:57,0.012019559,32.75805,33.07372
2023-02-02 10:44:02,-0.010791563,32.75555,33.07397
2023-02-02 10:44:07,0.035455088,32.75305,33.07422
2023-02-02 10:44:12,0.039211941,32.75055,33.07447
2023-02-02 10:44:17,0.042927845,32.74805,33.07472
2023-02-02 10:44:22,0.003963425,32.73614,33.07374
2023-02-02 10:44:27,0.023396671,32.73363,33.07399
2023-02-02 10:44:32,0.02165953,32.73112,33.07424
2023-02-02 10:44:37,-0.028088151,32.72861,33.0745
2023-02-02 10:44:42,-0.040377301,32.7261,33.07475
2023-02-02 10:44:47,-0.015779143,32.7236,33.075
2023-02-02 10:44:52,0.019437475,32.72109,33.07525
2023-02-02 10:44:57,0.012163622,32.71859,33.0755
2023-02-02 10:45:02,0.015317733,32.71608,33.07574
2023-02-02 10:45:07,0.029280319,32.70408,33.07478
2023-02-02 10:45:12,-0.015237492,32.70157,33.07503
2023-02-02 10:45:17,0.008355875,32.69906,33.07528
2023-02-02 10:45:22,-0.00389136,32.69654,33.07553
2023-02-02 10:45:27,-0.016555065,32.69403,33.07578
2023-02-02 10:45:32,0.018327794,32.69152,33.07603
2023-02-02 10:45:37,-0.005269997,32.68901,33.07628
2023-02-02 10:45:42,0.040188692,32.6865,33.07653
2023-02-02 10:45:47,-0.004622517,32.68399,33.07678
2023-02-02 10:45:52,-0.039006417,32.6719,33.07582
2023-02-02 10:45:57,0.01698579,32.66939,33.07607
2023-02-02 10:46:02,0.024966509,32.66687,33.07632
2023-02-02 10:46:07,-0.004023694,32.66435,33.07657
2023-02-02 10:46:12,-0.054756526,32.66184,33.07682
2023-02-02 10:46:17,-0.004072883,32.65932,33.07707
2023-02-02 10:46:22,-0.001400773,32.65681,33.07732
2023-02-02 10:46:27,0.02235831,32.65429,33.07757
2023-02-02 10:46:32,-0.007033775,32.65178,33.07782
2023-02-02 10:46:37,-0.020668731,32.64927,33.07807
2023-02-02 10:46:42,-0.044625167,32.63708,33.07713
2023-02-02 10:46:47,0.026743504,32.63456,33.07738
2023-02-02 10:46:52,0.055811255,32.63204,33.07763
2023-02-02 10:46:57,0.015547766,32.62952,33.07788
2023-02-02 10:47:02,0.01255147,32.627,33.07813
2023-02-02 10:47:07,0.014652452,32.62448,33.07838
2023-02-02 10:47:12,-0.009557563,32.62197,33.07863
2023-02-02 10:47:17,-0.028860567,32.61945,33.07888
2023-02-02 10:47:22,-0.01603582,32.61693,33.07913
2023-02-02 10:47:27,-0.003443472,32.60466,33.07819
2023-02-02 10:47:32,-0.091590406,32.60213,33.07844
2023-02-02 10:47:37,0.032655951,32.59961,33.07869
2023-02-02 10:47:42,0.01847304,32.59708,33.07894
2023-02-02 10:47:47,0.031088371,32.59456,33.0792
2023-02-02 10:47:52,-0.05741601,32.59204,33.07945
2023-02-02 10:47:57,0.040014071,32.58952,33.0797
2023-02-02 10:48:02,-0.069892933,32.587,33.07995
2023-02-02 10:48:07,-0.030793931,32.58448,33.0802
2023-02-02 10:48:12,0.050712873,32.57211,33.07927
2023-02-02 10:48:17,-0.011729062,32.56958,33.07952
2023-02-02 10:48:22,-0.057651093,32.56706,33.07977
2023-02-02 10:48:27,0.023542733,32.56453,33.08002
2023-02-02 10:48:32,-0.006851562,32.562,33.08028
2023-02-02 10:48:37,0.01068303,32.55948,33.08053
2023-02-02 10:48:42,0.006667316,32.55695,33.08078
2023-02-02 10:48:47,0.029261162,32.55443,33.08103
2023-02-02 10:48:52,-0.048882148,32.54198,33.08011
2023-02-02 10:48:57,0.016081146,32.53945,33.08036
2023-02-02 10:49:02,0.012096866,32.53692,33.08062
2023-02-02 10:49:07,-0.045225823,32.53439,33.08087
2023-02-02 10:49:12,-0.081267813,32.53186,33.08112
2023-02-02 10:49:17,-0.005420343,32.52933,33.08137
2023-02-02 10:49:22,-0.020410331,32.5268,33.08163
2023-02-02 10:49:27,0.002061201,32.52427,33.08188
2023-02-02 10:49:32,0.013644508,32.52174,33.08213
2023-02-02 10:49:37,0.014720624,32.50921,33.08122
2023-02-02 10:49:42,0.005099368,32.50667,33.08147
2023-02-02 10:49:47,-0.004559043,32.50414,33.08172
2023-02-02 10:49:52,-0.040903955,32.5016,33.08198
2023-02-02 10:49:57,0.018272292,32.49907,33.08223
2023-02-02 10:50:02,0.003174023,32.49654,33.08248
2023-02-02 10:50:07,0.004029501,32.494,33.08274
2023-02-02 10:50:12,-0.053589466,32.49147,33.08299
2023-02-02 10:50:17,0.021433004,32.48894,33.08324
2023-02-02 10:50:22,-0.004276959,32.47632,33.08234
2023-02-02 10:50:27,-0.062191562,32.47378,33.0826
2023-02-02 10:50:32,-0.024392448,32.47124,33.08285
2023-02-02 10:50:37,-0.034406343,32.4687,33.0831
2023-02-02 10:50:42,-0.028654642,32.46617,33.08336
2023-02-02 10:50:47,-0.006756285,32.46363,33.08361
2023-02-02 10:50:52,-0.032860198,32.46109,33.08387
2023-02-02 10:50:57,0.004771755,32.45856,33.08412
2023-02-02 10:51:02,0.005061912,32.44586,33.08323
2023-02-02 10:51:07,0.000370744,32.44332,33.08348
2023-02-02 10:51:12,-0.052511615,32.44077,33.08374
2023-02-02 10:51:17,-0.015007133,32.43823,33.08399
2023-02-02 10:51:22,0.006666945,32.43569,33.08425
2023-02-02 10:51:27,0.012130286,32.43315,33.0845
2023-02-02 10:51:32,0.012423845,32.43061,33.08476
2023-02-02 10:51:37,-0.035281742,32.42807,33.08501
2023-02-02 10:51:42,-0.040377652,32.4153,33.08413
2023-02-02 10:51:47,0.018265919,32.41275,33.08438
2023-02-02 10:51:52,-0.050656656,32.4102,33.08464
2023-02-02 10:51:57,0.023728951,32.40766,33.0849
2023-02-02 10:52:02,0.002528649,32.40511,33.08515
2023-02-02 10:52:07,0.045069111,32.40257,33.08541
2023-02-02 10:52:12,0.045133168,32.40002,33.08566
2023-02-02 10:52:17,0.013190547,32.39748,33.08592
2023-02-02 10:52:22,-0.050758359,32.38463,33.08505
2023-02-02 10:52:27,-0.018795272,32.38208,33.0853
2023-02-02 10:52:32,0.06073023,32.37952,33.08556
2023-02-02 10:52:37,-0.024426436,32.37698,33.08582
2023-02-02 10:52:42,0.044578181,32.37443,33.08607
2023-02-02 10:52:47,0.022949026,32.37188,33.08633
2023-02-02 10:52:52,0.044124674,32.36933,33.08659
2023-02-02 10:52:57,0.011976477,32.36679,33.08684
2023-02-02 10:53:02,-0.009536233,32.35385,33.08598
2023-02-02 10:53:07,-0.052392714,32.3513,33.08624
2023-02-02 10:53:12,0.037784601,32.34875,33.0865
2023-02-02 10:53:17,0.048179936,32.34619,33.08675
2023-02-02 10:53:22,-0.010736962,32.34364,33.08701
2023-02-02 10:53:27,-0.000388025,32.34109,33.08727
2023-02-02 10:53:32,0.062856521,32.33854,33.08753
2023-02-02 10:53:37,-0.017258256,32.33599,33.08779
2023-02-02 10:53:42,0.003492287,32.32298,33.08693
2023-02-02 10:53:47,0.061529974,32.32042,33.08719
2023-02-02 10:53:52,-0.029311363,32.31786,33.08745
2023-02-02 10:53:57,0.002223175,32.31531,33.08771
2023-02-02 10:54:02,-0.062202534,32.31275,33.08797
2023-02-02 10:54:07,0.022397474,32.3102,33.08823
2023-02-02 10:54:12,0.032547602,32.30764,33.08849
2023-02-02 10:54:17,0.007031627,32.30509,33.08875
2023-02-02 10:54:22,-0.006035534,32.29201,33.08791
2023-02-02 10:54:27,-0.022598711,32.28944,33.08817
2023-02-02 10:54:32,-0.002063927,32.28688,33.08843
2023-02-02 10:54:37,0.034630062,32.28432,33.08869
2023-02-02 10:54:42,0.044463055,32.28176,33.08895
2023-02-02 10:54:47,0.011826234,32.27921,33.08921
2023-02-02 10:54:52,-0.01017163,32.27665,33.08947
2023-02-02 10:54:57,0.026248246,32.2635,33.08863
2023-02-02 10:55:02,-0.027580549,32.26093,33.0889
2023-02-02 10:55:07,-0.033841802,32.25836,33.08916
2023-02-02 10:55:12,0.023834995,32.2558,33.08942
2023-02-02 10:55:17,0.038851423,32.25324,33.08968
2023-02-02 10:55:22,0.02205762,32.25068,33.08995
2023-02-02 10:55:27,0.015902434,32.24812,33.09021
2023-02-02 10:55:32,0.015055911,32.24556,33.09047
2023-02-02 10:55:37,-0.017791532,32.23232,33.08964
2023-02-02 10:55:42,0.002448247,32.22975,33.08991
2023-02-02 10:55:47,-0.035582056,32.22719,33.09017
2023-02-02 10:55:52,-0.041845112,32.22462,33.09044
2023-02-02 10:55:57,0.031437853,32.22206,33.0907
2023-02-02 10:56:02,-0.001519145,32.21949,33.09096
2023-02-02 10:56:07,-0.039638136,32.21693,33.09123
2023-02-02 10:56:12,0.028247384,32.20363,33.09041
2023-02-02 10:56:17,0.016541895,32.20105,33.09068
2023-02-02 10:56:22,0.025942446,32.19848,33.09094
2023-02-02 10:56:27,0.019710434,32.19591,33.09121
2023-02-02 10:56:32,0.018403808,32.19334,33.09147
2023-02-02 10:56:37,0.043722601,32.19078,33.09174
2023-02-02 10:56:42,0.05302715,32.18821,33.092
2023-02-02 10:56:47,-0.027730632,32.18564,33.09227
2023-02-02 10:56:52,0.045292549,32.17227,33.09146
2023-02-02 10:56:57,0.001603075,32.16969,33.09173
2023-02-02 10:57:02,0.03745566,32.16712,33.092
2023-02-02 10:57:07,-0.043785976,32.16454,33.09226
2023-02-02 10:57:12,-0.03958539,32.16197,33.09253
2023-02-02 10:57:17,0.06528531,32.1594,33.0928
2023-02-02 10:57:22,0.021080968,32.15683,33.09307
2023-02-02 10:57:27,-0.017631196,32.14338,33.09227
2023-02-02 10:57:32,0.023576675,32.14081,33.09254
2023-02-02 10:57:37,0.000796403,32.13823,33.0928
2023-02-02 10:57:42,0.031095246,32.13565,33.09307
2023-02-02 10:57:47,-0.039714141,32.13308,33.09334
2023-02-02 10:57:52,0.022693714,32.1305,33.09361
2023-02-02 10:57:57,0.02625079,32.12793,33.09388
2023-02-02 10:58:02,-0.027402308,32.11442,33.09309
2023-02-02 10:58:07,-0.062098556,32.11183,33.09336
2023-02-02 10:58:12,-0.040988553,32.10925,33.09363
2023-02-02 10:58:17,-0.081481408,32.10667,33.0939
2023-02-02 10:58:22,0.028128235,32.10409,33.09418
2023-02-02 10:58:27,-0.032092896,32.10151,33.09445
2023-02-02 10:58:32,0.066976865,32.09894,33.09472
2023-02-02 10:58:37,0.001354213,32.08536,33.09394
2023-02-02 10:58:42,0.004602993,32.08278,33.09421
2023-02-02 10:58:47,0.0397938,32.08019,33.09448
2023-02-02 10:58:52,0.027167621,32.07761,33.09476
2023-02-02 10:58:57,-0.038606168,32.07502,33.09503
2023-02-02 10:59:02,0.017597539,32.07244,33.0953
2023-02-02 10:59:07,-0.021606326,32.06986,33.09557
2023-02-02 10:59:12,-0.050381665,32.05622,33.0948
2023-02-02 10:59:17,0.005889698,32.05363,33.09508
2023-02-02 10:59:22,0.008819577,32.05104,33.09535
2023-02-02 10:59:27,-0.019892469,32.04845,33.09563
2023-02-02 10:59:32,0.025399493,32.04587,33.0959
2023-02-02 10:59:37,0.044378048,32.04328,33.09618
2023-02-02 10:59:42,0.036471296,32.0407,33.09645
2023-02-02 10:59:47,0.028708842,32.02699,33.09569
2023-02-02 10:59:52,0.010430155,32.0244,33.09597
2023-02-02 10:59:57,-0.06671562,32.0218,33.09624
2023-02-02 11:00:02,-0.000348864,32.01921,33.09652
2023-02-02 11:00:07,-0.01880654,32.01662,33.0968
2023-02-02 11:00:12,0.015638195,32.01404,33.09707
2023-02-02 11:00:17,0.012913169,32.01145,33.09735
2023-02-02 11:00:22,-0.027172761,31.99768,33.0966
2023-02-02 11:00:27,0.03376713,31.99508,33.09688
2023-02-02 11:00:32,-0.022413826,31.99248,33.09716
2023-02-02 11:00:37,0.00643968,31.98989,33.09743
2023-02-02 11:00:42,0.003449398,31.9873,33.09771
2023-02-02 11:00:47,-0.031575754,31.98471,33.09799
2023-02-02 11:00:52,-0.034677638,31.98212,33.09827
2023-02-02 11:00:57,-0.022037186,31.96828,33.09753
2023-02-02 11:01:02,0.001205338,31.96568,33.09781
2023-02-02 11:01:07,-0.033859056,31.96308,33.09809
2023-02-02 11:01:12,-0.037384099,31.96048,33.09837
2023-02-02 11:01:17,0.044119029,31.95789,33.09865
2023-02-02 11:01:22,0.024673491,31.95529,33.09894
2023-02-02 11:01:27,0.021155941,31.9414,33.0982
2023-02-02 11:01:32,-0.024873064,31.93879,33.09848
2023-02-02 11:01:37,0.035252215,31.93619,33.09877
2023-02-02 11:01:42,-0.016424479,31.93359,33.09905
2023-02-02 11:01:47,0.02225218,31.93099,33.09933
2023-02-02 11:01:52,0.002234131,31.92839,33.09962
2023-02-02 11:01:57,-0.007000091,31.92579,33.0999
2023-02-02 11:02:02,-0.016301508,31.91183,33.09918
2023-02-02 11:02:07,-0.057459968,31.90923,33.09946
2023-02-02 11:02:12,0.028659858,31.90662,33.09975
2023-02-02 11:02:17,-0.034146687,31.90402,33.10003
2023-02-02 11:02:22,-0.006414794,31.90142,33.10032
2023-02-02 11:02:27,-0.010923689,31.89882,33.10061
2023-02-02 11:02:32,-0.010174231,31.8848,33.09989
2023-02-02 11:02:37,-0.014446344,31.88219,33.10018
2023-02-02 11:02:42,0.034126941,31.87958,33.10046
2023-02-02 11:02:47,0.00286811,31.87697,33.10075
2023-02-02 11:02:52,-0.012475491,31.87437,33.10104
2023-02-02 11:02:57,0.025214604,31.87176,33.10133
2023-02-02 11:03:02,0.025519441,31.86916,33.10162
2023-02-02 11:03:07,-0.000901851,31.85508,33.10091
2023-02-02 11:03:12,0.015619699,31.85246,33.1012
2023-02-02 11:03:17,0.031492377,31.84985,33.10149
2023-02-02 11:03:22,0.021208003,31.84724,33.10178
2023-02-02 11:03:27,0.015793677,31.84463,33.10207
2023-02-02 11:03:32,-0.06393853,31.84202,33.10236
2023-02-02 11:03:37,0.036704632,31.82789,33.10167
2023-02-02 11:03:42,-0.011209463,31.82527,33.10196
2023-02-02 11:03:47,-0.048735736,31.82266,33.10225
2023-02-02 11:03:52,-0.043704887,31.82004,33.10254
2023-02-02 11:03:57,0.046141107,31.81743,33.10284
2023-02-02 11:04:02,0.002401655,31.81482,33.10313
2023-02-02 11:04:07,-0.013502389,31.80062,33.10244
2023-02-02 11:04:12,0.065622326,31.798,33.10274
2023-02-02 11:04:17,-0.041504305,31.79539,33.10303
2023-02-02 11:04:22,0.031929565,31.79277,33.10333
2023-02-02 11:04:27,-0.059379018,31.79015,33.10362
2023-02-02 11:04:32,-0.017906985,31.78754,33.10392
2023-02-02 11:04:37,0.018148038,31.77329,33.10324
2023-02-02 11:04:42,0.02746595,31.77067,33.10354
2023-02-02 11:04:47,-0.00556283,31.76804,33.10384
2023-02-02 11:04:52,-0.054669884,31.76542,33.10413
2023-02-02 11:04:57,0.023481055,31.7628,33.10443
2023-02-02 11:05:02,0.027114091,31.76018,33.10473
2023-02-02 11:05:07,0.025327415,31.75757,33.10503
2023-02-02 11:05:12,-0.066587008,31.74325,33.10436
2023-02-02 11:05:17,0.027003182,31.74063,33.10466
2023-02-02 11:05:22,0.009335472,31.738,33.10496
2023-02-02 11:05:27,0.017845297,31.73538,33.10526
2023-02-02 11:05:32,0.015793822,31.73276,33.10556
2023-02-02 11:05:37,-0.039648902,31.73014,33.10586
2023-02-02 11:05:42,0.027213545,31.71577,33.1052
2023-02-02 11:05:47,0.014034423,31.71314,33.10551
2023-02-02 11:05:52,0.016942295,31.71051,33.10581
2023-02-02 11:05:57,0.009096916,31.70789,33.10611
2023-02-02 11:06:02,0.011627275,31.70526,33.10642
2023-02-02 11:06:07,0.01958386,31.70264,33.10672
2023-02-02 11:06:12,0.027255782,31.68822,33.10607
2023-02-02 11:06:17,-0.028935478,31.68558,33.10638
2023-02-02 11:06:22,-0.037252324,31.68295,33.10668
2023-02-02 11:06:27,-0.019205011,31.68032,33.10699
2023-02-02 11:06:32,-0.033042033,31.67769,33.10729
2023-02-02 11:06:37,0.032783807,31.67507,33.1076
2023-02-02 11:06:42,-0.018553858,31.66059,33.10696
2023-02-02 11:06:47,0.009961303,31.65795,33.10727
2023-02-02 11:06:52,0.006210526,31.65532,33.10758
2023-02-02 11:06:57,-0.034945883,31.65269,33.10789
2023-02-02 11:07:02,-0.00671947,31.65006,33.10819
2023-02-02 11:07:07,-0.037218695,31.63553,33.10756
2023-02-02 11:07:12,0.00128391,31.63289,33.10787
2023-02-02 11:07:17,-0.024078924,31.63026,33.10818
2023-02-02 11:07:22,-0.012419719,31.62762,33.1085
2023-02-02 11:07:27,0.004662641,31.62498,33.10881
2023-02-02 11:07:32,-0.042311189,31.62235,33.10912
2023-02-02 11:07:37,0.006175502,31.60777,33.1085
2023-02-02 11:07:42,0.033435438,31.60513,33.10881
2023-02-02 11:07:47,0.007679478,31.60248,33.10912
2023-02-02 11:07:52,-0.039684058,31.59984,33.10944
2023-02-02 11:07:57,0.019262702,31.59721,33.10975
2023-02-02 11:08:02,-0.044285923,31.59457,33.11007
2023-02-02 11:08:07,-0.028173878,31.57994,33.10945
2023-02-02 11:08:12,0.035809555,31.57729,33.10977
2023-02-02 11:08:17,-0.1289202,31.57465,33.11009
2023-02-02 11:08:22,0.019955789,31.572,33.1104
2023-02-02 11:08:27,-0.049411967,31.56936,33.11072
2023-02-02 11:08:32,-0.002000293,31.56672,33.11104
2023-02-02 11:08:37,-0.00227511,31.55204,33.11044
2023-02-02 11:08:42,0.013151373,31.54939,33.11075
2023-02-02 11:08:47,-0.008639208,31.54674,33.11108
2023-02-02 11:08:52,-0.009208229,31.54409,33.1114
2023-02-02 11:08:57,-0.052514652,31.54145,33.11172
2023-02-02 11:09:02,-0.026820648,31.52672,33.11112
2023-02-02 11:09:07,-0.07032341,31.52406,33.11144
2023-02-02 11:09:12,-0.044825719,31.52141,33.11177
2023-02-02 11:09:17,-0.013905967,31.51876,33.11209
2023-02-02 11:09:22,-0.004594448,31.51612,33.11241
2023-02-02 11:09:27,-0.006040969,31.51347,33.11274
2023-02-02 11:09:32,-0.050034738,31.49868,33.11215
2023-02-02 11:09:37,-0.046157616,31.49603,33.11248
2023-02-02 11:09:42,-0.021249509,31.49337,33.1128
2023-02-02 11:09:47,0.003560264,31.49072,33.11313
2023-02-02 11:09:52,0.022941729,31.48807,33.11346
2023-02-02 11:09:57,0.021095375,31.47324,33.11288
2023-02-02 11:10:02,-0.055468344,31.47058,33.11321
2023-02-02 11:10:07,0.02224657,31.46792,33.11354
2023-02-02 11:10:12,0.041233726,31.46527,33.11386
2023-02-02 11:10:17,-0.003646443,31.46261,33.1142
2023-02-02 11:10:22,-0.021975853,31.45996,33.11452
2023-02-02 11:10:27,0.04982365,31.44507,33.11396
2023-02-02 11:10:32,0.052615941,31.44241,33.11429
2023-02-02 11:10:37,0.002009925,31.43975,33.11462
2023-02-02 11:10:42,-0.006055993,31.43709,33.11496
2023-02-02 11:10:47,-0.00908174,31.43444,33.11529
2023-02-02 11:10:52,0.019772415,31.41951,33.11473
2023-02-02 11:10:57,0.016737741,31.41684,33.11506
2023-02-02 11:11:02,0.013412845,31.41418,33.1154
2023-02-02 11:11:07,0.020838029,31.41152,33.11574
2023-02-02 11:11:12,0.017312795,31.40886,33.11607
2023-02-02 11:11:17,-0.007442274,31.39388,33.11552
2023-02-02 11:11:22,0.047460364,31.39121,33.11586
2023-02-02 11:11:27,0.054292824,31.38854,33.1162
2023-02-02 11:11:32,0.034564818,31.38588,33.11654
2023-02-02 11:11:37,0.025395101,31.38321,33.11688
2023-02-02 11:11:42,-5.642e-05,31.38055,33.11721
2023-02-02 11:11:47,0.017029229,31.36552,33.11668
2023-02-02 11:11:52,0.039342414,31.36285,33.11702
2023-02-02 11:11:57,-0.034004967,31.36018,33.11736
2023-02-02 11:12:02,0.057200899,31.35751,33.1177
2023-02-02 11:12:07,-0.027203226,31.35485,33.11804
2023-02-02 11:12:12,0.032006137,31.33977,33.11751
2023-02-02 11:12:17,0.048471835,31.3371,33.11786
2023-02-02 11:12:22,-0.05185423,31.33443,33.1182
2023-02-02 11:12:27,-0.025128906,31.33176,33.11855
2023-02-02 11:12:32,0.017861232,31.32908,33.11889
2023-02-02 11:12:37,0.028575361,31.31397,33.11837
2023-02-02 11:12:42,0.049842747,31.31129,33.11872
2023-02-02 11:12:47,-0.024745168,31.30861,33.11907
2023-02-02 11:12:52,0.023946055,31.30594,33.11942
2023-02-02 11:12:57,0.075880749,31.30326,33.11976
2023-02-02 11:13:02,0.064736761,31.2881,33.11925
2023-02-02 11:13:07,0.043013855,31.28542,33.1196
2023-02-02 11:13:12,0.02651089,31.28274,33.11996
2023-02-02 11:13:17,0.009897276,31.28006,33.12031
2023-02-02 11:13:22,0.040951217,31.27739,33.12066
2023-02-02 11:13:27,-0.045174562,31.26218,33.12016
2023-02-02 11:13:32,-0.014345255,31.2595,33.12051
2023-02-02 11:13:37,0.0536802,31.25682,33.12087
2023-02-02 11:13:42,0.068102076,31.25413,33.12122
2023-02-02 11:13:47,0.051000661,31.25145,33.12158
2023-02-02 11:13:52,0.001613916,31.2362,33.12108
2023-02-02 11:13:57,0.084787676,31.23352,33.12144
2023-02-02 11:14:02,0.0406878,31.23083,33.1218
2023-02-02 11:14:07,-0.056829146,31.22814,33.12216
2023-02-02 11:14:12,0.052640556,31.22546,33.12252
2023-02-02 11:14:17,0.018654064,31.21017,33.12203
2023-02-02 11:14:22,0.016526758,31.20748,33.12239
2023-02-02 11:14:27,-0.017701331,31.20479,33.12276
2023-02-02 11:14:32,-0.01493239,31.2021,33.12312
2023-02-02 11:14:37,0.003703357,31.19941,33.12348
2023-02-02 11:14:42,0.011555442,31.18407,33.123
2023-02-02 11:14:47,0.051262314,31.18138,33.12337
2023-02-02 11:14:52,0.005460195,31.17869,33.12373
2023-02-02 11:14:57,0.003427325,31.176,33.1241
2023-02-02 11:15:02,0.001388504,31.17331,33.12446
2023-02-02 11:15:07,-0.000642094,31.15793,33.124
2023-02-02 11:15:12,-0.002650337,31.15523,33.12437
2023-02-02 11:15:17,-0.004622077,31.15253,33.12474
2023-02-02 11:15:22,-0.006543185,31.14984,33.1251
2023-02-02 11:15:27,-0.008399536,31.14715,33.12548
2023-02-02 11:15:32,-0.010176994,31.13172,33.12502
2023-02-02 11:15:37,-0.011861466,31.12902,33.12539
2023-02-02 11:15:42,-0.001685861,31.12632,33.12576
2023-02-02 11:15:47,0.025790995,31.12363,33.12614
2023-02-02 11:15:52,-0.010447536,31.12093,33.12651
2023-02-02 11:15:57,-0.063004412,31.10546,33.12606
2023-02-02 11:16:02,-0.046601805,31.10276,33.12644
2023-02-02 11:16:07,-0.035669258,31.10006,33.12681
2023-02-02 11:16:12,-0.046197511,31.09736,33.12719
2023-02-02 11:16:17,0.007091183,31.09466,33.12757
2023-02-02 11:16:22,-0.024851605,31.07915,33.12713
2023-02-02 11:16:27,-0.003829635,31.07644,33.12751
2023-02-02 11:16:32,-0.014741941,31.07374,33.12789
2023-02-02 11:16:37,-0.031130197,31.07104,33.12827
2023-02-02 11:16:42,-0.005406842,31.05549,33.12784
2023-02-02 11:16:47,0.004369091,31.05278,33.12822
2023-02-02 11:16:52,0.008856463,31.05007,33.12861
2023-02-02 11:16:57,-0.034775311,31.04736,33.12899
2023-02-02 11:17:02,-0.025449196,31.04466,33.12937
2023-02-02 11:17:07,-0.016274933,31.02907,33.12896
2023-02-02 11:17:12,-0.011977994,31.02635,33.12934
2023-02-02 11:17:17,-0.011033192,31.02364,33.12973
2023-02-02 11:17:22,-0.010062704,31.02093,33.13011
2023-02-02 11:17:27,-0.009073614,31.01823,33.1305
2023-02-02 11:17:32,-0.008073019,31.00259,33.13009
2023-02-02 11:17:37,-0.007067974,30.99988,33.13048
2023-02-02 11:17:42,-0.006065543,30.99716,33.13087
2023-02-02 11:17:47,-0.005072768,30.99445,33.13126
2023-02-02 11:17:52,-0.004096691,30.97878,33.13087
2023-02-02 11:17:57,0.024458132,30.97606,33.13126
2023-02-02 11:18:02,-7.7596e-05,30.97335,33.13165
2023-02-02 11:18:07,-0.019255503,30.97063,33.13205
2023-02-02 11:18:12,0.030501811,30.96792,33.13244
2023-02-02 11:18:17,0.031935486,30.9522,33.13205
2023-02-02 11:18:22,-0.014193917,30.94948,33.13245
2023-02-02 11:18:27,-0.03402973,30.94676,33.13285
2023-02-02 11:18:32,-0.001113437,30.94404,33.13324
2023-02-02 11:18:37,-0.07458192,30.9283,33.13287
2023-02-02 11:18:42,0.0379482,30.92557,33.13326
2023-02-02 11:18:47,-0.025006405,30.92285,33.13367
2023-02-02 11:18:52,0.049686228,30.92013,33.13407
2023-02-02 11:18:57,0.039501357,30.9174,33.13447
2023-02-02 11:19:02,0.007826381,30.90162,33.1341
2023-02-02 11:19:07,0.023759135,30.89889,33.1345
2023-02-02 11:19:12,-0.002928766,30.89616,33.13491
2023-02-02 11:19:17,-0.003329779,30.89344,33.13531
2023-02-02 11:19:22,0.001426221,30.87761,33.13495
2023-02-02 11:19:27,-0.031110185,30.87488,33.13536
2023-02-02 11:19:32,-0.031841114,30.87215,33.13577
2023-02-02 11:19:37,0.020171978,30.86942,33.13618
2023-02-02 11:19:42,-0.002418378,30.8667,33.13659
2023-02-02 11:19:47,-0.030323676,30.85083,33.13624
2023-02-02 11:19:52,0.031823008,30.8481,33.13665
2023-02-02 11:19:57,0.003565578,30.84536,33.13706
2023-02-02 11:20:02,-0.013611858,30.84263,33.13748
2023-02-02 11:20:07,-0.053479763,30.82673,33.13713
2023-02-02 11:20:12,-0.039819449,30.824,33.13755
2023-02-02 11:20:17,-0.031666784,30.82126,33.13797
2023-02-02 11:20:22,-0.013222768,30.81852,33.13838
2023-02-02 11:20:27,-0.010566166,30.81579,33.1388
2023-02-02 11:20:32,0.023510605,30.79985,33.13847
2023-02-02 11:20:37,-0.027299156,30.79711,33.13889
2023-02-02 11:20:42,0.022409287,30.79437,33.13931
2023-02-02 11:20:47,-0.023619445,30.79163,33.13973
2023-02-02 11:20:52,-0.138926241,30.77566,33.13941
2023-02-02 11:20:57,0.000661831,30.77291,33.13983
2023-02-02 11:21:02,0.017672277,30.77017,33.14026
2023-02-02 11:21:07,0.008233931,30.76743,33.14068
2023-02-02 11:21:12,0.030404601,30.75142,33.14037
2023-02-02 11:21:17,-0.000713715,30.74867,33.1408
2023-02-02 11:21:22,0.026236112,30.74593,33.14122
2023-02-02 11:21:27,0.000277593,30.74319,33.14165
2023-02-02 11:21:32,-0.090010532,30.72714,33.14135
2023-02-02 11:21:37,-0.068741132,30.72439,33.14178
2023-02-02 11:21:42,0.026586185,30.72164,33.14221
2023-02-02 11:21:47,0.031695771,30.7189,33.14264
2023-02-02 11:21:52,0.025774998,30.71615,33.14308
2023-02-02 11:21:57,0.035663867,30.70006,33.14278
2023-02-02 11:22:02,-0.011222131,30.69731,33.14322
2023-02-02 11:22:07,-0.019526626,30.69456,33.14366
2023-02-02 11:22:12,0.037791991,30.69181,33.14409
2023-02-02 11:22:17,-0.027657083,30.67569,33.14381
2023-02-02 11:22:22,0.018642708,30.67293,33.14425
2023-02-02 11:22:27,-0.073433783,30.67018,33.14469
2023-02-02 11:22:32,-0.001223253,30.66743,33.14513
2023-02-02 11:22:37,-0.035028444,30.65127,33.14486
2023-02-02 11:22:42,-0.026753461,30.64852,33.1453
2023-02-02 11:22:47,-0.002857321,30.64576,33.14574
2023-02-02 11:22:52,-0.037387556,30.643,33.14619
2023-02-02 11:22:57,-0.013847051,30.62681,33.14592
2023-02-02 11:23:02,0.015226673,30.62405,33.14637
2023-02-02 11:23:07,-0.009366108,30.62129,33.14682
2023-02-02 11:23:12,-0.023475785,30.61853,33.14727
2023-02-02 11:23:17,0.020867266,30.60231,33.14701
2023-02-02 11:23:22,0.043714723,30.59954,33.14746
2023-02-02 11:23:27,0.045066878,30.59678,33.14791
2023-02-02 11:23:32,0.067563505,30.59402,33.14837
2023-02-02 11:23:37,0.036586171,30.57776,33.14812
2023-02-02 11:23:42,0.010764426,30.575,33.14858
2023-02-02 11:23:47,-0.004381059,30.57223,33.14903
2023-02-02 11:23:52,-0.009230632,30.56946,33.14949
2023-02-02 11:23:57,0.039045971,30.55317,33.14925
2023-02-02 11:24:02,0.015963184,30.5504,33.14971
2023-02-02 11:24:07,-0.008635548,30.54763,33.15017
2023-02-02 11:24:12,-0.030164233,30.54486,33.15063
2023-02-02 11:24:17,0.001435205,30.52854,33.15041
2023-02-02 11:24:22,0.000884486,30.52577,33.15087
2023-02-02 11:24:27,0.042802951,30.523,33.15133
2023-02-02 11:24:32,0.041912508,30.52022,33.1518
2023-02-02 11:24:37,-0.118663776,30.50387,33.15158
2023-02-02 11:24:42,0.023635201,30.50109,33.15205
2023-02-02 11:24:47,0.02223912,30.49831,33.15252
2023-02-02 11:24:52,0.020675626,30.49554,33.15299
2023-02-02 11:24:57,-0.055292908,30.47915,33.15278
2023-02-02 11:25:02,-0.025400484,30.47637,33.15325
2023-02-02 11:25:07,0.00794727,30.47359,33.15372
2023-02-02 11:25:12,0.04473774,30.47081,33.1542
2023-02-02 11:25:17,-0.01590307,30.45439,33.154
2023-02-02 11:25:22,0.023989454,30.45161,33.15448
2023-02-02 11:25:27,-0.03202961,30.44883,33.15495
2023-02-02 11:25:32,0.050175822,30.44605,33.15543
2023-02-02 11:25:37,0.041800734,30.42959,33.15524
2023-02-02 11:25:42,0.022794511,30.4268,33.15572
2023-02-02 11:25:47,0.019616745,30.42402,33.1562
2023-02-02 11:25:52,0.005238023,30.42124,33.15669
2023-02-02 11:25:57,0.033528939,30.40475,33.15651
2023-02-02 11:26:02,-0.012768015,30.40196,33.15699
2023-02-02 11:26:07,0.073453253,30.39917,33.15748
2023-02-02 11:26:12,0.021699736,30.38266,33.15731
2023-02-02 11:26:17,0.033367027,30.37986,33.1578
2023-02-02 11:26:22,0.007377618,30.37707,33.15829
2023-02-02 11:26:27,0.066700701,30.37428,33.15878
2023-02-02 11:26:32,-0.001859735,30.35774,33.15862
2023-02-02 11:26:37,0.056961998,30.35494,33.15911
2023-02-02 11:26:42,0.036061088,30.35215,33.1596
2023-02-02 11:26:47,-0.006313681,30.34935,33.1601
2023-02-02 11:26:52,0.025396272,30.33277,33.15995
2023-02-02 11:26:57,-0.059733773,30.32998,33.16045
2023-02-02 11:27:02,0.040769459,30.32718,33.16094
2023-02-02 11:27:07,-0.044854958,30.32438,33.16144
2023-02-04 07:20:57,0.056676356,38.3672,28.92538
2023-02-04 07:21:02,-0.03127108,38.36665,28.92873
2023-02-04 07:21:07,-0.056348151,38.35725,28.94523
2023-02-04 07:21:12,-0.049520464,38.3567,28.94856
2023-02-04 07:21:17,0.042320359,38.35615,28.9519
2023-02-04 07:21:22,0.033007679,38.3556,28.95523
2023-02-04 07:21:27,-0.013499857,38.35504,28.95857
2023-02-04 07:21:32,-0.049423515,38.34562,28.975
2023-02-04 07:21:37,-0.026984476,38.34506,28.97832
2023-02-04 07:21:42,-0.079240235,38.3445,28.98164
2023-02-04 07:21:47,-0.142041299,38.34393,28.98496
2023-02-04 07:21:52,-0.17826859,38.33451,29.00134
2023-02-04 07:21:57,-0.113683644,38.33394,29.00465
2023-02-04 07:22:02,-0.112752011,38.33336,29.00796
2023-02-04 07:22:07,-0.122745356,38.33279,29.01127
2023-02-04 07:22:12,-0.111683458,38.32335,29.0276
2023-02-04 07:22:17,-0.058055812,38.32277,29.03089
2023-02-04 07:22:22,-0.04162013,38.32219,29.03419
2023-02-04 07:22:27,-0.01440634,38.3216,29.03749
2023-02-04 07:22:32,-0.014103691,38.32101,29.04078
2023-02-04 07:22:37,0.007257954,38.31157,29.05704
2023-02-04 07:22:42,-0.066817092,38.31098,29.06033
2023-02-04 07:22:47,-0.056252837,38.31038,29.06361
2023-02-04 07:22:52,0.023533391,38.30978,29.0669
2023-02-04 07:22:57,-0.045603163,38.30033,29.08311
2023-02-04 07:23:02,-0.013916478,38.29973,29.08638
2023-02-04 07:23:07,-0.07233026,38.29912,29.08965
2023-02-04 07:23:12,-0.035438342,38.29851,29.09292
2023-02-04 07:23:17,-0.120623391,38.2979,29.09619
2023-02-04 07:23:22,-0.110309203,38.28844,29.11234
2023-02-04 07:23:27,-0.04270541,38.28782,29.1156
2023-02-04 07:23:32,-0.058060377,38.2872,29.11885
2023-02-04 07:23:37,-0.07456081,38.28658,29.12211
2023-02-04 07:23:42,-0.016684254,38.27712,29.1382
2023-02-04 07:23:47,-0.001306196,38.27649,29.14145
2023-02-04 07:23:52,-0.102853068,38.27586,29.1447
2023-02-04 07:23:57,0.013319651,38.27523,29.14794
2023-02-04 07:24:02,0.007431935,38.2746,29.15119
2023-02-04 07:24:07,-0.057316396,38.26512,29.16722
2023-02-04 07:24:12,-0.020835676,38.26448,29.17045
2023-02-04 07:24:17,0.010087906,38.26384,29.17368
2023-02-04 07:24:22,-0.043730699,38.2632,29.17692
2023-02-04 07:24:27,-0.039523802,38.25372,29.19289
2023-02-04 07:24:32,0.012812721,38.25307,29.19611
2023-02-04 07:24:37,-0.00416747,38.25242,29.19933
2023-02-04 07:24:42,-0.010963089,38.25176,29.20255
2023-02-04 07:24:47,-0.01009362,38.25111,29.20577
2023-02-04 07:24:52,0.008708778,38.24162,29.22168
2023-02-04 07:24:57,-0.024347834,38.24096,29.22489
2023-02-04 07:25:02,-0.015562274,38.24029,29.2281
2023-02-04 07:25:07,-0.010366145,38.23963,29.2313
2023-02-04 07:25:12,-0.027662336,38.23013,29.24716
2023-02-04 07:25:17,-0.001946625,38.22946,29.25036
2023-02-04 07:25:22,-0.008406284,38.22879,29.25355
2023-02-04 07:25:27,0.048899923,38.22812,29.25675
2023-02-04 07:25:32,0.005317831,38.22744,29.25994
2023-02-04 07:25:37,-0.017132624,38.21793,29.27574
2023-02-04 07:25:42,0.082819191,38.21725,29.27892
2023-02-04 07:25:47,0.039060802,38.21657,29.2821
2023-02-04 07:25:52,0.069931025,38.21588,29.28528
2023-02-04 07:25:57,0.089963366,38.21519,29.28846
2023-02-04 07:26:02,0.083741415,38.20568,29.30419
2023-02-04 07:26:07,0.080305946,38.20499,29.30736
2023-02-04 07:26:12,0.081086714,38.20429,29.31053
2023-02-04 07:26:17,0.064617449,38.20359,29.3137
2023-02-04 07:26:22,0.074278259,38.19408,29.32938
2023-02-04 07:26:27,0.062646321,38.19337,29.33253
2023-02-04 07:26:32,0.029723787,38.19267,29.33569
2023-02-04 07:26:37,0.044802172,38.19196,29.33884
2023-02-04 07:26:42,0.00680546,38.19125,29.342
2023-02-04 07:26:47,0.060130196,38.18173,29.35761
2023-02-04 07:26:52,0.100908685,38.18101,29.36076
2023-02-04 07:26:57,0.100145694,38.18029,29.3639
2023-02-04 07:27:02,0.072775844,38.17957,29.36704
2023-02-04 07:27:07,0.05097071,38.17885,29.37018
2023-02-04 07:27:12,0.119440222,38.16932,29.38573
2023-02-04 07:27:17,0.124189659,38.1686,29.38886
2023-02-04 07:27:22,0.059891048,38.16787,29.39199
2023-02-04 07:27:27,0.032954364,38.16713,29.39512
2023-02-04 07:27:32,-0.009917872,38.1664,29.39824
2023-02-04 07:27:37,0.000184404,38.15687,29.41373
2023-02-04 07:27:42,0.015864597,38.15613,29.41685
2023-02-04 07:27:47,0.058253754,38.15539,29.41996
2023-02-04 07:27:52,0.06320406,38.15464,29.42308
2023-02-04 07:27:57,0.05793784,38.14511,29.43852
2023-02-04 07:28:02,-0.005893648,38.14436,29.44162
2023-02-04 07:28:07,0.036557892,38.14361,29.44472
2023-02-04 07:28:12,0.04195689,38.14286,29.44782
2023-02-04 07:28:17,0.015634809,38.1421,29.45092
2023-02-04 07:28:22,0.005181244,38.13256,29.4663
2023-02-04 07:28:27,0.069226321,38.1318,29.46939
2023-02-04 07:28:32,-0.020844102,38.13104,29.47248
2023-02-04 07:28:37,0.00622546,38.13028,29.47557
2023-02-04 07:28:42,0.049167724,38.12951,29.47865
2023-02-04 07:28:47,0.033935535,38.11996,29.49396
2023-02-04 07:28:52,0.008118465,38.11919,29.49704
2023-02-04 07:28:57,0.029965414,38.11842,29.50012
2023-02-04 07:29:02,0.04141911,38.11764,29.50319
2023-02-04 07:29:07,0.031629706,38.11686,29.50626
2023-02-04 07:29:12,0.037907284,38.10732,29.52151
2023-02-04 07:29:17,0.044452752,38.10654,29.52458
2023-02-04 07:29:22,-0.039722657,38.10575,29.52764
2023-02-04 07:29:27,0.036077519,38.10496,29.5307
2023-02-04 07:29:32,0.042667166,38.10417,29.53376
2023-02-04 07:29:37,0.044005398,38.09462,29.54894
2023-02-04 07:29:42,-0.002547142,38.09383,29.55199
2023-02-04 07:29:47,-0.032841089,38.09303,29.55504
2023-02-04 07:29:52,-0.004617845,38.09223,29.55809
2023-02-04 07:29:57,-0.018955786,38.09143,29.56114
2023-02-04 07:30:02,0.014753538,38.08188,29.57626
2023-02-04 07:30:07,-0.020557991,38.08107,29.57929
2023-02-04 07:30:12,0.044904939,38.08027,29.58233
2023-02-04 07:30:17,-0.022232132,38.07946,29.58536
2023-02-04 07:30:22,0.027774968,38.07864,29.5884
2023-02-04 07:30:27,-0.007421057,38.06909,29.60345
2023-02-04 07:30:32,-0.04768157,38.06827,29.60648
2023-02-04 07:30:37,0.023679798,38.06745,29.6095
2023-02-04 07:30:42,-0.011103047,38.06663,29.61252
2023-02-04 07:30:47,-0.008694165,38.06581,29.61554
2023-02-04 07:30:52,-0.01154348,38.05625,29.63053
2023-02-04 07:30:57,-0.035641776,38.05542,29.63354
2023-02-04 07:31:02,0.0680572,38.05459,29.63655
2023-02-04 07:31:07,0.060086942,38.05376,29.63956
2023-02-04 07:31:12,-0.006254715,38.05293,29.64256
2023-02-04 07:31:17,0.070996909,38.04336,29.6575
2023-02-04 07:31:22,0.026105937,38.04253,29.66049
2023-02-04 07:31:27,0.018588035,38.04169,29.66348
2023-02-04 07:31:32,0.034004021,38.04085,29.66648
2023-02-04 07:31:37,0.04580566,38.04,29.66947
2023-02-04 07:31:42,0.043799866,38.03915,29.67246
2023-02-04 07:31:47,0.046991406,38.02959,29.68732
2023-02-04 07:31:52,0.034249302,38.02874,29.6903
2023-02-04 07:31:57,0.04288143,38.02788,29.69328
2023-02-04 07:32:02,0.030293824,38.02703,29.69626
2023-02-04 07:32:07,-0.019455723,38.02617,29.69924
2023-02-04 07:32:12,0.058428343,38.0166,29.71404
2023-02-04 07:32:17,-0.012496762,38.01574,29.717
2023-02-04 07:32:22,0.001712043,38.01488,29.71997
2023-02-04 07:32:27,-0.015824193,38.01401,29.72293
2023-02-04 07:32:32,0.046249647,38.01314,29.7259
2023-02-04 07:32:37,-0.01936395,38.00358,29.74063
2023-02-04 07:32:42,0.016519476,38.0027,29.74358
2023-02-04 07:32:47,0.030928959,38.00183,29.74654
2023-02-04 07:32:52,-0.013256187,38.00095,29.74949
2023-02-04 07:32:57,0.054519128,38.00007,29.75244
2023-02-04 07:33:02,0.047515475,37.9905,29.76711
2023-02-04 07:33:07,0.040730309,37.98962,29.77005
2023-02-04 07:33:12,-0.018947128,37.98874,29.77299
2023-02-04 07:33:17,0.022287191,37.98785,29.77593
2023-02-04 07:33:22,0.026043684,37.98696,29.77886
2023-02-04 07:33:27,-0.02309834,37.98607,29.7818
2023-02-04 07:33:32,-0.019113777,37.9765,29.7964
2023-02-04 07:33:37,-0.046712328,37.9756,29.79932
2023-02-04 07:33:42,0.031539607,37.97471,29.80225
2023-02-04 07:33:47,0.019765526,37.97381,29.80517
2023-02-04 07:33:52,-0.008179269,37.9729,29.80809
2023-02-04 07:33:57,-0.067905971,37.96333,29.82263
2023-02-04 07:34:02,-0.026549368,37.96243,29.82554
2023-02-04 07:34:07,-0.081128135,37.96152,29.82845
2023-02-04 07:34:12,0.008011562,37.96061,29.83136
2023-02-04 07:34:17,-0.051706729,37.9597,29.83427
2023-02-04 07:34:22,-0.036999545,37.95013,29.84874
2023-02-04 07:34:27,-0.038287104,37.94921,29.85164
2023-02-04 07:34:32,0.003057596,37.94829,29.85454
2023-02-04 07:34:37,0.017743676,37.94737,29.85743
2023-02-04 07:34:42,-0.063329317,37.94645,29.86033
2023-02-04 07:34:47,-0.022017509,37.94553,29.86322
2023-02-04 07:34:52,0.013759199,37.93596,29.87762
2023-02-04 07:34:57,0.017730137,37.93503,29.8805
2023-02-04 07:35:02,-0.063405733,37.9341,29.88338
2023-02-04 07:35:07,-0.048623417,37.93317,29.88627
2023-02-04 07:35:12,-0.002264484,37.93223,29.88915
2023-02-04 07:35:17,0.001621733,37.92266,29.90349
2023-02-04 07:35:22,0.011002738,37.92172,29.90635
2023-02-04 07:35:27,-0.00134392,37.92078,29.90922
2023-02-04 07:35:32,0.007981145,37.91984,29.91209
2023-02-04 07:35:37,-0.004234134,37.9189,29.91496
2023-02-04 07:35:42,-0.04294068,37.91795,29.91782
2023-02-04 07:35:47,-0.012772268,37.90838,29.93209
2023-02-04 07:35:52,-0.021976727,37.90743,29.93494
2023-02-04 07:35:57,-0.058568335,37.90648,29.9378
2023-02-04 07:36:02,-0.049637617,37.90552,29.94065
2023-02-04 07:36:07,0.02302295,37.90457,29.9435
2023-02-04 07:36:12,8.5847e-05,37.90361,29.94635
2023-02-04 07:36:17,-0.054871892,37.89404,29.96054
2023-02-04 07:36:22,0.001485222,37.89308,29.96338
2023-02-04 07:36:27,-0.058697662,37.89211,29.96622
2023-02-04 07:36:32,-0.01803714,37.89115,29.96906
2023-02-04 07:36:37,-0.009591746,37.89018,29.9719
2023-02-04 07:36:42,-0.016991755,37.88061,29.98603
2023-02-04 07:36:47,0.012870618,37.87964,29.98885
2023-02-04 07:36:52,-0.005093478,37.87867,29.99168
2023-02-04 07:36:57,-0.007306533,37.87769,29.9945
2023-02-04 07:37:02,0.002029828,37.87671,29.99732
2023-02-04 07:37:07,0.014769341,37.87573,30.00015
2023-02-04 07:37:12,-0.046031091,37.86617,30.01421
2023-02-04 07:37:17,-0.0431132,37.86518,30.01702
2023-02-04 07:37:22,-0.050906154,37.8642,30.01983
2023-02-04 07:37:27,-0.016110853,37.86321,30.02264
2023-02-04 07:37:32,-0.008016634,37.86222,30.02544
2023-02-04 07:37:37,-0.029883864,37.86123,30.02825
2023-02-04 07:37:42,-0.018632247,37.85167,30.04224
2023-02-04 07:37:47,-0.021352717,37.85067,30.04504
2023-02-04 07:37:52,-0.013464943,37.84967,30.04783
2023-02-04 07:37:57,-0.085387027,37.84867,30.05062
2023-02-04 07:38:02,-0.045622706,37.84767,30.05342
2023-02-04 07:38:07,-0.037889047,37.84667,30.05621
2023-02-04 07:38:12,0.017572547,37.83711,30.07013
2023-02-04 07:38:17,-0.022573962,37.8361,30.07291
2023-02-04 07:38:22,-0.014991744,37.8351,30.07569
2023-02-04 07:38:27,-0.039438606,37.83408,30.07847
2023-02-04 07:38:32,-0.010635389,37.83307,30.08124
2023-02-04 07:38:37,-0.04564917,37.82352,30.0951
2023-02-04 07:38:42,-0.032931664,37.8225,30.09787
2023-02-04 07:38:47,-0.041580923,37.82148,30.10063
2023-02-04 07:38:52,-0.013157134,37.82046,30.1034
2023-02-04 07:38:57,-0.005908127,37.81944,30.10616
2023-02-04 07:39:02,-0.038549769,37.81841,30.10893
2023-02-04 07:39:07,-0.06578007,37.80886,30.12271
2023-02-04 07:39:12,-0.042671181,37.80784,30.12546
2023-02-04 07:39:17,-0.131341494,37.80681,30.12821
2023-02-04 07:39:22,-0.060535047,37.80577,30.13096
2023-02-04 07:39:27,-0.042876124,37.80474,30.13371
2023-02-04 07:39:32,-0.019924953,37.8037,30.13646
2023-02-04 07:39:37,-0.023849913,37.79416,30.15017
2023-02-04 07:39:42,-0.05407853,37.79312,30.15291
2023-02-04 07:39:47,-0.020571982,37.79208,30.15565
2023-02-04 07:39:52,-0.045726499,37.79104,30.15838
2023-02-04 07:39:57,-0.044071564,37.78999,30.16112
2023-02-04 07:40:02,-0.016176617,37.78894,30.16385
2023-02-04 07:40:07,-0.067876954,37.7794,30.17749
2023-02-04 07:40:12,-0.071824032,37.77835,30.18021
2023-02-04 07:40:17,-0.006696565,37.7773,30.18293
2023-02-04 07:40:22,-0.037149134,37.77625,30.18565
2023-02-04 07:40:27,-0.00918338,37.77519,30.18837
2023-02-04 07:40:32,-0.008076314,37.77413,30.19109
2023-02-04 07:40:37,-0.038584913,37.7646,30.20466
2023-02-04 07:40:42,-0.037319325,37.76353,30.20737
2023-02-04 07:40:47,-0.00941727,37.76247,30.21008
2023-02-04 07:40:52,-0.066614741,37.76141,30.21278
2023-02-04 07:40:57,-0.017604011,37.76034,30.21548
2023-02-04 07:41:02,-0.080148027,37.75927,30.21819
2023-02-04 07:41:07,0.01681928,37.74974,30.23169
2023-02-04 07:41:12,-0.019274302,37.74867,30.23438
2023-02-04 07:41:17,0.00325973,37.74759,30.23707
2023-02-04 07:41:22,-0.011324607,37.74652,30.23976
2023-02-04 07:41:27,0.005692511,37.74544,30.24245
2023-02-04 07:41:32,-0.030204178,37.74436,30.24514
2023-02-04 07:41:37,0.013473966,37.74327,30.24783
2023-02-04 07:41:42,-0.048866411,37.73375,30.26124
2023-02-04 07:41:47,0.047940039,37.73267,30.26392
2023-02-04 07:41:52,0.049201663,37.73158,30.2666
2023-02-04 07:41:57,0.008029207,37.73049,30.26927
2023-02-04 07:42:02,0.009322712,37.7294,30.27194
2023-02-04 07:42:07,0.06393441,37.72831,30.27462
2023-02-04 07:42:12,-0.025150373,37.71879,30.28796
2023-02-04 07:42:17,0.087753677,37.7177,30.29062
2023-02-04 07:42:22,0.07314556,37.7166,30.29328
2023-02-04 07:42:27,0.069414561,37.7155,30.29594
2023-02-04 07:42:32,0.034356148,37.7144,30.2986
2023-02-04 07:42:37,0.029871671,37.71329,30.30126
2023-02-04 07:42:42,0.004723454,37.70379,30.31453
2023-02-04 07:42:47,-0.009539796,37.70268,30.31718
2023-02-04 07:42:52,0.060941196,37.70157,30.31983
2023-02-04 07:42:57,0.036093184,37.70046,30.32247
2023-02-04 07:43:02,0.096183588,37.69935,30.32512
2023-02-04 07:43:07,-0.0243301,37.69823,30.32776
2023-02-04 07:43:12,0.078295077,37.68873,30.34096
2023-02-04 07:43:17,0.069418444,37.68762,30.34359
2023-02-04 07:43:22,-0.008319213,37.6865,30.34622
2023-02-04 07:43:27,0.020019358,37.68538,30.34885
2023-02-04 07:43:32,-0.084078033,37.68425,30.35148
2023-02-04 07:43:37,0.045250982,37.68313,30.35411
2023-02-04 07:43:42,0.031747631,37.682,30.35674
2023-02-04 07:43:47,0.070887398,37.67251,30.36986
2023-02-04 07:43:52,0.019925821,37.67138,30.37247
2023-02-04 07:43:57,0.011471292,37.67025,30.37509
2023-02-04 07:44:02,0.072174554,37.66912,30.3777
2023-02-04 07:44:07,0.053180003,37.66798,30.38032
2023-02-04 07:44:12,0.082216585,37.66684,30.38293
2023-02-04 07:44:17,0.031557692,37.65736,30.39598
2023-02-04 07:44:22,0.044731668,37.65622,30.39858
2023-02-04 07:44:27,0.015331701,37.65508,30.40118
2023-02-04 07:44:32,-0.019141674,37.65394,30.40378
2023-02-04 07:44:37,0.063329624,37.65279,30.40638
2023-02-04 07:44:42,0.066110819,37.65164,30.40897
2023-02-04 07:44:47,0.074290982,37.65049,30.41157
2023-02-04 07:44:52,0.029432225,37.64102,30.42454
2023-02-04 07:44:57,0.088568302,37.63987,30.42712
2023-02-04 07:45:02,0.072604111,37.63872,30.42971
2023-02-04 07:45:07,0.075738193,37.63756,30.43229
2023-02-04 07:45:12,0.031165929,37.63641,30.43487
2023-02-04 07:45:17,0.076894641,37.63524,30.43745
2023-02-04 07:45:22,0.064258094,37.62578,30.45035
2023-02-04 07:45:27,0.009436894,37.62462,30.45292
2023-02-04 07:45:32,0.082036987,37.62346,30.45549
2023-02-04 07:45:37,0.03250416,37.62229,30.45806
2023-02-04 07:45:42,0.041485044,37.62112,30.46062
2023-02-04 07:45:47,0.042982609,37.61995,30.46319
2023-02-04 07:45:52,0.043681867,37.61878,30.46576
2023-02-04 07:45:57,0.045628272,37.60933,30.47858
2023-02-04 07:46:02,0.042414422,37.60816,30.48113
2023-02-04 07:46:07,0.050205656,37.60698,30.48368
2023-02-04 07:46:12,0.038507458,37.60581,30.48623
2023-02-04 07:46:17,0.005564453,37.60463,30.48878
2023-02-04 07:46:22,0.025614513,37.60344,30.49133
2023-02-04 07:46:27,0.072388454,37.60226,30.49388
2023-02-04 07:46:32,0.002549239,37.59282,30.50662
2023-02-04 07:46:37,0.060130376,37.59164,30.50916
2023-02-04 07:46:42,0.038026322,37.59045,30.5117
2023-02-04 07:46:47,0.01085538,37.58926,30.51423
2023-02-04 07:46:52,-0.058882895,37.58807,30.51677
2023-02-04 07:46:57,-0.027471701,37.58688,30.5193
2023-02-04 07:47:02,0.025139717,37.58568,30.52183
2023-02-04 07:47:07,-0.022876132,37.57626,30.53449
2023-02-04 07:47:12,0.051004109,37.57506,30.53701
2023-02-04 07:47:17,0.029395257,37.57386,30.53953
2023-02-04 07:47:22,0.03469398,37.57266,30.54205
2023-02-04 07:47:27,-0.002769994,37.57146,30.54457
2023-02-04 07:47:32,0.018651319,37.57025,30.54709
2023-02-04 07:47:37,-0.130229239,37.56904,30.54961
2023-02-04 07:47:42,0.023998138,37.55963,30.56219
2023-02-04 07:47:47,-0.013207886,37.55842,30.56469
2023-02-04 07:47:52,-0.002192382,37.55721,30.5672
2023-02-04 07:47:57,-0.028615658,37.556,30.5697
2023-02-04 07:48:02,-0.022999956,37.55478,30.5722
2023-02-04 07:48:07,-0.033315351,37.55357,30.5747
2023-02-04 07:48:12,0.030854951,37.55235,30.5772
2023-02-04 07:48:17,-0.064245088,37.54295,30.5897
2023-02-04 07:48:22,-0.022747934,37.54173,30.59219
2023-02-04 07:48:27,-0.02071758,37.54051,30.59468
2023-02-04 07:48:32,0.006740553,37.53928,30.59717
2023-02-04 07:48:37,-0.056549479,37.53806,30.59966
2023-02-04 07:48:42,-0.013001245,37.53683,30.60214
2023-02-04 07:48:47,-0.001765135,37.5356,30.60463
2023-02-04 07:48:52,-0.04873086,37.52622,30.61704
2023-02-04 07:48:57,-0.01056295,37.52499,30.61952
2023-02-04 07:49:02,-0.052300053,37.52375,30.62199
2023-02-04 07:49:07,-0.030035835,37.52252,30.62446
2023-02-04 07:49:12,-0.013060575,37.52128,30.62693
2023-02-04 07:49:17,-0.033165167,37.52004,30.6294
2023-02-04 07:49:22,-0.026772517,37.5188,30.63187
2023-02-04 07:49:27,-0.046993343,37.50943,30.64421
2023-02-04 07:49:32,0.002109728,37.50819,30.64667
2023-02-04 07:49:37,-0.04450224,37.50694,30.64912
2023-02-04 07:49:42,-0.00599409,37.5057,30.65158
2023-02-04 07:49:47,-0.068724273,37.50445,30.65403
2023-02-04 07:49:52,-0.003507741,37.5032,30.65649
2023-02-04 07:49:57,-0.023542752,37.50195,30.65894
2023-02-04 07:50:02,-0.027923867,37.49259,30.6712
2023-02-04 07:50:07,0.000230553,37.49134,30.67364
2023-02-04 07:50:12,-0.014212453,37.49009,30.67608
2023-02-04 07:50:17,-0.044624445,37.48883,30.67852
2023-02-04 07:50:22,0.004741218,37.48757,30.68096
2023-02-04 07:50:27,-0.036484018,37.48631,30.6834
2023-02-04 07:50:32,-0.087972204,37.48504,30.68583
2023-02-04 07:50:37,-0.038748384,37.47571,30.69801
2023-02-04 07:50:42,0.015818402,37.47444,30.70044
2023-02-04 07:50:47,-0.062280177,37.47318,30.70286
2023-02-04 07:50:52,-0.055661043,37.47191,30.70528
2023-02-04 07:50:57,0.01511579,37.47064,30.70771
2023-02-04 07:51:02,-0.021832582,37.46937,30.71013
2023-02-04 07:51:07,-0.07230695,37.46809,30.71255
2023-02-04 07:51:12,-0.049482796,37.45877,30.72465
2023-02-04 07:51:17,-0.053115187,37.4575,30.72706
2023-02-04 07:51:22,0.006831724,37.45622,30.72947
2023-02-04 07:51:27,0.008149096,37.45494,30.73187
2023-02-04 07:51:32,0.009845604,37.45366,30.73428
2023-02-04 07:51:37,0.016678441,37.45238,30.73668
2023-02-04 07:51:42,0.018176713,37.4511,30.73909
2023-02-04 07:51:47,-0.001650553,37.44981,30.74149
2023-02-04 07:51:52,-0.000165416,37.44051,30.75351
2023-02-04 07:51:57,-0.057127615,37.43922,30.7559
2023-02-04 07:52:02,0.013627733,37.43793,30.75829
2023-02-04 07:52:07,0.031072726,37.43664,30.76068
2023-02-04 07:52:12,-0.015263415,37.43535,30.76307
2023-02-04 07:52:17,0.002155352,37.43405,30.76545
2023-02-04 07:52:22,-0.007090611,37.43276,30.76784
2023-02-04 07:52:27,-0.03748212,37.42347,30.77978
2023-02-04 07:52:32,0.022336832,37.42218,30.78215
2023-02-04 07:52:37,-0.013420625,37.42088,30.78453
2023-02-04 07:52:42,-0.017408738,37.41958,30.7869
2023-02-04 07:52:47,-0.016087731,37.41827,30.78927
2023-02-04 07:52:52,-0.030778405,37.41697,30.79164
2023-02-04 07:52:57,-0.007992532,37.41566,30.79402
2023-02-04 07:53:02,0.009058735,37.41435,30.79638
2023-02-04 07:53:07,-0.016173828,37.40509,30.80823
2023-02-04 07:53:12,0.048795379,37.40378,30.81059
2023-02-04 07:53:17,-0.019129718,37.40247,30.81295
2023-02-04 07:53:22,0.013995233,37.40115,30.8153
2023-02-04 07:53:27,-0.006207988,37.39984,30.81766
2023-02-04 07:53:32,0.042657522,37.39852,30.82001
2023-02-04 07:53:37,0.027913998,37.3972,30.82237
2023-02-04 07:53:42,-0.002850903,37.38796,30.83414
2023-02-04 07:53:47,-0.017848793,37.38664,30.83648
2023-02-04 07:53:52,0.046878543,37.38532,30.83882
2023-02-04 07:53:57,0.037333846,37.38399,30.84116
2023-02-04 07:54:02,0.023589888,37.38267,30.8435
2023-02-04 07:54:07,0.039078666,37.38134,30.84584
2023-02-04 07:54:12,0.045227309,37.38001,30.84817
2023-02-04 07:54:17,0.030209971,37.37868,30.85051
2023-02-04 07:54:22,-0.011684663,37.36946,30.86219
2023-02-04 07:54:27,0.036991422,37.36813,30.86452
2023-02-04 07:54:32,0.032329967,37.36679,30.86684
2023-02-04 07:54:37,-0.030809256,37.36546,30.86916
2023-02-04 07:54:42,0.038879255,37.36412,30.87149
2023-02-04 07:54:47,0.03942933,37.36278,30.87381
2023-02-04 07:54:52,0.049152229,37.36144,30.87613
2023-02-04 07:54:57,0.050586742,37.3601,30.87844
2023-02-04 07:55:02,0.06767549,37.3509,30.89004
2023-02-04 07:55:07,0.04141212,37.34956,30.89235
2023-02-04 07:55:12,-0.011542686,37.34821,30.89466
2023-02-04 07:55:17,0.011615681,37.34686,30.89696
2023-02-04 07:55:22,0.042318559,37.34551,30.89926
2023-02-04 07:55:27,0.021406519,37.34416,30.90157
2023-02-04 07:55:32,0.03757056,37.34281,30.90387
2023-02-04 07:55:37,0.017397811,37.34145,30.90617
2023-02-04 07:55:42,-0.004658666,37.33228,30.91768
2023-02-04 07:55:47,-0.015273383,37.33092,30.91997
2023-02-04 07:55:52,0.043357381,37.32957,30.92226
2023-02-04 07:55:57,0.027325975,37.32821,30.92455
2023-02-04 07:56:02,0.00592128,37.32685,30.92684
2023-02-04 07:56:07,-0.041985995,37.32549,30.92912
2023-02-04 07:56:12,0.02180129,37.32412,30.93141
2023-02-04 07:56:17,-0.021053096,37.32276,30.93369
2023-02-04 07:56:22,8.345e-06,37.31361,30.94511
2023-02-04 07:56:27,-0.02142216,37.31224,30.94739
2023-02-04 07:56:32,-0.020099052,37.31087,30.94966
2023-02-04 07:56:37,-0.048802747,37.3095,30.95193
2023-02-04 07:56:42,-0.001262731,37.30813,30.9542
2023-02-04 07:56:47,-0.03904376,37.30676,30.95647
2023-02-04 07:56:52,-0.002247864,37.30538,30.95874
2023-02-04 07:56:57,-0.061241844,37.304,30.961
2023-02-04 07:57:02,-0.023140676,37.29488,30.97234
2023-02-04 07:57:07,-0.035826406,37.2935,30.9746
2023-02-04 07:57:12,-0.004715355,37.29212,30.97685
2023-02-04 07:57:17,-0.047882819,37.29074,30.9791
2023-02-04 07:57:22,-0.021991366,37.28936,30.98136
2023-02-04 07:57:27,-0.006799141,37.28797,30.98361
2023-02-04 07:57:32,-0.023625163,37.28658,30.98586
2023-02-04 07:57:37,-0.098738128,37.2852,30.98811
2023-02-04 07:57:42,-0.004092809,37.2761,30.99936
2023-02-04 07:57:47,-0.015702455,37.27471,31.0016
2023-02-04 07:57:52,-0.027158295,37.27332,31.00383
2023-02-04 07:57:57,-0.081289734,37.27193,31.00607
2023-02-04 07:58:02,-0.07701786,37.27053,31.0083
2023-02-04 07:58:07,-0.051651538,37.26914,31.01054
2023-02-04 07:58:12,-0.015469216,37.26774,31.01277
2023-02-04 07:58:17,-0.050944023,37.26634,31.015
2023-02-04 07:58:22,-0.050473273,37.26494,31.01724
2023-02-04 07:58:27,-0.01885866,37.25587,31.02839
2023-02-04 07:58:32,-0.099683666,37.25447,31.03061
2023-02-04 07:58:37,-0.021403458,37.25306,31.03283
2023-02-04 07:58:42,-0.043850388,37.25166,31.03505
2023-02-04 07:58:47,-0.018547597,37.25025,31.03726
2023-02-04 07:58:52,-0.030582716,37.24884,31.03948
2023-02-04 07:58:57,-0.010856264,37.24743,31.04169
2023-02-04 07:59:02,-0.027365452,37.24602,31.04391
2023-02-04 07:59:07,-0.008221483,37.23698,31.05498
2023-02-04 07:59:12,-0.046821554,37.23557,31.05718
2023-02-04 07:59:17,-0.059177154,37.23415,31.05938
2023-02-04 07:59:22,-0.002077171,37.23274,31.06158
2023-02-04 07:59:27,-0.093856888,37.23132,31.06378
2023-02-04 07:59:32,0.032106612,37.2299,31.06598
2023-02-04 07:59:37,-0.022597251,37.22848,31.06818
2023-02-04 07:59:42,-0.07732136,37.22706,31.07037
2023-02-04 07:59:47,-0.052497,37.22563,31.07257
2023-02-04 07:59:52,0.009808343,37.21662,31.08354
2023-02-04 07:59:57,-0.028982224,37.2152,31.08573
2023-02-04 08:00:02,-0.022360799,37.21377,31.08791
2023-02-04 08:00:07,-0.019798588,37.21234,31.0901
2023-02-04 08:00:12,-0.039426105,37.21091,31.09228
2023-02-04 08:00:17,-0.041161275,37.20948,31.09446
2023-02-04 08:00:22,-0.021590833,37.20805,31.09664
2023-02-04 08:00:27,-0.012693427,37.20661,31.09881
2023-02-04 08:00:32,-0.00361812,37.19763,31.1097
2023-02-04 08:00:37,0.026384313,37.1962,31.11187
2023-02-04 08:00:42,0.013926676,37.19476,31.11404
2023-02-04 08:00:47,0.022778358,37.19332,31.1162
2023-02-04 08:00:52,0.031620329,37.19188,31.11836
2023-02-04 08:00:57,0.019133639,37.19044,31.12053
2023-02-04 08:01:02,0.033478313,37.189,31.12269
2023-02-04 08:01:07,-0.011004141,37.18755,31.12485
2023-02-04 08:01:12,0.035114656,37.1861,31.12701
2023-02-04 08:01:17,-0.035841038,37.17715,31.13781
2023-02-04 08:01:22,0.073843206,37.17571,31.13996
2023-02-04 08:01:27,0.077494591,37.17426,31.1421
2023-02-04 08:01:32,0.048970793,37.17281,31.14425
2023-02-04 08:01:37,-0.022006643,37.17136,31.14639
2023-02-04 08:01:42,0.029409398,37.16991,31.14854
2023-02-04 08:01:47,-0.015117098,37.16845,31.15068
2023-02-04 08:01:52,0.06808042,37.16699,31.15282
2023-02-04 08:01:57,0.066376873,37.16553,31.15496
2023-02-04 08:02:02,0.032500447,37.15662,31.16567
2023-02-04 08:02:07,0.046590495,37.15516,31.1678
2023-02-04 08:02:12,0.060487633,37.1537,31.16993
2023-02-04 08:02:17,0.037453843,37.15224,31.17206
2023-02-04 08:02:22,0.077996071,37.15077,31.17418
2023-02-04 08:02:27,0.007179126,37.14931,31.17631
2023-02-04 08:02:32,0.047717279,37.14784,31.17843
2023-02-04 08:02:37,0.045804566,37.14637,31.18056
2023-02-04 08:02:42,0.102518982,37.1449,31.18268
2023-02-04 08:02:47,0.020843786,37.13602,31.19329
2023-02-04 08:02:52,0.050904497,37.13455,31.1954
2023-02-04 08:02:57,-0.014594901,37.13308,31.19751
2023-02-04 08:03:02,0.022401233,37.13161,31.19962
2023-02-04 08:03:07,0.018674903,37.13013,31.20173
2023-02-04 08:03:12,0.011416276,37.12866,31.20384
2023-02-04 08:03:17,0.067914579,37.12718,31.20594
2023-02-04 08:03:22,0.0873076,37.1257,31.20805
2023-02-04 08:03:27,0.06956919,37.12421,31.21016
2023-02-04 08:03:32,0.067626162,37.11536,31.22067
2023-02-04 08:03:37,0.01789969,37.11388,31.22276
2023-02-04 08:03:42,0.127494613,37.1124,31.22486
2023-02-04 08:03:47,0.055695031,37.11092,31.22695
2023-02-04 08:03:52,0.075793411,37.10943,31.22904
2023-02-04 08:03:57,0.068492781,37.10794,31.23113
2023-02-04 08:04:02,0.002936437,37.10645,31.23322
2023-02-04 08:04:07,0.022270338,37.10496,31.2353
2023-02-04 08:04:12,0.046735112,37.10347,31.23739
2023-02-04 08:04:17,-0.003047348,37.09466,31.24781
2023-02-04 08:04:22,0.053377823,37.09316,31.24989
2023-02-04 08:04:27,0.072673256,37.09167,31.25196
2023-02-04 08:04:32,0.006868754,37.09018,31.25404
2023-02-04 08:04:37,0.079248989,37.08868,31.25611
2023-02-04 08:04:42,0.034738609,37.08718,31.25818
2023-02-04 08:04:47,0.069972533,37.08568,31.26025
2023-02-04 08:04:52,0.083871756,37.08418,31.26232
2023-02-04 08:04:57,0.012666748,37.08267,31.26438
2023-02-04 08:05:02,0.052992358,37.08117,31.26645
2023-02-04 08:05:07,0.051041612,37.0724,31.27677
2023-02-04 08:05:12,0.075340819,37.07089,31.27883
2023-02-04 08:05:17,0.030711966,37.06938,31.28088
2023-02-04 08:05:22,0.007381825,37.06788,31.28294
2023-02-04 08:05:27,0.037138654,37.06637,31.28499
2023-02-04 08:05:32,0.040032494,37.06486,31.28704
2023-02-04 08:05:37,0.059272775,37.06334,31.28909
2023-02-04 08:05:42,-0.022970781,37.06183,31.29114
2023-02-04 08:05:47,-0.014632166,37.06031,31.29319
2023-02-04 08:05:52,0.041648525,37.05158,31.30342
2023-02-04 08:05:57,0.039271588,37.05006,31.30546
2023-02-04 08:06:02,0.007127017,37.04854,31.30749
2023-02-04 08:06:07,-0.024010596,37.04703,31.30953
2023-02-04 08:06:12,-0.021149361,37.04551,31.31156
2023-02-04 08:06:17,0.018988212,37.04398,31.3136
2023-02-04 08:06:22,-0.041986081,37.04246,31.31563
2023-02-04 08:06:27,-0.002107843,37.04093,31.31766
2023-02-04 08:06:32,-0.020514067,37.03941,31.31969
2023-02-04 08:06:37,-0.033818042,37.03788,31.32172
2023-02-04 08:06:42,-0.015180845,37.02918,31.33185
2023-02-04 08:06:47,-0.039222341,37.02766,31.33387
2023-02-04 08:06:52,-0.015334985,37.02613,31.33588
2023-02-04 08:06:57,-0.018138715,37.0246,31.3379
2023-02-04 08:07:02,-0.036784453,37.02307,31.33991
2023-02-04 08:07:07,-0.055663904,37.02153,31.34193
2023-02-04 08:07:12,-0.042608452,37.02,31.34394
2023-02-04 08:07:17,-0.077377361,37.01846,31.34595
2023-02-04 08:07:22,-0.005975072,37.01692,31.34796
2023-02-04 08:07:27,-0.046357903,37.01538,31.34997
2023-02-04 08:07:32,-0.049289244,37.00673,31.36
2023-02-04 08:07:37,-0.015340861,37.00519,31.362
2023-02-04 08:07:42,-0.01856159,37.00365,31.364
2023-02-04 08:07:47,-0.011173135,37.00211,31.36599
2023-02-04 08:07:52,-0.046285174,37.00056,31.36799
2023-02-04 08:07:57,-0.023010647,36.99902,31.36998
2023-02-04 08:08:02,-0.047758366,36.99747,31.37197
2023-02-04 08:08:07,-0.051240003,36.99592,31.37397
2023-02-04 08:08:12,-0.022796497,36.99437,31.37596
2023-02-04 08:08:17,-0.074166151,36.99281,31.37795
2023-02-04 08:08:22,-0.061822628,36.98421,31.38788
2023-02-04 08:08:27,-0.007086052,36.98266,31.38986
2023-02-04 08:08:32,-0.058813908,36.9811,31.39184
2023-02-04 08:08:37,-0.04130964,36.97955,31.39381
2023-02-04 08:08:42,0.008116748,36.978,31.39579
2023-02-04 08:08:47,-0.022272903,36.97644,31.39776
2023-02-04 08:08:52,-0.047580811,36.97488,31.39974
2023-02-04 08:08:57,-0.06742685,36.97332,31.40171
2023-02-04 08:09:02,-0.06639235,36.97175,31.40368
2023-02-04 08:09:07,0.014722603,36.97019,31.40565
2023-02-04 08:09:12,-0.056101931,36.96163,31.41548
2023-02-04 08:09:17,-0.056180147,36.96007,31.41744
2023-02-04 08:09:22,-0.072549895,36.9585,31.4194
2023-02-04 08:09:27,-0.119588478,36.95694,31.42136
2023-02-04 08:09:32,-0.038767855,36.95537,31.42331
2023-02-04 08:09:37,-0.075264337,36.9538,31.42527
2023-02-04 08:09:42,0.00010891,36.95223,31.42722
2023-02-04 08:09:47,-0.063154333,36.95066,31.42917
2023-02-04 08:09:52,0.001442261,36.94908,31.43113
2023-02-04 08:09:57,-0.045757037,36.94751,31.43308
2023-02-04 08:10:02,-0.061224908,36.93899,31.44281
2023-02-04 08:10:07,0.013668211,36.93742,31.44475
2023-02-04 08:10:12,-0.017903672,36.93584,31.44669
2023-02-04 08:10:17,-0.028212204,36.93427,31.44863
2023-02-04 08:10:22,-0.075695788,36.93269,31.45056
2023-02-04 08:10:27,-0.001027385,36.93111,31.4525
2023-02-04 08:10:32,-0.053951211,36.92953,31.45444
2023-02-04 08:10:37,-0.048490441,36.92794,31.45637
2023-02-04 08:10:42,0.004886093,36.92636,31.4583
2023-02-04 08:10:47,0.004720297,36.92477,31.46023
2023-02-04 08:10:52,-0.06954548,36.9163,31.46987
2023-02-04 08:10:57,-0.027175452,36.91472,31.47179
2023-02-04 08:11:02,-0.025160595,36.91313,31.47371
2023-02-04 08:11:07,-0.032623347,36.91155,31.47563
2023-02-04 08:11:12,-0.038371309,36.90996,31.47754
2023-02-04 08:11:17,-0.05444615,36.90837,31.47946
2023-02-04 08:11:22,-0.044298902,36.90677,31.48138
2023-02-04 08:11:27,0.003302234,36.90518,31.48329
2023-02-04 08:11:32,0.018879188,36.90358,31.4852
2023-02-04 08:11:37,-0.00803658,36.90198,31.48711
2023-02-04 08:11:42,-0.014056178,36.90038,31.48902
2023-02-04 08:11:47,0.022712608,36.89197,31.49856
2023-02-04 08:11:52,-0.046967076,36.89037,31.50046
2023-02-04 08:11:57,0.005521436,36.88878,31.50235
2023-02-04 08:12:02,-0.016266265,36.88717,31.50425
2023-02-04 08:12:07,0.030817535,36.88557,31.50615
2023-02-04 08:12:12,-0.012362132,36.88397,31.50804
2023-02-04 08:12:17,-0.029116815,36.88236,31.50994
2023-02-04 08:12:22,-0.072363844,36.88076,31.51183
2023-02-04 08:12:27,-0.025224435,36.87915,31.51372
2023-02-04 08:12:32,-0.052734291,36.87754,31.51562
2023-02-04 08:12:37,-0.000514901,36.87593,31.5175
2023-02-04 08:12:42,0.030356956,36.86757,31.52693
2023-02-04 08:12:47,-0.01836569,36.86596,31.52881
2023-02-04 08:12:52,-0.024474201,36.86435,31.53069
2023-02-04 08:12:57,0.016982064,36.86273,31.53257
2023-02-04 08:13:02,0.037286454,36.86112,31.53444
2023-02-04 08:13:07,-0.048838184,36.8595,31.53632
2023-02-04 08:13:12,-0.0125849,36.85789,31.53819
2023-02-04 08:13:17,0.044779254,36.85627,31.54006
2023-02-04 08:13:22,-0.009611575,36.85465,31.54194
2023-02-04 08:13:27,0.047910152,36.85303,31.54381
2023-02-04 08:13:32,-0.08074893,36.8514,31.54568
2023-02-04 08:13:37,0.056313306,36.8431,31.555
2023-02-04 08:13:42,0.039176876,36.84148,31.55685
2023-02-04 08:13:47,0.038210187,36.83985,31.55871
2023-02-04 08:13:52,0.05303363,36.83823,31.56057
2023-02-04 08:13:57,0.046339184,36.8366,31.56242
2023-02-04 08:14:02,-0.018419889,36.83498,31.56428
2023-02-04 08:14:07,0.044162556,36.83335,31.56613
2023-02-04 08:14:12,-0.010136557,36.83172,31.56798
2023-02-04 08:14:17,0.031119176,36.83008,31.56984
2023-02-04 08:14:22,0.051053337,36.82845,31.57169
2023-02-04 08:14:27,0.060517584,36.82682,31.57354
2023-02-04 08:14:32,0.038193149,36.81856,31.58275
2023-02-04 08:14:37,0.01054034,36.81693,31.58459
2023-02-04 08:14:42,-0.001310267,36.8153,31.58643
2023-02-04 08:14:47,-0.023817022,36.81366,31.58826
2023-02-04 08:14:52,0.033439392,36.81202,31.5901
2023-02-04 08:14:57,0.048252661,36.81039,31.59193
2023-02-04 08:15:02,-0.032675662,36.80875,31.59377
2023-02-04 08:15:07,0.008801443,36.8071,31.5956
2023-02-04 08:15:12,0.002317857,36.80546,31.59743
2023-02-04 08:15:17,-0.014625873,36.80382,31.59926
2023-02-04 08:15:22,0.090457562,36.80217,31.60109
2023-02-04 08:15:27,0.020045332,36.79398,31.6102
2023-02-04 08:15:32,0.072423368,36.79233,31.61202
2023-02-04 08:15:37,-0.061543139,36.79069,31.61383
2023-02-04 08:15:42,0.054248158,36.78904,31.61565
2023-02-04 08:15:47,0.063835368,36.78739,31.61746
2023-02-04 08:15:52,0.041457253,36.78574,31.61928
2023-02-04 08:15:57,0.035273935,36.78409,31.62109
2023-02-04 08:16:02,0.036285089,36.78244,31.6229
2023-02-04 08:16:07,0.036968648,36.78078,31.62471
2023-02-04 08:16:12,0.005395497,36.77912,31.62652
2023-02-04 08:16:17,0.068373978,36.77747,31.62833
2023-02-04 08:16:22,0.072549484,36.77581,31.63014
2023-02-04 08:16:27,0.066462765,36.76768,31.63914
2023-02-04 08:16:32,0.054872922,36.76602,31.64093
2023-02-04 08:16:37,-0.009808592,36.76436,31.64273
2023-02-04 08:16:42,0.058584832,36.7627,31.64452
2023-02-04 08:16:47,0.020397354,36.76104,31.64632
2023-02-04 08:16:52,0.077975387,36.75938,31.64811
2023-02-04 08:16:57,-0.002626304,36.75772,31.6499
2023-02-04 08:17:02,0.0338571,36.75605,31.65169
2023-02-04 08:17:07,0.086347372,36.75438,31.65348
2023-02-04 08:17:12,0.058905935,36.75271,31.65526
2023-02-04 08:17:17,0.058130868,36.75104,31.65705
2023-02-04 08:17:22,-0.017056197,36.74937,31.65884
2023-02-04 08:17:27,0.061959826,36.74131,31.66772
2023-02-04 08:17:32,0.036793879,36.73964,31.6695
2023-02-04 08:17:37,0.023212657,36.73797,31.67127
2023-02-04 08:17:42,0.027846411,36.7363,31.67305
2023-02-04 08:17:47,-0.00462445,36.73462,31.67482
2023-02-04 08:17:52,0.063806438,36.73295,31.67659
2023-02-04 08:17:57,0.047162296,36.73127,31.67836
2023-02-04 08:18:02,-0.011727693,36.72959,31.68013
2023-02-04 08:18:07,-0.007217592,36.72791,31.68189
2023-02-04 08:18:12,0.040133499,36.72623,31.68366
2023-02-04 08:18:17,0.023726641,36.72455,31.68542
2023-02-04 08:18:22,0.028458956,36.72287,31.68719
2023-02-04 08:18:27,-0.041418471,36.71487,31.69597
2023-02-04 08:18:32,0.027290108,36.71319,31.69772
2023-02-04 08:18:37,0.047846407,36.7115,31.69947
2023-02-04 08:18:42,-0.048468394,36.70982,31.70122
2023-02-04 08:18:47,0.025398951,36.70814,31.70298
2023-02-04 08:18:52,0.014182357,36.70645,31.70472
2023-02-04 08:18:57,0.024479308,36.70476,31.70647
2023-02-04 08:19:02,-0.034510239,36.70307,31.70822
2023-02-04 08:19:07,-0.024590359,36.70138,31.70996
2023-02-04 08:19:12,-0.019619449,36.69969,31.71171
2023-02-04 08:19:17,-0.036159336,36.69799,31.71345
2023-02-04 08:19:22,-0.004732067,36.6963,31.71519
2023-02-04 08:19:27,0.026501587,36.68836,31.72386
2023-02-04 08:19:32,-0.032496967,36.68667,31.7256
2023-02-04 08:19:37,0.009386459,36.68498,31.72733
2023-02-04 08:19:42,-0.004199165,36.68328,31.72906
2023-02-04 08:19:47,0.002903814,36.68159,31.73078
2023-02-04 08:19:52,0.007834233,36.67989,31.73251
2023-02-04 08:19:57,0.001713517,36.67819,31.73424
2023-02-04 08:20:02,-0.046487322,36.67649,31.73596
2023-02-04 08:20:07,0.011325816,36.67478,31.73769
2023-02-04 08:20:12,0.005355822,36.67308,31.73941
2023-02-04 08:20:17,-0.016619818,36.67137,31.74113
2023-02-04 08:20:22,0.014686573,36.66967,31.74285
2023-02-04 08:20:27,-0.007134431,36.66796,31.74457
2023-02-04 08:20:32,0.02394324,36.6601,31.75312
2023-02-04 08:20:37,0.018071156,36.65839,31.75484
2023-02-04 08:20:42,-0.019993313,36.65669,31.75654
2023-02-04 08:20:47,0.021676703,36.65498,31.75825
2023-02-04 08:20:52,-0.01091652,36.65327,31.75996
2023-02-04 08:20:57,-0.016886502,36.65156,31.76166
2023-02-04 08:21:02,-0.023265057,36.64984,31.76336
2023-02-04 08:21:07,0.01848691,36.64813,31.76507
2023-02-04 08:21:12,-0.014410298,36.64642,31.76677
2023-02-04 08:21:17,0.016619837,36.6447,31.76847
2023-02-04 08:21:22,0.020967442,36.64298,31.77017
2023-02-04 08:21:27,0.014430561,36.64126,31.77187
2023-02-04 08:21:32,-0.023740347,36.63954,31.77356
2023-02-04 08:21:37,-0.035298407,36.63176,31.782
2023-02-04 08:21:42,0.027343778,36.63004,31.78369
2023-02-04 08:21:47,-0.021600577,36.62832,31.78537
2023-02-04 08:21:52,-0.012146434,36.6266,31.78706
2023-02-04 08:21:57,0.007735968,36.62488,31.78874
2023-02-04 08:22:02,0.004219917,36.62315,31.79042
2023-02-04 08:22:07,0.031763023,36.62143,31.7921
2023-02-04 08:22:12,0.019725628,36.6197,31.79378
2023-02-04 08:22:17,0.0131628,36.61797,31.79546
2023-02-04 08:22:22,-0.009626761,36.61624,31.79714
2023-02-04 08:22:27,0.004845477,36.61451,31.79882
2023-02-04 08:22:32,0.040588876,36.61278,31.80049
2023-02-04 08:22:37,0.011012937,36.61105,31.80217
2023-02-04 08:22:42,-0.047780607,36.60334,31.81049
2023-02-04 08:22:47,0.030070514,36.60161,31.81215
2023-02-04 08:22:52,0.00203281,36.59988,31.81382
2023-02-04 08:22:57,-0.058417773,36.59815,31.81548
2023-02-04 08:23:02,-0.020377546,36.59641,31.81714
2023-02-04 08:23:07,-0.056891682,36.59468,31.8188
2023-02-04 08:23:12,0.005083692,36.59294,31.82046
2023-02-04 08:23:17,-0.060723912,36.5912,31.82212
2023-02-04 08:23:22,-0.009709835,36.58946,31.82377
2023-02-04 08:23:27,0.009458826,36.58772,31.82543
2023-02-04 08:23:32,-0.008929181,36.58598,31.82708
2023-02-04 08:23:37,0.004795638,36.58423,31.82874
2023-02-04 08:23:42,-0.029316073,36.58249,31.83039
2023-02-04 08:23:47,-0.074145424,36.57486,31.83859
2023-02-04 08:23:52,0.019164224,36.57312,31.84024
2023-02-04 08:23:57,-0.079080643,36.57137,31.84188
2023-02-04 08:24:02,-0.038996585,36.56963,31.84352
2023-02-04 08:24:07,-0.041800815,36.56788,31.84516
2023-02-04 08:24:12,-0.028483495,36.56614,31.84679
2023-02-04 08:24:17,-0.020554835,36.56439,31.84843
2023-02-04 08:24:22,-0.033814095,36.56264,31.85006
2023-02-04 08:24:27,0.000456618,36.56089,31.8517
2023-02-04 08:24:32,-0.055558853,36.55913,31.85333
2023-02-04 08:24:37,-0.037394412,36.55738,31.85496
2023-02-04 08:24:42,-0.082866212,36.55562,31.85659
2023-02-04 08:24:47,-0.027507952,36.55387,31.85822
2023-02-04 08:24:52,-0.014655881,36.55211,31.85985
2023-02-04 08:24:57,-0.054969597,36.54456,31.86794
2023-02-04 08:25:02,-0.079350043,36.54281,31.86955
2023-02-04 08:25:07,-0.008228514,36.54105,31.87117
2023-02-04 08:25:12,-0.086019352,36.5393,31.87279
2023-02-04 08:25:17,-0.004538549,36.53754,31.8744
2023-02-04 08:25:22,-0.013339645,36.53578,31.87602
2023-02-04 08:25:27,-0.011534332,36.53402,31.87763
2023-02-04 08:25:32,-0.014921253,36.53225,31.87924
2023-02-04 08:25:37,-0.045199799,36.53049,31.88085
2023-02-04 08:25:42,-0.064869615,36.52872,31.88246
2023-02-04 08:25:47,-0.009970698,36.52696,31.88407
2023-02-04 08:25:52,-0.056389199,36.52519,31.88568
2023-02-04 08:25:57,-0.038896922,36.52342,31.88728
2023-02-04 08:26:02,-0.032111425,36.52165,31.88889
2023-02-04 08:26:07,-0.009382323,36.51419,31.89685
2023-02-04 08:26:12,-0.045327087,36.51242,31.89845
2023-02-04 08:26:17,-0.075795347,36.51066,31.90004
2023-02-04 08:26:22,-0.09050659,36.50889,31.90163
2023-02-04 08:26:27,-0.036160564,36.50712,31.90322
2023-02-04 08:26:32,-0.002983776,36.50534,31.90482
2023-02-04 08:26:37,0.008644402,36.50357,31.9064
2023-02-04 08:26:42,0.004626236,36.50179,31.90799
2023-02-04 08:26:47,-0.004947972,36.50002,31.90958
2023-02-04 08:26:52,0.012093013,36.49824,31.91116
2023-02-04 08:26:57,0.013111258,36.49646,31.91275
2023-02-04 08:27:02,0.008577764,36.49468,31.91433
2023-02-04 08:27:07,0.036184259,36.4929,31.91592
2023-02-04 08:27:12,-0.0424552,36.49111,31.9175
2023-02-04 08:27:17,-0.036223629,36.48375,31.92534
2023-02-04 08:27:22,0.017571482,36.48197,31.92691
2023-02-04 08:27:27,0.023944865,36.48019,31.92848
2023-02-04 08:27:32,0.008786277,36.47841,31.93005
2023-02-04 08:27:37,0.014736892,36.47662,31.93162
2023-02-04 08:27:42,-0.090688194,36.47484,31.93319
2023-02-04 08:27:47,0.02696493,36.47305,31.93476
2023-02-04 08:27:52,-0.004063508,36.47127,31.93632
2023-02-04 08:27:57,0.028663333,36.46948,31.93788
2023-02-04 08:28:02,-0.000907793,36.46769,31.93944
2023-02-04 08:28:07,-0.070953023,36.4659,31.94101
2023-02-04 08:28:12,-0.011796283,36.4641,31.94257
2023-02-04 08:28:17,0.020704505,36.46231,31.94412
2023-02-04 08:28:22,-0.015707374,36.46051,31.94568
2023-02-04 08:28:27,0.022306568,36.45872,31.94724
2023-02-04 08:28:32,-0.062078078,36.45145,31.95496
2023-02-04 08:28:37,-0.008264625,36.44965,31.95651
2023-02-04 08:28:42,0.029561617,36.44786,31.95805
2023-02-04 08:28:47,0.00381413,36.44607,31.9596
2023-02-04 08:28:52,0.004532093,36.44427,31.96114
2023-02-04 08:28:57,0.021057477,36.44247,31.96268
2023-02-04 08:29:02,0.027313443,36.44068,31.96422
2023-02-04 08:29:07,0.022540542,36.43888,31.96576
2023-02-04 08:29:12,-0.013817986,36.43707,31.9673
2023-02-04 08:29:17,0.029596881,36.43527,31.96884
2023-02-04 08:29:22,-0.038709348,36.43347,31.97038
2023-02-04 08:29:27,0.001283217,36.43166,31.97191
2023-02-04 08:29:32,0.010710946,36.42986,31.97345
2023-02-04 08:29:37,0.011563389,36.42805,31.97498
2023-02-04 08:29:42,0.017769071,36.42624,31.97651
2023-02-04 08:29:47,-0.039769004,36.41906,31.98411
2023-02-04 08:29:52,0.040726338,36.41726,31.98563
2023-02-04 08:29:57,0.020552347,36.41545,31.98715
2023-02-04 08:30:02,0.014597239,36.41365,31.98867
2023-02-04 08:30:07,0.011893404,36.41184,31.99019
2023-02-04 08:30:12,0.039401097,36.41003,31.99171
2023-02-04 08:30:17,0.003364438,36.40822,31.99323
2023-02-04 08:30:22,-0.011507484,36.4064,31.99474
2023-02-04 08:30:27,0.042946079,36.40459,31.99626
2023-02-04 08:30:32,0.054798439,36.40278,31.99777
2023-02-04 08:30:37,-0.002598932,36.40096,31.99928
2023-02-04 08:30:42,0.025322897,36.39914,32.00079
2023-02-04 08:30:47,0.015977016,36.39732,32.0023
2023-02-04 08:30:52,-0.025305629,36.3955,32.00381
2023-02-04 08:30:57,0.050713864,36.39368,32.00532
2023-02-04 08:31:02,-0.006469549,36.39186,32.00682
2023-02-04 08:31:07,0.037661543,36.38479,32.01429
2023-02-04 08:31:12,-0.019238499,36.38297,32.01579
2023-02-04 08:31:17,0.016765139,36.38115,32.01728
2023-02-04 08:31:22,-0.000217378,36.37933,32.01878
2023-02-04 08:31:27,0.033447063,36.37751,32.02027
2023-02-04 08:31:32,0.029852325,36.37569,32.02176
2023-02-04 08:31:37,0.015839119,36.37386,32.02326
2023-02-04 08:31:42,0.049466102,36.37204,32.02475
2023-02-04 08:31:47,0.03536648,36.37021,32.02623
2023-02-04 08:31:52,0.000190502,36.36838,32.02772
2023-02-04 08:31:57,-0.003143135,36.36655,32.02921
2023-02-04 08:32:02,0.014706409,36.36472,32.03069
2023-02-04 08:32:07,0.027660922,36.36289,32.03218
2023-02-04 08:32:12,0.072268731,36.36106,32.03366
2023-02-04 08:32:17,5.3811e-05,36.35922,32.03514
2023-02-04 08:32:22,0.01812188,36.35739,32.03662
2023-02-04 08:32:27,0.111054097,36.35043,32.04396
2023-02-04 08:32:32,0.038814266,36.3486,32.04543
2023-02-04 08:32:37,0.004129436,36.34676,32.0469
2023-02-04 08:32:42,0.054588295,36.34493,32.04837
2023-02-04 08:32:47,0.088922178,36.3431,32.04984
2023-02-04 08:32:52,0.027753462,36.34126,32.0513
2023-02-04 08:32:57,0.025078267,36.33942,32.05277
2023-02-04 08:33:02,0.049107558,36.33758,32.05424
2023-02-04 08:33:07,0.062340843,36.33574,32.0557
2023-02-04 08:33:12,-0.046388725,36.3339,32.05716
2023-02-04 08:33:17,0.094679953,36.33206,32.05862
2023-02-04 08:33:22,0.06581552,36.33022,32.06008
2023-02-04 08:33:27,0.021014065,36.32837,32.06154
2023-02-04 08:33:32,0.018523424,36.32653,32.063
2023-02-04 08:33:37,0.058913882,36.32468,32.06446
2023-02-04 08:33:42,0.06718537,36.32283,32.06591
2023-02-04 08:33:47,0.038578169,36.31598,32.07312
2023-02-04 08:33:52,0.068268808,36.31414,32.07456
2023-02-04 08:33:57,0.060888769,36.31229,32.07601
2023-02-04 08:34:02,-0.004691915,36.31045,32.07745
2023-02-04 08:34:07,-0.033106859,36.3086,32.0789
2023-02-04 08:34:12,0.071200876,36.30675,32.08034
2023-02-04 08:34:17,0.021556984,36.3049,32.08178
2023-02-04 08:34:22,0.056854616,36.30305,32.08322
2023-02-04 08:34:27,0.04993628,36.3012,32.08466
2023-02-04 08:34:32,0.016219541,36.29935,32.08609
2023-02-04 08:34:37,0.057161926,36.29749,32.08753
2023-02-04 08:34:42,0.012864822,36.29563,32.08896
2023-02-04 08:34:47,0.04303398,36.29378,32.0904
2023-02-04 08:34:52,-0.043447385,36.29192,32.09183
2023-02-04 08:34:57,-0.002356194,36.29006,32.09326
2023-02-04 08:35:02,0.075888002,36.2882,32.09469
2023-02-04 08:35:07,0.026437118,36.28634,32.09612
2023-02-04 08:35:12,-0.033452258,36.27961,32.10319
2023-02-04 08:35:17,0.007575832,36.27775,32.10461
2023-02-04 08:35:22,0.033023022,36.27589,32.10603
2023-02-04 08:35:27,-0.026781782,36.27403,32.10745
2023-02-04 08:35:32,0.024795906,36.27217,32.10886
2023-02-04 08:35:37,0.01814885,36.27031,32.11028
2023-02-04 08:35:42,-0.014935406,36.26845,32.11169
2023-02-04 08:35:47,-0.032199735,36.26658,32.11311
2023-02-04 08:35:52,0.003663773,36.26472,32.11452
2023-02-04 08:35:57,-0.029173285,36.26285,32.11593
2023-02-04 08:36:02,0.022712975,36.26099,32.11734
2023-02-04 08:36:07,0.037494227,36.25912,32.11875
2023-02-04 08:36:12,-0.022140465,36.25725,32.12015
2023-02-04 08:36:17,0.024453258,36.25538,32.12156
2023-02-04 08:36:22,-0.029831651,36.2535,32.12297
2023-02-04 08:36:27,0.022108655,36.25163,32.12437
2023-02-04 08:36:32,0.010476526,36.24976,32.12577
2023-02-04 08:36:37,-0.00667169,36.24788,32.12717
2023-02-04 08:36:42,0.034621456,36.24128,32.1341
2023-02-04 08:36:47,-0.040961982,36.23941,32.1355
2023-02-04 08:36:52,-0.026127845,36.23753,32.13689
2023-02-04 08:36:57,0.015353435,36.23566,32.13828
2023-02-04 08:37:02,-0.017788168,36.23379,32.13967
2023-02-04 08:37:07,0.002363934,36.23191,32.14106
2023-02-04 08:37:12,0.011848938,36.23004,32.14244
2023-02-04 08:37:17,-0.021314143,36.22816,32.14383
2023-02-04 08:37:22,-0.070286979,36.22628,32.14521
2023-02-04 08:37:27,-0.007724227,36.2244,32.1466
2023-02-04 08:37:32,0.007046178,36.22252,32.14798
2023-02-04 08:37:37,-0.010177778,36.22064,32.14936
2023-02-04 08:37:42,0.004561211,36.21875,32.15074
2023-02-04 08:37:47,-0.007176927,36.21687,32.15212
2023-02-04 08:37:52,-0.040444436,36.21498,32.1535
2023-02-04 08:37:57,-0.015103636,36.21309,32.15487
2023-02-04 08:38:02,-0.021764619,36.2112,32.15625
2023-02-04 08:38:07,-0.06556815,36.20931,32.15762
2023-02-04 08:38:12,-0.041227061,36.20284,32.16441
2023-02-04 08:38:17,-0.020574255,36.20096,32.16578
2023-02-04 08:38:22,-0.043327004,36.19907,32.16714
2023-02-04 08:38:27,-0.113696944,36.19719,32.16851
2023-02-04 08:38:32,-0.083399479,36.1953,32.16987
2023-02-04 08:38:37,-0.052942676,36.19341,32.17123
2023-02-04 08:38:42,-0.102276468,36.19152,32.17259
2023-02-04 08:38:47,-0.050946249,36.18963,32.17395
2023-02-04 08:38:52,-0.073507676,36.18774,32.1753
2023-02-04 08:38:57,-0.016917269,36.18585,32.17666
2023-02-04 08:39:02,-0.053424207,36.18395,32.17802
2023-02-04 08:39:07,-0.105241031,36.18206,32.17937
2023-02-04 08:39:12,-0.000793139,36.18016,32.18072
2023-02-04 08:39:17,0.002728007,36.17826,32.18207
2023-02-04 08:39:22,-0.062698909,36.17636,32.18342
2023-02-04 08:39:27,-0.016809265,36.17446,32.18477
2023-02-04 08:39:32,-0.034539296,36.17256,32.18612
2023-02-04 08:39:37,-0.031372496,36.17066,32.18747
2023-02-04 08:39:42,-0.028058017,36.16875,32.18881
2023-02-04 08:39:47,-0.056766367,36.16242,32.19546
2023-02-04 08:39:52,-0.074858716,36.16052,32.1968
2023-02-04 08:39:57,-0.034176187,36.15863,32.19813
2023-02-04 08:40:02,-0.084337367,36.15673,32.19947
2023-02-04 08:40:07,-0.038605496,36.15483,32.2008
2023-02-04 08:40:12,-0.041078875,36.15292,32.20214
2023-02-04 08:40:17,-0.016568165,36.15102,32.20347
2023-02-04 08:40:22,-0.045783784,36.14911,32.2048
2023-02-04 08:40:27,-0.085325212,36.14721,32.20612
2023-02-04 08:40:32,-0.023835488,36.1453,32.20745
2023-02-04 08:40:37,-0.031872211,36.14339,32.20878
2023-02-04 08:40:42,-0.050235344,36.14148,32.2101
2023-02-04 08:40:47,-0.020867009,36.13957,32.21143
2023-02-04 08:40:52,-0.071304593,36.13766,32.21275
2023-02-04 08:40:57,-0.031561847,36.13575,32.21407
2023-02-04 08:41:02,0.008133216,36.13384,32.2154
2023-02-04 08:41:07,-0.005137685,36.13192,32.21671
2023-02-04 08:41:12,-0.061285794,36.13001,32.21803
2023-02-04 08:41:17,-0.048192326,36.12809,32.21935
2023-02-04 08:41:22,0.023292438,36.12617,32.22067
2023-02-04 08:41:27,-0.027477252,36.11999,32.22717
2023-02-04 08:41:32,-0.019855218,36.11807,32.22848
2023-02-04 08:41:37,0.030169049,36.11616,32.22978
2023-02-04 08:41:42,-0.047200119,36.11425,32.23109
2023-02-04 08:41:47,-0.055707458,36.11233,32.23239
2023-02-04 08:41:52,0.031297115,36.11042,32.23369
2023-02-04 08:41:57,-0.019750789,36.1085,32.235
2023-02-04 08:42:02,-0.054854239,36.10658,32.2363
2023-02-04 08:42:07,-0.008802283,36.10466,32.2376
2023-02-04 08:42:12,-0.019168648,36.10274,32.2389
2023-02-04 08:42:17,-0.022426544,36.10082,32.24019
2023-02-04 08:42:22,0.037850036,36.09889,32.24149
2023-02-04 08:42:27,-0.013654586,36.09697,32.24278
2023-02-04 08:42:32,0.019886028,36.09504,32.24408
2023-02-04 08:42:37,-0.026183873,36.09312,32.24537
2023-02-04 08:42:42,-0.019187028,36.09119,32.24666
2023-02-04 08:42:47,0.030407631,36.08926,32.24795
2023-02-04 08:42:52,0.063780985,36.08733,32.24924
2023-02-04 08:42:57,0.012215818,36.0854,32.25053
2023-02-04 08:43:02,0.034848622,36.08347,32.25182
2023-02-04 08:43:07,0.057632191,36.07744,32.25817
2023-02-04 08:43:12,-0.020511079,36.07551,32.25945
2023-02-04 08:43:17,-0.024645388,36.07358,32.26073
2023-02-04 08:43:22,-0.012637538,36.07166,32.262
2023-02-04 08:43:27,0.015322367,36.06973,32.26328
2023-02-04 08:43:32,-0.010054081,36.0678,32.26455
2023-02-04 08:43:37,0.015010309,36.06586,32.26583
2023-02-04 08:43:42,0.066811218,36.06393,32.2671
2023-02-04 08:43:47,0.009537121,36.062,32.26837
2023-02-04 08:43:52,0.053305788,36.06006,32.26964
2023-02-04 08:43:57,0.049070474,36.05813,32.27091
2023-02-04 08:44:02,0.035375426,36.05619,32.27217
2023-02-04 08:44:07,0.024507479,36.05425,32.27344
2023-02-04 08:44:12,0.062809753,36.05232,32.2747
2023-02-04 08:44:17,0.021130254,36.05038,32.27597
2023-02-04 08:44:22,0.011397472,36.04843,32.27723
2023-02-04 08:44:27,0.017812682,36.04649,32.27849
2023-02-04 08:44:32,0.050464638,36.04455,32.27975
2023-02-04 08:44:37,-0.002003321,36.0426,32.28101
2023-02-04 08:44:42,-0.02233268,36.04066,32.28227
2023-02-04 08:44:47,0.020885258,36.03871,32.28352
2023-02-04 08:44:52,0.074732268,36.03677,32.28478
2023-02-04 08:44:57,0.054120402,36.0309,32.29098
2023-02-04 08:45:02,-0.019440311,36.02896,32.29222
2023-02-04 08:45:07,0.066295434,36.02702,32.29347
2023-02-04 08:45:12,0.018943716,36.02508,32.29472
2023-02-04 08:45:17,0.035521391,36.02314,32.29596
2023-02-04 08:45:22,-0.027689012,36.02119,32.2972
2023-02-04 08:45:27,0.057737809,36.01924,32.29844
2023-02-04 08:45:32,0.005128429,36.0173,32.29968
2023-02-04 08:45:37,-0.004871003,36.01535,32.30092
2023-02-04 08:45:42,0.027358932,36.0134,32.30216
2023-02-04 08:45:47,0.096868928,36.01145,32.3034
2023-02-04 08:45:52,0.022822447,36.0095,32.30463
2023-02-04 08:45:57,0.044494626,36.00754,32.30587
2023-02-04 08:46:02,0.10325637,36.00559,32.3071
2023-02-04 08:46:07,0.061100757,36.00364,32.30834
2023-02-04 08:46:12,-0.002594564,36.00168,32.30957
2023-02-04 08:46:17,0.077397327,35.99972,32.3108
2023-02-04 08:46:22,0.06713132,35.99776,32.31203
2023-02-04 08:46:27,0.01400508,35.99581,32.31325
2023-02-04 08:46:32,-0.007172261,35.99385,32.31448
2023-02-04 08:46:37,0.024918504,35.99189,32.31571
2023-02-04 08:46:42,-0.001460848,35.98992,32.31693
2023-02-04 08:46:47,0.030376634,35.98796,32.31815
2023-02-04 08:46:52,0.041052674,35.98228,32.32419
2023-02-04 08:46:57,0.078155468,35.98032,32.32541
2023-02-04 08:47:02,0.078106487,35.97837,32.32662
2023-02-04 08:47:07,0.049032976,35.97641,32.32783
2023-02-04 08:47:12,0.077907757,35.97445,32.32904
2023-02-04 08:47:17,0.061957924,35.97249,32.33026
2023-02-04 08:47:22,0.061772551,35.97053,32.33146
2023-02-04 08:47:27,0.066881689,35.96856,32.33267
2023-02-04 08:47:32,0.013325765,35.9666,32.33388
2023-02-04 08:47:37,0.034352189,35.96464,32.33509
2023-02-04 08:47:42,0.044681548,35.96267,32.33629
2023-02-04 08:47:47,0.038983411,35.9607,32.33749
2023-02-04 08:47:52,0.04390663,35.95874,32.3387
2023-02-04 08:47:57,0.01167174,35.95677,32.3399
2023-02-04 08:48:02,0.053635159,35.9548,32.3411
2023-02-04 08:48:07,0.074428692,35.95283,32.3423
2023-02-04 08:48:12,0.063011231,35.95086,32.3435
2023-02-04 08:48:17,0.046602756,35.94888,32.34469
2023-02-04 08:48:22,0.024631235,35.94691,32.34589
2023-02-04 08:48:27,0.023936028,35.94494,32.34708
2023-02-04 08:48:32,-0.045901913,35.94296,32.34828
2023-02-04 08:48:37,0.022602856,35.94098,32.34947
2023-02-04 08:48:42,-0.042186126,35.939,32.35066
2023-02-04 08:48:47,0.010046378,35.93351,32.35654
2023-02-04 08:48:52,-0.033325999,35.93154,32.35772
2023-02-04 08:48:57,-0.039627325,35.92957,32.35891
2023-02-04 08:49:02,-0.029987669,35.92759,32.36009
2023-02-04 08:49:07,0.053840606,35.92562,32.36127
2023-02-04 08:49:12,-0.005427965,35.92364,32.36244
2023-02-04 08:49:17,0.009100963,35.92167,32.36362
2023-02-04 08:49:22,0.013208237,35.91969,32.3648
2023-02-04 08:49:27,-0.025185985,35.91772,32.36598
2023-02-04 08:49:32,0.005274861,35.91574,32.36715
2023-02-04 08:49:37,0.019882252,35.91376,32.36832
2023-02-04 08:49:42,-0.066643022,35.91178,32.36949
2023-02-04 08:49:47,0.032942739,35.90979,32.37067
2023-02-04 08:49:52,-0.000585246,35.90781,32.37183
2023-02-04 08:49:57,-0.060628945,35.90583,32.373
2023-02-04 08:50:02,-0.067431005,35.90384,32.37417
2023-02-04 08:50:07,0.021076343,35.90186,32.37534
2023-02-04 08:50:12,0.019297292,35.89987,32.3765
2023-02-04 08:50:17,-0.003860546,35.89788,32.37767
2023-02-04 08:50:22,-0.074857134,35.89589,32.37883
2023-02-04 08:50:27,-0.013046811,35.8939,32.37999
2023-02-04 08:50:32,-0.04171539,35.89191,32.38115
2023-02-04 08:50:37,-0.070254958,35.88992,32.38231
2023-02-04 08:50:42,-0.008628472,35.88793,32.38347
2023-02-04 08:50:47,-0.048142161,35.88594,32.38463
2023-02-04 08:50:52,0.013359577,35.88394,32.38578
2023-02-04 08:50:57,-0.079198025,35.87866,32.39149
2023-02-04 08:51:02,0.0086367,35.87667,32.39264
2023-02-04 08:51:07,-0.02560905,35.87468,32.39378
2023-02-04 08:51:12,-0.06524864,35.87269,32.39493
2023-02-04 08:51:17,-0.014724401,35.8707,32.39607
2023-02-04 08:51:22,-0.022703127,35.86871,32.39722
2023-02-04 08:51:27,-0.020086375,35.86672,32.39836
2023-02-04 08:51:32,-0.070643166,35.86473,32.3995
2023-02-04 08:51:37,-0.015046781,35.86273,32.40064
2023-02-04 08:51:42,-0.055072961,35.86074,32.40178
2023-02-04 08:51:47,-0.052905109,35.85874,32.40292
2023-02-04 08:51:52,-0.055941487,35.85674,32.40406
2023-02-04 08:51:57,-0.101491418,35.85475,32.40519
2023-02-04 08:52:02,-0.08866708,35.85275,32.40633
2023-02-04 08:52:07,-0.012138315,35.85075,32.40746
2023-02-04 08:52:12,-0.026282218,35.84875,32.40859
2023-02-04 08:52:17,-0.109207746,35.84674,32.40972
2023-02-04 08:52:22,-0.033060813,35.84474,32.41086
2023-02-04 08:52:27,-0.020364988,35.84274,32.41198
2023-02-04 08:52:32,-0.024102402,35.84073,32.41311
2023-02-04 08:52:37,-0.022382042,35.83873,32.41424
2023-02-04 08:52:42,-0.015393751,35.83672,32.41536
2023-02-04 08:52:47,-0.013796733,35.83472,32.41649
2023-02-04 08:52:52,-0.012260848,35.83271,32.41761
2023-02-04 08:52:57,-0.005455216,35.8307,32.41874
2023-02-04 08:53:02,-0.017025014,35.82869,32.41986
2023-02-04 08:53:07,-0.024002079,35.82668,32.42098
2023-02-04 08:53:12,-0.028033509,35.82162,32.4265
2023-02-04 08:53:17,-0.02965586,35.81961,32.42762
2023-02-04 08:53:22,-0.052258248,35.81761,32.42873
2023-02-04 08:53:27,-0.008681253,35.8156,32.42984
2023-02-04 08:53:32,-0.066047114,35.8136,32.43095
2023-02-04 08:53:37,-0.027719134,35.81159,32.43206
2023-02-04 08:53:42,-0.04807348,35.80958,32.43316
2023-02-04 08:53:47,0.000618319,35.80757,32.43427
2023-02-04 08:53:52,-0.030309233,35.80556,32.43537
2023-02-04 08:53:57,-0.066807397,35.80355,32.43648
2023-02-04 08:54:02,-0.028736001,35.80154,32.43758
2023-02-04 08:54:07,-0.006892741,35.79952,32.43868
2023-02-04 08:54:12,-0.107303982,35.79751,32.43978
2023-02-04 08:54:17,-0.01093486,35.7955,32.44088
2023-02-04 08:54:22,-0.07412708,35.79348,32.44198
2023-02-04 08:54:27,-0.073784423,35.79146,32.44308
2023-02-04 08:54:32,-0.051974041,35.78945,32.44417
2023-02-04 08:54:37,-0.072653463,35.78743,32.44526
2023-02-04 08:54:42,-0.040453893,35.78541,32.44636
2023-02-04 08:54:47,-0.050741813,35.78339,32.44745
2023-02-04 08:54:52,-0.028153386,35.78137,32.44854
2023-02-04 08:54:57,0.024130846,35.77934,32.44963
2023-02-04 08:55:02,0.008596658,35.77732,32.45072
2023-02-04 08:55:07,-0.049609657,35.7753,32.45181
2023-02-04 08:55:12,-0.022949495,35.77327,32.4529
2023-02-04 08:55:17,0.009010665,35.77125,32.45398
2023-02-04 08:55:22,-0.011976247,35.76922,32.45507
2023-02-04 08:55:27,0.03591791,35.76719,32.45615
2023-02-04 08:55:32,-0.049080814,35.76517,32.45723
2023-02-04 08:55:37,0.004093337,35.76035,32.46258
2023-02-04 08:55:42,0.025455623,35.75833,32.46365
2023-02-04 08:55:47,0.041276309,35.75631,32.46472
2023-02-04 08:55:52,-0.011831038,35.75429,32.4658
2023-02-04 08:55:57,0.004141847,35.75226,32.46687
2023-02-04 08:56:02,0.02009783,35.75024,32.46794
2023-02-04 08:56:07,0.014718671,35.74821,32.46901
2023-02-04 08:56:12,0.030454828,35.74618,32.47008
2023-02-04 08:56:17,-0.01720955,35.74416,32.47114
2023-02-04 08:56:22,-0.04946622,35.74213,32.47221
2023-02-04 08:56:27,0.051324948,35.7401,32.47327
2023-02-04 08:56:32,-0.039007624,35.73807,32.47434
2023-02-04 08:56:37,0.061958871,35.73604,32.4754
2023-02-04 08:56:42,0.056321526,35.73401,32.47646
2023-02-04 08:56:47,0.008421517,35.73198,32.47752
2023-02-04 08:56:52,0.018957602,35.72994,32.47858
2023-02-04 08:56:57,0.034822122,35.72791,32.47964
2023-02-04 08:57:02,0.045166495,35.72588,32.4807
2023-02-04 08:57:07,0.061032217,35.72384,32.48175
2023-02-04 08:57:12,-0.013517738,35.72181,32.48281
2023-02-04 08:57:17,-0.008305424,35.71977,32.48386
2023-02-04 08:57:22,0.044690681,35.71773,32.48492
2023-02-04 08:57:27,0.01260477,35.71569,32.48597
2023-02-04 08:57:32,0.071134609,35.71365,32.48702
2023-02-04 08:57:37,-0.019374269,35.71161,32.48807
2023-02-04 08:57:42,-0.019455361,35.70957,32.48912
2023-02-04 08:57:47,0.081362003,35.70752,32.49016
2023-02-04 08:57:52,0.05998356,35.70548,32.49121
2023-02-04 08:57:57,0.044138111,35.70344,32.49225
2023-02-04 08:58:02,0.038454023,35.70139,32.4933
2023-02-04 08:58:07,0.081207024,35.69935,32.49434
2023-02-04 08:58:12,0.033235507,35.6973,32.49538
2023-02-04 08:58:17,0.075888824,35.69276,32.50053
2023-02-04 08:58:22,-0.003838411,35.69072,32.50156
2023-02-04 08:58:27,0.054649476,35.68868,32.5026
2023-02-04 08:58:32,0.038727418,35.68664,32.50363
2023-02-04 08:58:37,0.070603708,35.6846,32.50466
2023-02-04 08:58:42,0.033591795,35.68255,32.50569
2023-02-04 08:58:47,0.081688687,35.68051,32.50672
2023-02-04 08:58:52,0.028538448,35.67847,32.50774
2023-02-04 08:58:57,0.081817902,35.67642,32.50877
2023-02-04 08:59:02,0.044701126,35.67438,32.5098
2023-02-04 08:59:07,0.082225954,35.67233,32.51082
2023-02-04 08:59:12,0.076943978,35.67028,32.51185
2023-02-04 08:59:17,0.066736143,35.66823,32.51287
2023-02-04 08:59:22,0.072351452,35.66618,32.51389
2023-02-04 08:59:27,0.042386363,35.66414,32.51491
2023-02-04 08:59:32,-0.02808401,35.66208,32.51593
2023-02-04 08:59:37,-0.006597096,35.66003,32.51695
2023-02-04 08:59:42,0.05755353,35.65798,32.51796
2023-02-04 08:59:47,0.031500851,35.65593,32.51898
2023-02-04 08:59:52,0.058581506,35.65387,32.51999
2023-02-04 08:59:57,0.053707191,35.65182,32.52101
2023-02-04 09:00:02,-0.020431541,35.64976,32.52202
2023-02-04 09:00:07,0.022521923,35.64771,32.52303
2023-02-04 09:00:12,0.03371055,35.64565,32.52404
2023-02-04 09:00:17,-0.018655129,35.64359,32.52505
2023-02-04 09:00:22,0.061489672,35.64153,32.52606
2023-02-04 09:00:27,0.014311101,35.63947,32.52707
2023-02-04 09:00:32,0.030734167,35.63741,32.52807
2023-02-04 09:00:37,0.04737064,35.63535,32.52908
2023-02-04 09:00:42,0.042710052,35.63329,32.53008
2023-02-04 09:00:47,0.027602199,35.63123,32.53108
2023-02-04 09:00:52,0.01232584,35.62916,32.53208
2023-02-04 09:00:57,-0.034908801,35.6271,32.53309
2023-02-04 09:01:02,0.056264967,35.62503,32.53408
2023-02-04 09:01:07,0.0408606,35.62297,32.53508
2023-02-04 09:01:12,0.020526723,35.61873,32.54002
2023-02-04 09:01:17,0.02134123,35.61667,32.54101
2023-02-04 09:01:22,0.022174183,35.61461,32.542
2023-02-04 09:01:27,0.023024917,35.61255,32.54299
2023-02-04 09:01:32,0.034362239,35.61049,32.54398
2023-02-04 09:01:37,-0.049651472,35.60843,32.54497
2023-02-04 09:01:42,-0.04342176,35.60637,32.54595
2023-02-04 09:01:47,-0.003182597,35.60431,32.54694
2023-02-04 09:01:52,0.006010224,35.60224,32.54792
2023-02-04 09:01:57,0.02827189,35.60018,32.5489
2023-02-04 09:02:02,0.024086663,35.59811,32.54988
2023-02-04 09:02:07,0.00887259,35.59605,32.55086
2023-02-04 09:02:12,-0.000810704,35.59398,32.55184
2023-02-04 09:02:17,-0.020953607,35.59191,32.55282
2023-02-04 09:02:22,-0.062407227,35.58984,32.5538
2023-02-04 09:02:27,0.002174319,35.58778,32.55478
2023-02-04 09:02:32,-0.028604504,35.58571,32.55575
2023-02-04 09:02:37,-0.08088734,35.58364,32.55672
2023-02-04 09:02:42,-0.074535944,35.58156,32.5577
2023-02-04 09:02:47,-0.004411679,35.57949,32.55867
2023-02-04 09:02:52,-0.008712719,35.57742,32.55964
2023-02-04 09:02:57,-0.092579542,35.57534,32.56061
2023-02-04 09:03:02,-0.059948431,35.57327,32.56158
2023-02-04 09:03:07,-0.005616776,35.5712,32.56255
2023-02-04 09:03:12,-0.020574667,35.56912,32.56351
2023-02-04 09:03:17,-0.014214699,35.56704,32.56448
2023-02-04 09:03:22,-0.034673963,35.56496,32.56544
2023-02-04 09:03:27,0.008965645,35.56289,32.56641
2023-02-04 09:03:32,-0.048454163,35.56081,32.56737
2023-02-04 09:03:37,-0.047440979,35.55873,32.56833
2023-02-04 09:03:42,-0.003985484,35.55665,32.56929
2023-02-04 09:03:47,-0.00831656,35.55457,32.57025
2023-02-04 09:03:52,-0.012656279,35.55248,32.5712
2023-02-04 09:03:57,-0.022145208,35.5504,32.57216
2023-02-04 09:04:02,-0.053154704,35.54832,32.57312
2023-02-04 09:04:07,-0.020407016,35.54623,32.57407
2023-02-04 09:04:12,-0.099219283,35.54415,32.57502
2023-02-04 09:04:17,-0.023858232,35.54206,32.57598
2023-02-04 09:04:22,-0.006950079,35.53998,32.57693
2023-02-04 09:04:27,-0.069815528,35.53789,32.57788
2023-02-04 09:04:32,-0.026479566,35.5358,32.57883
2023-02-04 09:04:37,0.006179731,35.53193,32.58353
2023-02-04 09:04:42,-0.029057396,35.52985,32.58447
2023-02-04 09:04:47,-0.01326359,35.52777,32.58541
2023-02-04 09:04:52,-0.023109378,35.52569,32.58635
2023-02-04 09:04:57,-0.070284769,35.5236,32.58729
2023-02-04 09:05:02,-0.054378854,35.52152,32.58823
2023-02-04 09:05:07,-0.020982305,35.51944,32.58917
2023-02-04 09:05:12,-0.036243775,35.51735,32.5901
2023-02-04 09:05:17,-0.024688697,35.51527,32.59104
2023-02-04 09:05:22,-0.039997684,35.51318,32.59197
2023-02-04 09:05:27,-0.034011627,35.5111,32.59291
2023-02-04 09:05:32,-0.001591795,35.50901,32.59384
2023-02-04 09:05:37,0.020142062,35.50692,32.59477
2023-02-04 09:05:42,-0.005739281,35.50483,32.5957
2023-02-04 09:05:47,-0.015848527,35.50274,32.59663
2023-02-04 09:05:52,-0.004666056,35.50065,32.59756
2023-02-04 09:05:57,-0.051950724,35.49856,32.59848
2023-02-04 09:06:02,0.013108835,35.49647,32.59941
2023-02-04 09:06:07,0.012719014,35.49438,32.60033
2023-02-04 09:06:12,0.039584128,35.49229,32.60125
2023-02-04 09:06:17,0.023969718,35.49019,32.60218
2023-02-04 09:06:22,0.040304047,35.4881,32.6031
2023-02-04 09:06:27,0.029767107,35.486,32.60402
2023-02-04 09:06:32,0.024718813,35.48391,32.60494
2023-02-04 09:06:37,0.030488704,35.48181,32.60586
2023-02-04 09:06:42,0.025185748,35.47971,32.60677
2023-02-04 09:06:47,0.009570935,35.47761,32.60769
2023-02-04 09:06:52,-0.038056317,35.47552,32.6086
2023-02-04 09:06:57,-0.032798265,35.47342,32.60952
2023-02-04 09:07:02,-0.00319004,35.47132,32.61043
2023-02-04 09:07:07,-0.011342149,35.46922,32.61134
2023-02-04 09:07:12,-0.04330407,35.46711,32.61225
2023-02-04 09:07:17,0.057567242,35.46501,32.61316
2023-02-04 09:07:22,0.041717359,35.46291,32.61407
2023-02-04 09:07:27,-0.03279582,35.4608,32.61498
2023-02-04 09:07:32,-0.064894174,35.4587,32.61588
2023-02-04 09:07:37,0.030700648,35.4566,32.61679
2023-02-04 09:07:42,0.003673119,35.45449,32.61769
2023-02-04 09:07:47,-0.03880746,35.45238,32.6186
2023-02-04 09:07:52,0.051164136,35.45028,32.6195
2023-02-04 09:07:57,-0.002425544,35.44817,32.6204
2023-02-04 09:08:02,0.003864177,35.44606,32.6213
2023-02-04 09:08:07,0.004852597,35.44395,32.6222
2023-02-04 09:08:12,-0.024631358,35.44184,32.62309
2023-02-04 09:08:17,0.04918006,35.43973,32.62399
2023-02-04 09:08:22,0.006270825,35.43762,32.62489
2023-02-04 09:08:27,-0.015542667,35.43551,32.62578
2023-02-04 09:08:32,0.010579906,35.4334,32.62668
2023-02-04 09:08:37,0.057798787,35.42996,32.63111
2023-02-04 09:08:42,0.051876144,35.42786,32.632
2023-02-04 09:08:47,0.035261267,35.42575,32.63289
2023-02-04 09:08:52,-0.00270543,35.42365,32.63377
2023-02-04 09:08:57,-0.050983014,35.42154,32.63466
2023-02-04 09:09:02,-0.025244226,35.41943,32.63554
2023-02-04 09:09:07,0.042912412,35.41733,32.63642
2023-02-04 09:09:12,-0.000318799,35.41522,32.6373
2023-02-04 09:09:17,-0.02245084,35.41311,32.63818
2023-02-04 09:09:22,-0.033762568,35.411,32.63906
2023-02-04 09:09:27,0.055593779,35.40889,32.63994
2023-02-04 09:09:32,0.054693382,35.40678,32.64082
2023-02-04 09:09:37,0.043104843,35.40467,32.64169
2023-02-04 09:09:42,0.031488481,35.40256,32.64257
2023-02-04 09:09:47,-0.017274264,35.40044,32.64344
2023-02-04 09:09:52,0.045483864,35.39833,32.64431
2023-02-04 09:09:57,-0.024651459,35.39622,32.64518
2023-02-04 09:10:02,0.043384857,35.3941,32.64605
2023-02-04 09:10:07,0.042107223,35.39199,32.64692
2023-02-04 09:10:12,0.035856162,35.38987,32.64779
2023-02-04 09:10:17,-0.034567983,35.38775,32.64866
2023-02-04 09:10:22,-0.040865757,35.38564,32.64953
2023-02-04 09:10:27,0.042851512,35.38352,32.65039
2023-02-04 09:10:32,-0.00079979,35.3814,32.65126
2023-02-04 09:10:37,0.035096036,35.37928,32.65212
2023-02-04 09:10:42,0.033852503,35.37716,32.65298
2023-02-04 09:10:47,-0.041838963,35.37504,32.65384
2023-02-04 09:10:52,-0.032651326,35.37292,32.6547
2023-02-04 09:10:57,0.008688064,35.3708,32.65556
2023-02-04 09:11:02,-0.016894734,35.36868,32.65642
2023-02-04 09:11:07,-0.004432248,35.36655,32.65728
2023-02-04 09:11:12,-0.0430911,35.36443,32.65813
2023-02-04 09:11:17,-0.016986199,35.3623,32.65899
2023-02-04 09:11:22,-0.01937485,35.36018,32.65984
2023-02-04 09:11:27,-0.004776948,35.35805,32.66069
2023-02-04 09:11:32,-0.05948048,35.35593,32.66155
2023-02-04 09:11:37,-0.028917129,35.3538,32.6624
2023-02-04 09:11:42,-0.046333972,35.35167,32.66325
2023-02-04 09:11:47,-0.053100981,35.34954,32.6641
2023-02-04 09:11:52,-0.054547324,35.34742,32.66494
2023-02-04 09:11:57,-0.050862467,35.34529,32.66579
2023-02-04 09:12:02,-0.020345173,35.34316,32.66664
2023-02-04 09:12:07,-0.005824503,35.34103,32.66748
2023-02-04 09:12:12,-0.043136218,35.3389,32.66833
2023-02-04 09:12:17,-0.035428881,35.33676,32.66917
2023-02-04 09:12:22,-0.047572953,35.33463,32.67001
2023-02-04 09:12:27,-0.086179501,35.3325,32.67085
2023-02-04 09:12:32,-0.007911191,35.33036,32.67169
2023-02-04 09:12:37,-0.004263396,35.32823,32.67253
2023-02-04 09:12:42,-0.026885393,35.3261,32.67336
2023-02-04 09:12:47,-0.097667066,35.32396,32.6742
2023-02-04 09:12:52,-0.003411004,35.32182,32.67504
2023-02-04 09:12:57,-0.095319704,35.31969,32.67587
2023-02-04 09:13:02,0.004270224,35.31755,32.6767
2023-02-04 09:13:07,-0.002544734,35.31541,32.67754
2023-02-04 09:13:12,-0.025345507,35.31327,32.67837
2023-02-04 09:13:17,-0.074600935,35.31113,32.6792
2023-02-04 09:13:22,-0.060272671,35.309,32.68003
2023-02-04 09:13:27,0.018020718,35.30685,32.68086
2023-02-04 09:13:32,0.01123265,35.30471,32.68168
2023-02-04 09:13:37,0.009591727,35.30257,32.68251
2023-02-04 09:13:42,-0.060758868,35.30043,32.68333
2023-02-04 09:13:47,-0.003753668,35.29829,32.68416
2023-02-04 09:13:52,-0.068946225,35.29614,32.68498
2023-02-04 09:13:57,0.025197786,35.2933,32.68909
2023-02-04 09:14:02,-0.061293529,35.29117,32.68991
2023-02-04 09:14:07,0.022403213,35.28903,32.69072
2023-02-04 09:14:12,0.042343072,35.2869,32.69154
2023-02-04 09:14:17,0.035455583,35.28476,32.69235
2023-02-04 09:14:22,0.034291556,35.28262,32.69317
2023-02-04 09:14:27,-0.004358624,35.28049,32.69398
2023-02-04 09:14:32,0.0369537,35.27835,32.69479
2023-02-04 09:14:37,0.035641056,35.27621,32.6956
2023-02-04 09:14:42,0.044812645,35.27407,32.69641
2023-02-04 09:14:47,0.043339538,35.27193,32.69722
2023-02-04 09:14:52,-0.010846326,35.26979,32.69802
2023-02-04 09:14:57,0.019691263,35.26765,32.69883
2023-02-04 09:15:02,0.027290781,35.26551,32.69964
2023-02-04 09:15:07,0.011906472,35.26337,32.70044
2023-02-04 09:15:12,0.026503147,35.26122,32.70124
2023-02-04 09:15:17,0.057296383,35.25908,32.70204
2023-02-04 09:15:22,0.050797221,35.25694,32.70285
2023-02-04 09:15:27,0.022995168,35.25479,32.70364
2023-02-04 09:15:32,0.000539996,35.25265,32.70444
2023-02-04 09:15:37,0.057860338,35.2505,32.70524
2023-02-04 09:15:42,0.056758892,35.24835,32.70604
2023-02-04 09:15:47,0.055864821,35.24621,32.70684
2023-02-04 09:15:52,0.049276946,35.24406,32.70763
2023-02-04 09:15:57,0.005777254,35.24191,32.70842
2023-02-04 09:16:02,0.036722592,35.23976,32.70922
2023-02-04 09:16:07,0.01438517,35.23762,32.71001
2023-02-04 09:16:12,-0.007745642,35.23547,32.7108
2023-02-04 09:16:17,0.076166789,35.23332,32.71159
2023-02-04 09:16:22,0.043217357,35.23117,32.71238
2023-02-04 09:16:27,0.058252517,35.22901,32.71317
2023-02-04 09:16:32,-0.006646214,35.22686,32.71395
2023-02-04 09:16:37,0.082846741,35.22471,32.71474
2023-02-04 09:16:42,0.076605622,35.22256,32.71552
2023-02-04 09:16:47,0.07056843,35.2204,32.71631
2023-02-04 09:16:52,-0.00493507,35.21825,32.71709
2023-02-04 09:16:57,-0.026936653,35.2161,32.71787
2023-02-04 09:17:02,0.067760668,35.21394,32.71865
2023-02-04 09:17:07,0.045591646,35.21179,32.71943
2023-02-04 09:17:12,-0.019015805,35.20963,32.72021
2023-02-04 09:17:17,0.001284394,35.20747,32.72099
2023-02-04 09:17:22,0.016644385,35.20532,32.72177
2023-02-04 09:17:27,0.026302078,35.20316,32.72254
2023-02-04 09:17:32,0.078606244,35.201,32.72332
2023-02-04 09:17:37,0.040689324,35.19884,32.72409
2023-02-04 09:17:42,0.023907126,35.19668,32.72486
2023-02-04 09:17:47,0.049578623,35.19452,32.72564
2023-02-04 09:17:52,0.064784458,35.19236,32.72641
2023-02-04 09:17:57,0.058673345,35.1902,32.72718
2023-02-04 09:18:02,0.052563965,35.18804,32.72795
2023-02-04 09:18:07,-0.033112827,35.18588,32.72872
2023-02-04 09:18:12,-0.012762606,35.18372,32.72948
2023-02-04 09:18:17,0.060694827,35.18155,32.73025
2023-02-04 09:18:22,0.006993146,35.17939,32.73101
2023-02-04 09:18:27,0.0060158,35.17722,32.73178
2023-02-04 09:18:32,0.053193013,35.17506,32.73254
2023-02-04 09:18:37,-0.043543612,35.17289,32.7333
2023-02-04 09:18:42,0.035599705,35.17073,32.73406
2023-02-04 09:18:47,0.018795926,35.16856,32.73482
2023-02-04 09:18:52,0.039101293,35.1664,32.73558
2023-02-04 09:18:57,-0.057291569,35.16423,32.73634
2023-02-04 09:19:02,0.037609147,35.16206,32.7371
2023-02-04 09:19:07,0.052547334,35.15989,32.73785
2023-02-04 09:19:12,0.035681373,35.15772,32.73861
2023-02-04 09:19:17,0.01879903,35.15556,32.73936
2023-02-04 09:19:22,0.017888561,35.15339,32.74012
2023-02-04 09:19:27,0.027619012,35.15122,32.74087
2023-02-04 09:19:32,0.031999023,35.14904,32.74162
2023-02-04 09:19:37,0.030837024,35.14687,32.74237
2023-02-04 09:19:42,-0.012606758,35.1447,32.74312
2023-02-04 09:19:47,-0.045415401,35.14253,32.74387
2023-02-04 09:19:52,0.033297614,35.14036,32.74462
2023-02-04 09:19:57,0.016235206,35.13818,32.74536
2023-02-04 09:20:02,-0.080614306,35.13601,32.74611
2023-02-04 09:20:07,0.003152099,35.13384,32.74685
2023-02-04 09:20:12,-0.045789755,35.13166,32.74759
2023-02-04 09:20:17,0.027442959,35.12949,32.74834
2023-02-04 09:20:22,0.010223278,35.12731,32.74908
2023-02-04 09:20:27,-0.065470757,35.12513,32.74982
2023-02-04 09:20:32,-0.015747895,35.12296,32.75056
2023-02-04 09:20:37,-0.004345173,35.12078,32.7513
2023-02-04 09:20:42,-0.01105532,35.1186,32.75204
2023-02-04 09:20:47,-0.012476348,35.11642,32.75277
2023-02-04 09:20:52,-0.014686857,35.11425,32.75351
2023-02-04 09:20:57,-0.01011653,35.11214,32.75573
2023-02-04 09:21:02,-0.032987735,35.10996,32.75646
2023-02-04 09:21:07,-0.00793562,35.10779,32.7572
2023-02-04 09:21:12,-0.014910212,35.10561,32.75792
2023-02-04 09:21:17,-0.000613521,35.10344,32.75865
2023-02-04 09:21:22,-0.098294733,35.10126,32.75938
2023-02-04 09:21:27,-0.036319509,35.09908,32.76011
2023-02-04 09:21:32,-0.011515289,35.09691,32.76084
2023-02-04 09:21:37,-0.050532785,35.09473,32.76156
2023-02-04 09:21:42,-0.089794585,35.09255,32.76228
2023-02-04 09:21:47,-0.054683247,35.09037,32.76301
2023-02-04 09:21:52,-0.046087203,35.08819,32.76373
2023-02-04 09:21:57,-0.058868053,35.08601,32.76445
2023-02-04 09:22:02,-0.029067768,35.08383,32.76517
2023-02-04 09:22:07,-0.052625788,35.08165,32.76589
2023-02-04 09:22:12,-0.01780502,35.07947,32.76661
2023-02-04 09:22:17,-0.06794314,35.07729,32.76733
2023-02-04 09:22:22,-0.065224488,35.0751,32.76804
2023-02-04 09:22:27,0.02271023,35.07292,32.76876
2023-02-04 09:22:32,-0.048935059,35.07074,32.76947
2023-02-04 09:22:37,-0.009096891,35.06856,32.77019
2023-02-04 09:22:42,0.004217335,35.06637,32.7709
2023-02-04 09:22:47,-0.083421644,35.06419,32.77161
2023-02-04 09:22:52,0.019798646,35.062,32.77232
2023-02-04 09:22:57,0.011785516,35.05982,32.77303
2023-02-04 09:23:02,-0.086903384,35.05763,32.77374
2023-02-04 09:23:07,-0.015483464,35.05545,32.77445
2023-02-04 09:23:12,-0.066338997,35.05326,32.77516
2023-02-04 09:23:17,-0.037695018,35.05107,32.77586
2023-02-04 09:23:22,0.012199579,35.04888,32.77657
2023-02-04 09:23:27,-0.007073659,35.0467,32.77727
2023-02-04 09:23:32,0.00023295,35.04451,32.77798
2023-02-04 09:23:37,0.002139834,35.04232,32.77868
2023-02-04 09:23:42,-0.017343245,35.04013,32.77938
2023-02-04 09:23:47,-0.004917082,35.03794,32.78008
2023-02-04 09:23:52,-0.013881133,35.03575,32.78078
2023-02-04 09:23:57,0.003543388,35.03356,32.78148
2023-02-04 09:24:02,-0.069330598,35.03137,32.78217
2023-02-04 09:24:07,0.001251675,35.02918,32.78287
2023-02-04 09:24:12,0.002664609,35.02698,32.78357
2023-02-04 09:24:17,0.009336846,35.02479,32.78426
2023-02-04 09:24:22,-0.026700933,35.0226,32.78495
2023-02-04 09:24:27,-0.014839907,35.0204,32.78565
2023-02-04 09:24:32,0.002090282,35.01821,32.78634
2023-02-04 09:24:37,-0.007508869,35.01602,32.78703
2023-02-04 09:24:42,0.014801574,35.01382,32.78772
2023-02-04 09:24:47,0.015722683,35.01163,32.78841
2023-02-04 09:24:52,0.016574466,35.00943,32.7891
2023-02-04 09:24:57,-0.04641133,35.00724,32.78978
2023-02-04 09:25:02,-0.056356926,35.00504,32.79047
2023-02-04 09:25:07,0.039846895,35.00284,32.79116
2023-02-04 09:25:12,0.008445785,35.00065,32.79184
2023-02-04 09:25:17,-0.054811769,34.99845,32.79252
2023-02-04 09:25:22,-0.01724835,34.99625,32.79321
2023-02-04 09:25:27,-0.016870204,34.99405,32.79389
2023-02-04 09:25:32,-0.016557645,34.99185,32.79457
2023-02-04 09:25:37,-0.074748758,34.98965,32.79525
2023-02-04 09:25:42,-0.026976894,34.98745,32.79593
2023-02-04 09:25:47,0.026441925,34.98526,32.7966
2023-02-04 09:25:52,0.026498708,34.98305,32.79728
2023-02-04 09:25:57,0.01031309,34.98085,32.79796
2023-02-04 09:26:02,0.010246136,34.97865,32.79863
2023-02-04 09:26:07,0.03676814,34.97645,32.79931
2023-02-04 09:26:12,0.004791619,34.97425,32.79998
2023-02-04 09:26:17,0.025484217,34.97205,32.80065
2023-02-04 09:26:22,-0.006609395,34.96984,32.80132
2023-02-04 09:26:27,0.035477874,34.96764,32.80199
2023-02-04 09:26:32,-0.018048859,34.96544,32.80266
2023-02-04 09:26:37,0.029256644,34.96323,32.80333
2023-02-04 09:26:42,-0.029900256,34.96103,32.804
2023-02-04 09:26:47,-0.051610679,34.95882,32.80466
2023-02-04 09:26:52,-0.004465427,34.95662,32.80533
2023-02-04 09:26:57,-0.005150479,34.95441,32.806
2023-02-04 09:27:02,0.0367535,34.9522,32.80666
2023-02-04 09:27:07,0.035778364,34.95,32.80732
2023-02-04 09:27:12,-0.023493318,34.94779,32.80798
2023-02-04 09:27:17,0.012745638,34.94558,32.80864
2023-02-04 09:27:22,0.04379903,34.94338,32.8093
2023-02-04 09:27:27,-0.021131129,34.94117,32.80996
2023-02-04 09:27:32,0.020302884,34.93896,32.81062
2023-02-04 09:27:37,0.008585405,34.93675,32.81128
2023-02-04 09:27:42,-0.02430292,34.93454,32.81194
2023-02-04 09:27:47,-0.004313236,34.93233,32.81259
2023-02-04 09:27:52,-0.047940979,34.93012,32.81325
2023-02-04 09:27:57,0.019940725,34.92791,32.8139
2023-02-04 09:28:02,0.050285753,34.9257,32.81455
2023-02-04 09:28:07,0.038526892,34.92349,32.81521
2023-02-04 09:28:12,0.010553331,34.92128,32.81586
2023-02-04 09:28:17,0.009196164,34.91907,32.81651
2023-02-04 09:28:22,0.050255792,34.91686,32.81716
2023-02-04 09:28:27,0.038175713,34.91464,32.8178
2023-02-04 09:28:32,0.031395831,34.91243,32.81845
2023-02-04 09:28:37,-0.02319145,34.91022,32.8191
2023-02-04 09:28:42,0.023081774,34.908,32.81974
2023-02-04 09:28:47,0.037539605,34.90579,32.82039
2023-02-04 09:28:52,0.030652946,34.90357,32.82103
2023-02-04 09:28:57,-0.034886402,34.9008,32.82034
2023-02-04 09:29:02,0.004722357,34.89858,32.82099
2023-02-04 09:29:07,0.030985017,34.89636,32.82163
2023-02-04 09:29:12,0.050469967,34.89414,32.82227
2023-02-04 09:29:17,0.048806693,34.89192,32.82291
2023-02-04 09:29:22,0.041795872,34.88969,32.82355
2023-02-04 09:29:27,-0.044990022,34.88747,32.82419
2023-02-04 09:29:32,-0.046702923,34.88525,32.82483
2023-02-04 09:29:37,0.068447226,34.88303,32.82546
2023-02-04 09:29:42,0.050907576,34.8808,32.8261
2023-02-04 09:29:47,-0.052113131,34.87858,32.82674
2023-02-04 09:29:52,0.047201836,34.87636,32.82737
2023-02-04 09:29:57,-0.0023499,34.87413,32.828
2023-02-04 09:30:02,0.026224374,34.87191,32.82864
2023-02-04 09:30:07,0.046998258,34.86968,32.82927
2023-02-04 09:30:12,0.039873142,34.86746,32.8299
2023-02-04 09:30:17,0.009929306,34.86523,32.83053
2023-02-04 09:30:22,0.020277913,34.86301,32.83116
2023-02-04 09:30:27,-0.039968881,34.86078,32.83179
2023-02-04 09:30:32,0.005999763,34.85855,32.83241
2023-02-04 09:30:37,-0.049110729,34.85633,32.83304
2023-02-04 09:30:42,0.034166056,34.8541,32.83366
2023-02-04 09:30:47,-0.058062783,34.85187,32.83429
2023-02-04 09:30:52,0.041016238,34.84964,32.83491
2023-02-04 09:30:57,-0.003238713,34.84742,32.83554
2023-02-04 09:31:02,0.016278818,34.84519,32.83616
2023-02-04 09:31:07,0.014291069,34.84296,32.83678
2023-02-04 09:31:12,0.012689663,34.84073,32.8374
2023-02-04 09:31:17,-0.010605595,34.8385,32.83802
2023-02-04 09:31:22,0.019596086,34.83627,32.83864
2023-02-04 09:31:27,0.028486478,34.83404,32.83925
2023-02-04 09:31:32,-0.031902862,34.83181,32.83987
2023-02-04 09:31:37,-0.044313096,34.82958,32.84048
2023-02-04 09:31:42,0.0337059,34.82734,32.8411
2023-02-04 09:31:47,0.042637829,34.82511,32.84171
2023-02-04 09:31:52,0.008942979,34.82288,32.84233
2023-02-04 09:31:57,-0.019408882,34.82065,32.84294
2023-02-04 09:32:02,0.026681799,34.81842,32.84355
2023-02-04 09:32:07,0.030338054,34.81618,32.84416
2023-02-04 09:32:12,0.028679799,34.81395,32.84477
2023-02-04 09:32:17,-0.031401068,34.81172,32.84538
2023-02-04 09:32:22,-0.04387657,34.80948,32.84599
2023-02-04 09:32:27,0.018474454,34.80725,32.84659
2023-02-04 09:32:32,-0.036414554,34.80501,32.8472
2023-02-04 09:32:37,-0.059305371,34.80278,32.8478
2023-02-04 09:32:42,0.029560909,34.80054,32.84841
2023-02-04 09:32:47,0.001379371,34.79831,32.84901
2023-02-04 09:32:52,0.015667183,34.79607,32.84961
2023-02-04 09:32:57,0.009037095,34.79384,32.85022
2023-02-04 09:33:02,-0.013942064,34.7916,32.85081
2023-02-04 09:33:07,0.016590518,34.78936,32.85142
2023-02-04 09:33:12,0.009836135,34.78713,32.85201
2023-02-04 09:33:17,0.04022386,34.78489,32.85261
2023-02-04 09:33:22,0.02304655,34.78265,32.85321
2023-02-04 09:33:27,-0.020946959,34.78042,32.85381
2023-02-04 09:33:32,0.009512453,34.77818,32.8544
2023-02-04 09:33:37,0.029336786,34.77594,32.855
2023-02-04 09:33:42,0.012257422,34.7737,32.85559
2023-02-04 09:33:47,-0.074275676,34.77146,32.85618
2023-02-04 09:33:52,0.025573737,34.76922,32.85677
2023-02-04 09:33:57,-0.055387212,34.76698,32.85736
2023-02-04 09:34:02,0.012535286,34.76474,32.85795
2023-02-04 09:34:07,0.027375721,34.7625,32.85854
2023-02-04 09:34:12,0.026253366,34.76026,32.85913
2023-02-04 09:34:17,0.019638075,34.75802,32.85972
2023-02-04 09:34:22,-0.055667614,34.75578,32.86031
2023-02-04 09:34:27,0.023050917,34.75354,32.86089
2023-02-04 09:34:32,-0.02593023,34.7513,32.86148
2023-02-04 09:34:37,-0.032434272,34.74906,32.86206
2023-02-04 09:34:42,-0.043859343,34.74681,32.86265
2023-02-04 09:34:47,-0.028987093,34.74457,32.86323
2023-02-04 09:34:52,-0.056535191,34.74233,32.86381
2023-02-04 09:34:57,-0.020095624,34.74008,32.86439
2023-02-04 09:35:02,0.026842107,34.73784,32.86497
2023-02-04 09:35:07,0.004710081,34.7356,32.86555
2023-02-04 09:35:12,-0.017392939,34.73335,32.86613
2023-02-04 09:35:17,-0.007487507,34.73111,32.86671
2023-02-04 09:35:22,0.018246207,34.72886,32.86728
2023-02-04 09:35:27,0.001560017,34.72662,32.86786
2023-02-04 09:35:32,0.016691917,34.72438,32.86843
2023-02-04 09:35:37,0.026903687,34.72213,32.86901
2023-02-04 09:35:42,0.015443891,34.71988,32.86958
2023-02-04 09:35:47,-0.043575524,34.71764,32.87015
2023-02-04 09:35:52,-0.049266927,34.71539,32.87072
2023-02-04 09:35:57,0.019118095,34.71315,32.87129
2023-02-04 09:36:02,0.034613341,34.7109,32.87186
2023-02-04 09:36:07,-0.066740406,34.70865,32.87243
2023-02-04 09:36:12,0.03370972,34.70641,32.873
2023-02-04 09:36:17,-0.00400913,34.70416,32.87357
2023-02-04 09:36:22,-0.004390522,34.70191,32.87413
2023-02-04 09:36:27,-0.052522935,34.69966,32.8747
2023-02-04 09:36:32,-0.010590068,34.69742,32.87526
2023-02-04 09:36:37,-0.00555843,34.69517,32.87583
2023-02-04 09:36:42,-0.013611351,34.69292,32.87639
2023-02-04 09:36:47,0.004586228,34.69067,32.87695
2023-02-04 09:36:52,-0.022280751,34.68842,32.87751
2023-02-04 09:36:57,-0.043791262,34.68617,32.87807
2023-02-04 09:37:02,-0.036358493,34.68392,32.87863
2023-02-04 09:37:07,-0.070744348,34.68167,32.87919
2023-02-04 09:37:12,0.035359955,34.67942,32.87975
2023-02-04 09:37:17,-0.012506918,34.67717,32.88031
2023-02-04 09:37:22,-0.007240214,34.67492,32.88086
2023-02-04 09:37:27,-0.033928397,34.67267,32.88142
2023-02-04 09:37:32,0.003366456,34.67042,32.88197
2023-02-04 09:37:37,-0.012804448,34.66817,32.88253
2023-02-04 09:37:42,0.029677084,34.66371,32.88071
2023-02-04 09:37:47,0.029732631,34.66145,32.88127
2023-02-04 09:37:52,0.024480657,34.65918,32.88182
2023-02-04 09:37:57,-0.007208588,34.65692,32.88237
2023-02-04 09:38:02,0.008902833,34.65466,32.88293
2023-02-04 09:38:07,0.00352514,34.6524,32.88348
2023-02-04 09:38:12,0.035477542,34.65013,32.88403
2023-02-04 09:38:17,0.041181133,34.64787,32.88458
2023-02-04 09:38:22,-0.017245007,34.64561,32.88513
2023-02-04 09:38:27,0.020095889,34.64334,32.88568
2023-02-04 09:38:32,0.030996173,34.64108,32.88622
2023-02-04 09:38:37,0.025924688,34.63881,32.88677
2023-02-04 09:38:42,0.015540458,34.63655,32.88732
2023-02-04 09:38:47,-0.053265602,34.63428,32.88786
2023-02-04 09:38:52,0.032131309,34.63202,32.8884
2023-02-04 09:38:57,-0.068812819,34.62975,32.88895
2023-02-04 09:39:02,0.021944488,34.62749,32.88949
2023-02-04 09:39:07,0.038287696,34.62522,32.89003
2023-02-04 09:39:12,0.043984755,34.62296,32.89057
2023-02-04 09:39:17,-0.024733793,34.62069,32.89111
2023-02-04 09:39:22,-0.035001121,34.61842,32.89165
2023-02-04 09:39:27,0.03431109,34.61616,32.89219
2023-02-04 09:39:32,0.040055946,34.61389,32.89272
2023-02-04 09:39:37,0.056280642,34.61162,32.89326
2023-02-04 09:39:42,-0.038842437,34.60936,32.8938
2023-02-04 09:39:47,-0.001279815,34.60709,32.89433
2023-02-04 09:39:52,0.046950672,34.60482,32.89487
2023-02-04 09:39:57,-0.011029121,34.60255,32.8954
2023-02-04 09:40:02,0.015820352,34.60029,32.89593
2023-02-04 09:40:07,-0.00476237,34.59802,32.89646
2023-02-04 09:40:12,0.048822839,34.59575,32.89699
2023-02-04 09:40:17,0.049113099,34.59348,32.89752
2023-02-04 09:40:22,0.044267124,34.59121,32.89806
2023-02-04 09:40:27,0.007634818,34.58894,32.89858
2023-02-04 09:40:32,0.034582677,34.58667,32.89911
2023-02-04 09:40:37,0.017778693,34.5844,32.89964
2023-02-04 09:40:42,0.030232249,34.58214,32.90016
2023-02-04 09:40:47,0.014731824,34.57986,32.90069
2023-02-04 09:40:52,0.02587949,34.5776,32.90121
2023-02-04 09:40:57,0.015515014,34.57532,32.90174
2023-02-04 09:41:02,0.02132756,34.57305,32.90226
2023-02-04 09:41:07,-0.031302615,34.57078,32.90278
2023-02-04 09:41:12,0.001150743,34.56851,32.9033
2023-02-04 09:41:17,-0.046350214,34.56624,32.90382
2023-02-04 09:41:22,-0.003439439,34.56397,32.90434
2023-02-04 09:41:27,0.034134114,34.5617,32.90486
2023-02-04 09:41:32,-0.066307213,34.55943,32.90538
2023-02-04 09:41:37,0.040538024,34.55716,32.9059
2023-02-04 09:41:42,-0.017663736,34.55488,32.90641
2023-02-04 09:41:47,-0.012107553,34.55261,32.90693
2023-02-04 09:41:52,-0.006372688,34.55034,32.90745
2023-02-04 09:41:57,0.020479099,34.54807,32.90796
2023-02-04 09:42:02,-0.005600951,34.5458,32.90847
2023-02-04 09:42:07,0.005423903,34.54352,32.90898
2023-02-04 09:42:12,-0.116623897,34.54125,32.9095
2023-02-04 09:42:17,0.011437796,34.53898,32.91001
2023-02-04 09:42:22,0.022224529,34.5367,32.91052
2023-02-04 09:42:27,-0.030775048,34.53443,32.91103
2023-02-04 09:42:32,-0.019643581,34.53216,32.91154
2023-02-04 09:42:37,0.001747587,34.52988,32.91204
2023-02-04 09:42:42,-0.014000382,34.52761,32.91255
2023-02-04 09:42:47,0.02333948,34.52534,32.91306
2023-02-04 09:42:52,-0.008250658,34.52306,32.91356
2023-02-04 09:42:57,-0.029394017,34.51792,32.91186
2023-02-04 09:43:02,-0.002781815,34.51564,32.91236
2023-02-04 09:43:07,0.018476137,34.51335,32.91287
2023-02-04 09:43:12,0.002590036,34.51106,32.91337
2023-02-04 09:43:17,-0.002471717,34.50878,32.91388
2023-02-04 09:43:22,0.00290929,34.50649,32.91438
2023-02-04 09:43:27,0.002742774,34.50421,32.91488
2023-02-04 09:43:32,0.008068161,34.50192,32.91538
2023-02-04 09:43:37,-0.055733912,34.49964,32.91588
2023-02-04 09:43:42,-0.023817604,34.49735,32.91638
2023-02-04 09:43:47,0.00787784,34.49506,32.91688
2023-02-04 09:43:52,-0.008427018,34.49278,32.91738
2023-02-04 09:43:57,0.023395693,34.49049,32.91788
2023-02-04 09:44:02,-0.067211943,34.4882,32.91838
2023-02-04 09:44:07,-0.024985734,34.48592,32.91887
2023-02-04 09:44:12,0.006737025,34.48363,32.91937
2023-02-04 09:44:17,0.027574747,34.48134,32.91986
2023-02-04 09:44:22,0.01658796,34.47906,32.92036
2023-02-04 09:44:27,-0.0368839,34.47677,32.92085
2023-02-04 09:44:32,-0.058603283,34.47448,32.92134
2023-02-04 09:44:37,-0.000601627,34.47219,32.92183
2023-02-04 09:44:42,-0.022396458,34.4699,32.92232
2023-02-04 09:44:47,0.003549109,34.46762,32.92281
2023-02-04 09:44:52,0.003186575,34.46533,32.9233
2023-02-04 09:44:57,-0.029385549,34.46304,32.92379
2023-02-04 09:45:02,0.044409761,34.46075,32.92428
2023-02-04 09:45:07,-0.025362754,34.45846,32.92477
2023-02-04 09:45:12,0.021700756,34.45617,32.92525
2023-02-04 09:45:17,-0.032355943,34.45388,32.92574
2023-02-04 09:45:22,-0.043815772,34.4516,32.92622
2023-02-04 09:45:27,0.019109863,34.44931,32.92671
2023-02-04 09:45:32,0.039542969,34.44702,32.92719
2023-02-04 09:45:37,-0.009356832,34.44473,32.92767
2023-02-04 09:45:42,0.021647596,34.44244,32.92815
2023-02-04 09:45:47,-0.022011698,34.44015,32.92863
2023-02-04 09:45:52,-0.001947748,34.43786,32.92911
2023-02-04 09:45:57,-0.029518075,34.43557,32.92959
2023-02-04 09:46:02,0.011773715,34.43328,32.93007
2023-02-04 09:46:07,0.053018832,34.43099,32.93055
2023-02-04 09:46:12,0.009318999,34.4287,32.93103
2023-02-04 09:46:17,-0.029288445,34.42641,32.9315
2023-02-04 09:46:22,0.027804454,34.42412,32.93198
2023-02-04 09:46:27,-0.005568835,34.42183,32.93245
2023-02-04 09:46:32,0.035628471,34.41954,32.93293
2023-02-04 09:46:37,0.044607272,34.41725,32.9334
2023-02-04 09:46:42,0.016608483,34.41496,32.93387
2023-02-04 09:46:47,-0.001160368,34.41267,32.93435
2023-02-04 09:46:52,0.018521164,34.40702,32.93271
2023-02-04 09:46:57,-0.068254859,34.40471,32.93319
2023-02-04 09:47:02,0.031085535,34.40241,32.93366
2023-02-04 09:47:07,0.023777539,34.40011,32.93413
2023-02-04 09:47:12,-0.015369942,34.39781,32.9346
2023-02-04 09:47:17,-0.001268687,34.3955,32.93507
2023-02-04 09:47:22,0.00745194,34.3932,32.93554
2023-02-04 09:47:27,-0.068966509,34.3909,32.93601
2023-02-04 09:47:32,0.024740833,34.3886,32.93647
2023-02-04 09:47:37,0.038448346,34.3863,32.93694
2023-02-04 09:47:42,-0.043643371,34.38399,32.93741
2023-02-04 09:47:47,-0.072296808,34.38169,32.93787
2023-02-04 09:47:52,-0.010773636,34.37939,32.93834
2023-02-04 09:47:57,-0.002410615,34.37709,32.9388
2023-02-04 09:48:02,-0.002653787,34.37478,32.93926
2023-02-04 09:48:07,0.045950319,34.37248,32.93973
2023-02-04 09:48:12,0.011519689,34.37018,32.94019
2023-02-04 09:48:17,0.030336825,34.36787,32.94065
2023-02-04 09:48:22,-0.004196659,34.36557,32.94111
2023-02-04 09:48:27,-0.044111433,34.36327,32.94157
2023-02-04 09:48:32,0.001010747,34.36096,32.94203
2023-02-04 09:48:37,-0.00169716,34.35866,32.94248
2023-02-04 09:48:42,0.048652418,34.35636,32.94294
2023-02-04 09:48:47,0.013862667,34.35405,32.9434
2023-02-04 09:48:52,0.021661087,34.35175,32.94385
2023-02-04 09:48:57,-0.034359908,34.34945,32.94431
2023-02-04 09:49:02,0.03691511,34.34714,32.94476
2023-02-04 09:49:07,0.01277218,34.34484,32.94521
2023-02-04 09:49:12,-0.022271543,34.34254,32.94567
2023-02-04 09:49:17,-0.000195692,34.34023,32.94612
2023-02-04 09:49:22,-0.044540487,34.33793,32.94657
2023-02-04 09:49:27,-0.058414936,34.33562,32.94702
2023-02-04 09:49:32,0.018079067,34.33332,32.94747
2023-02-04 09:49:37,0.019904738,34.33101,32.94792
2023-02-04 09:49:42,0.011402009,34.32871,32.94837
2023-02-04 09:49:47,0.03958852,34.3264,32.94882
2023-02-04 09:49:52,0.014998124,34.3241,32.94926
2023-02-04 09:49:57,-0.036290311,34.3218,32.94971
2023-02-04 09:50:02,0.002600789,34.31949,32.95016
2023-02-04 09:50:07,0.025454112,34.31342,32.94858
2023-02-04 09:50:12,0.011140757,34.3111,32.94903
2023-02-04 09:50:17,-0.045859267,34.30879,32.94948
2023-02-04 09:50:22,-0.022957639,34.30647,32.94992
2023-02-04 09:50:27,-0.01076253,34.30416,32.95036
2023-02-04 09:50:32,-0.009464,34.30184,32.95081
2023-02-04 09:50:37,-0.050470099,34.29953,32.95125
2023-02-04 09:50:42,-0.018539867,34.29721,32.95169
2023-02-04 09:50:47,0.016047564,34.29489,32.95213
2023-02-04 09:50:52,0.017164172,34.29258,32.95257
2023-02-04 09:50:57,-0.024022358,34.29026,32.95301
2023-02-04 09:51:02,0.030114371,34.28795,32.95345
2023-02-04 09:51:07,-0.03761934,34.28563,32.95389
2023-02-04 09:51:12,0.011100521,34.28332,32.95433
2023-02-04 09:51:17,0.022848571,34.281,32.95477
2023-02-04 09:51:22,0.000659338,34.27868,32.9552
2023-02-04 09:51:27,0.019377853,34.27637,32.95564
2023-02-04 09:51:32,0.020340057,34.27405,32.95607
2023-02-04 09:51:37,0.015931094,34.27174,32.95651
2023-02-04 09:51:42,-0.078936782,34.26942,32.95694
2023-02-04 09:51:47,-0.051447114,34.2671,32.95738
2023-02-04 09:51:52,0.034251062,34.26479,32.95781
2023-02-04 09:51:57,-0.011887885,34.26247,32.95824
2023-02-04 09:52:02,-0.012350382,34.26016,32.95867
2023-02-04 09:52:07,0.041747649,34.25784,32.9591
2023-02-04 09:52:12,0.031543192,34.25552,32.95953
2023-02-04 09:52:17,-0.052936767,34.25321,32.95996
2023-02-04 09:52:22,0.032723062,34.25089,32.96039
2023-02-04 09:52:27,-0.083809727,34.24858,32.96081
2023-02-04 09:52:32,-0.019541937,34.24626,32.96124
2023-02-04 09:52:37,-0.013748268,34.24394,32.96167
2023-02-04 09:52:42,0.04511928,34.24163,32.96209
2023-02-04 09:52:47,0.024003613,34.23931,32.96252
2023-02-04 09:52:52,0.003234837,34.23699,32.96294
2023-02-04 09:52:57,0.014031359,34.23055,32.96141
2023-02-04 09:53:02,0.004421488,34.22822,32.96184
2023-02-04 09:53:07,0.035906933,34.2259,32.96226
2023-02-04 09:53:12,-0.027822096,34.22357,32.96269
2023-02-04 09:53:17,-0.043422987,34.22124,32.96311
2023-02-04 09:53:22,0.052302571,34.21892,32.96353
2023-02-04 09:53:27,0.020650786,34.21659,32.96395
2023-02-04 09:53:32,0.02037757,34.21426,32.96437
2023-02-04 09:53:37,0.020646132,34.21193,32.96479
2023-02-04 09:53:42,-0.011283921,34.20961,32.96521
2023-02-04 09:53:47,0.009866418,34.20728,32.96563
2023-02-04 09:53:52,-0.037919145,34.20495,32.96605
2023-02-04 09:53:57,0.025815491,34.20263,32.96646
2023-02-04 09:54:02,0.01490443,34.2003,32.96688
2023-02-04 09:54:07,-0.032961532,34.19797,32.9673
2023-02-04 09:54:12,-0.038404297,34.19564,32.96771
2023-02-04 09:54:17,0.009236327,34.19332,32.96813
2023-02-04 09:54:22,0.035532531,34.19099,32.96854
2023-02-04 09:54:27,0.019355401,34.18866,32.96895
2023-02-04 09:54:32,0.003154421,34.18634,32.96937
2023-02-04 09:54:37,0.024239471,34.18401,32.96978
2023-02-04 09:54:42,0.039781326,34.18168,32.97019
2023-02-04 09:54:47,0.050161257,34.17936,32.9706
2023-02-04 09:54:52,-0.008769668,34.17703,32.97101
2023-02-04 09:54:57,0.001566714,34.1747,32.97142
2023-02-04 09:55:02,0.03320186,34.17238,32.97183
2023-02-04 09:55:07,0.027316624,34.17005,32.97224
2023-02-04 09:55:12,0.000281854,34.16772,32.97264
2023-02-04 09:55:17,0.021196793,34.16539,32.97305
2023-02-04 09:55:22,-0.000547021,34.16307,32.97345
2023-02-04 09:55:27,0.041459144,34.16074,32.97386
2023-02-04 09:55:32,-0.033430685,34.15396,32.97238
2023-02-04 09:55:37,-0.039430188,34.15163,32.97278
2023-02-04 09:55:42,-0.018607348,34.14929,32.97319
2023-02-04 09:55:47,-0.024451158,34.14695,32.97359
2023-02-04 09:55:52,-0.019652013,34.14461,32.97399
2023-02-04 09:55:57,0.011590083,34.14228,32.9744
2023-02-04 09:56:02,0.026826521,34.13994,32.9748
2023-02-04 09:56:07,0.005118585,34.1376,32.9752
2023-02-04 09:56:12,-0.000995446,34.13526,32.9756
2023-02-04 09:56:17,0.025045498,34.13293,32.976
2023-02-04 09:56:22,-0.044866518,34.13059,32.9764
2023-02-04 09:56:27,-0.034843836,34.12825,32.9768
2023-02-04 09:56:32,-0.035494704,34.12592,32.9772
2023-02-04 09:56:37,0.02227972,34.12358,32.9776
2023-02-04 09:56:42,0.000282676,34.12124,32.978
2023-02-04 09:56:47,-0.011067307,34.1189,32.97839
2023-02-04 09:56:52,-0.033089506,34.11657,32.97879
2023-02-04 09:56:57,0.045763896,34.11423,32.97918
2023-02-04 09:57:02,0.013248207,34.11189,32.97958
2023-02-04 09:57:07,-0.008809371,34.10956,32.97997
2023-02-04 09:57:12,-0.020218244,34.10722,32.98037
2023-02-04 09:57:17,0.010810776,34.10488,32.98076
2023-02-04 09:57:22,0.004710268,34.10255,32.98115
2023-02-04 09:57:27,-0.012060496,34.10021,32.98154
2023-02-04 09:57:32,-0.060630552,34.09788,32.98194
2023-02-04 09:57:37,0.039265859,34.09554,32.98233
2023-02-04 09:57:42,0.027795486,34.0932,32.98272
2023-02-04 09:57:47,-0.03146303,34.09087,32.9831
2023-02-04 09:57:52,-0.032292053,34.08378,32.98166
2023-02-04 09:57:57,0.001313343,34.08144,32.98204
2023-02-04 09:58:02,0.008472579,34.07909,32.98243
2023-02-04 09:58:07,-0.013702036,34.07674,32.98282
2023-02-04 09:58:12,0.038543604,34.0744,32.98321
2023-02-04 09:58:17,-0.042086104,34.07205,32.9836
2023-02-04 09:58:22,0.015473527,34.0697,32.98398
2023-02-04 09:58:27,0.056845378,34.06736,32.98437
2023-02-04 09:58:32,-0.007627275,34.06501,32.98475
2023-02-04 09:58:37,0.023260231,34.06267,32.98514
2023-02-04 09:58:42,0.022351356,34.06032,32.98552
2023-02-04 09:58:47,-0.015873849,34.05797,32.98591
2023-02-04 09:58:52,0.052301958,34.05563,32.98629
2023-02-04 09:58:57,-0.007256587,34.05328,32.98667
2023-02-04 09:59:02,0.050245944,34.05094,32.98705
2023-02-04 09:59:07,0.022653771,34.04859,32.98743
2023-02-04 09:59:12,-0.015414291,34.04624,32.98781
2023-02-04 09:59:17,-0.016559938,34.0439,32.98819
2023-02-04 09:59:22,0.040917329,34.04155,32.98857
2023-02-04 09:59:27,-0.039808699,34.03921,32.98895
2023-02-04 09:59:32,0.012326563,34.03686,32.98933
2023-02-04 09:59:37,0.01667689,34.03452,32.98971
2023-02-04 09:59:42,-0.053407047,34.03217,32.99008
2023-02-04 09:59:47,-0.027938985,34.02983,32.99046
2023-02-04 09:59:52,-0.00247667,34.02748,32.99083
2023-02-04 09:59:57,0.033830147,34.02013,32.98942
2023-02-04 10:00:02,-0.004487592,34.01777,32.98979
2023-02-04 10:00:07,0.026287649,34.01542,32.99017
2023-02-04 10:00:12,0.019938196,34.01306,32.99054
2023-02-04 10:00:17,-0.002406528,34.0107,32.99092
2023-02-04 10:00:22,-0.030086707,34.00835,32.99129
2023-02-04 10:00:27,-0.011315235,34.006,32.99166
2023-02-04 10:00:32,-0.011035409,34.00364,32.99204
2023-02-04 10:00:37,-0.017412533,34.00129,32.99241
2023-02-04 10:00:42,-0.023795319,33.99893,32.99278
2023-02-04 10:00:47,0.001846317,33.99658,32.99315
2023-02-04 10:00:52,0.048510752,33.99422,32.99352
2023-02-04 10:00:57,0.010131755,33.99187,32.99389
2023-02-04 10:01:02,0.030185692,33.98951,32.99426
2023-02-04 10:01:07,0.002645421,33.98716,32.99462
2023-02-04 10:01:12,-0.035750705,33.9848,32.99499
2023-02-04 10:01:17,0.021595459,33.98245,32.99536
2023-02-04 10:01:22,0.041626255,33.9801,32.99573
2023-02-04 10:01:27,-0.007256982,33.97774,32.99609
2023-02-04 10:01:32,0.018091778,33.97539,32.99646
2023-02-04 10:01:37,-0.004344343,33.97304,32.99682
2023-02-04 10:01:42,-0.053245827,33.97068,32.99719
2023-02-04 10:01:47,-0.03857536,33.96833,32.99755
2023-02-04 10:01:52,-0.029241136,33.96597,32.99791
2023-02-04 10:01:57,-0.035712655,33.95836,32.99652
2023-02-04 10:02:02,0.021768181,33.956,32.99688
2023-02-04 10:02:07,-0.06999524,33.95364,32.99725
2023-02-04 10:02:12,0.035060769,33.95127,32.99761
2023-02-04 10:02:17,0.007242586,33.94891,32.99797
2023-02-04 10:02:22,0.011587385,33.94655,32.99833
2023-02-04 10:02:27,-0.042894565,33.94418,32.99869
2023-02-04 10:02:32,-0.017435001,33.94182,32.99905
2023-02-04 10:02:37,-0.034622165,33.93946,32.99941
2023-02-04 10:02:42,-0.030687505,33.9371,32.99977
2023-02-04 10:02:47,-0.010770975,33.93473,33.00013
2023-02-04 10:02:52,-0.049110632,33.93237,33.00049
2023-02-04 10:02:57,0.039888559,33.93001,33.00084
2023-02-04 10:03:02,-0.014436571,33.92764,33.0012
2023-02-04 10:03:07,-0.037212398,33.92528,33.00156
2023-02-04 10:03:12,-0.038466203,33.92292,33.00191
2023-02-04 10:03:17,0.024039729,33.92056,33.00227
2023-02-04 10:03:22,0.049417805,33.9182,33.00262
2023-02-04 10:03:27,-0.036951273,33.91584,33.00298
2023-02-04 10:03:32,-0.027771907,33.91348,33.00333
2023-02-04 10:03:37,-0.034401407,33.91111,33.00368
2023-02-04 10:03:42,-0.003731389,33.90875,33.00403
2023-02-04 10:03:47,0.015888128,33.90639,33.00438
2023-02-04 10:03:52,0.009418915,33.89853,33.00302
2023-02-04 10:03:57,0.018738641,33.89616,33.00337
2023-02-04 10:04:02,-0.041241234,33.89379,33.00372
2023-02-04 10:04:07,-0.042603055,33.89142,33.00407
2023-02-04 10:04:12,-0.006856973,33.88905,33.00442
2023-02-04 10:04:17,0.044867456,33.88668,33.00477
2023-02-04 10:04:22,-0.014967434,33.88431,33.00512
2023-02-04 10:04:27,0.02588309,33.88194,33.00547
2023-02-04 10:04:32,0.024462649,33.87957,33.00582
2023-02-04 10:04:37,0.012369964,33.8772,33.00617
2023-02-04 10:04:42,0.010924143,33.87483,33.00651
2023-02-04 10:04:47,-0.027844207,33.87246,33.00686
2023-02-04 10:04:52,0.082231012,33.87009,33.00721
2023-02-04 10:04:57,0.001176992,33.86772,33.00755
2023-02-04 10:05:02,0.063445419,33.86535,33.0079
2023-02-04 10:05:07,-0.007358027,33.86298,33.00824
2023-02-04 10:05:12,0.038891725,33.86061,33.00858
2023-02-04 10:05:17,-0.079529956,33.85824,33.00893
2023-02-04 10:05:22,0.019798189,33.85588,33.00927
2023-02-04 10:05:27,0.012892914,33.85351,33.00961
2023-02-04 10:05:32,0.005781267,33.85114,33.00995
2023-02-04 10:05:37,0.01483319,33.84305,33.00861
2023-02-04 10:05:42,0.039667819,33.84068,33.00895
2023-02-04 10:05:47,0.027366182,33.8383,33.0093
2023-02-04 10:05:52,-0.016932397,33.83592,33.00964
2023-02-04 10:05:57,0.008039901,33.83354,33.00998
2023-02-04 10:06:02,0.001014486,33.83116,33.01032
2023-02-04 10:06:07,0.041749165,33.82879,33.01066
2023-02-04 10:06:12,0.002896639,33.82641,33.01099
2023-02-04 10:06:17,-0.025505798,33.82403,33.01133
2023-02-04 10:06:22,0.057619346,33.82166,33.01167
2023-02-04 10:06:27,0.034696954,33.81928,33.01201
2023-02-04 10:06:32,0.008540306,33.8169,33.01234
2023-02-04 10:06:37,-0.022251221,33.81453,33.01268
2023-02-04 10:06:42,-0.040287959,33.81215,33.01302
2023-02-04 10:06:47,0.048251459,33.80977,33.01335
2023-02-04 10:06:52,0.119541394,33.8074,33.01368
2023-02-04 10:06:57,0.049756005,33.80502,33.01402
2023-02-04 10:07:02,0.008411545,33.80265,33.01435
2023-02-04 10:07:07,-0.034111536,33.80027,33.01468
2023-02-04 10:07:12,0.011671708,33.79789,33.01502
2023-02-04 10:07:17,-0.027657977,33.79552,33.01535
2023-02-04 10:07:22,-0.029513153,33.78721,33.01403
2023-02-04 10:07:27,-0.021114881,33.78482,33.01436
2023-02-04 10:07:32,-0.039392325,33.78244,33.0147
2023-02-04 10:07:37,-0.014866652,33.78006,33.01503
2023-02-04 10:07:42,-0.033007232,33.77767,33.01536
2023-02-04 10:07:47,-0.013866033,33.77529,33.01569
2023-02-04 10:07:52,0.026186171,33.7729,33.01602
2023-02-04 10:07:57,-0.034487491,33.77052,33.01635
2023-02-04 10:08:02,0.027017207,33.76814,33.01668
2023-02-04 10:08:07,-0.03923501,33.76575,33.017
2023-02-04 10:08:12,-0.041367817,33.76337,33.01733
2023-02-04 10:08:17,0.041176713,33.76099,33.01766
2023-02-04 10:08:22,0.001482904,33.7586,33.01799
2023-02-04 10:08:27,0.015056983,33.75622,33.01831
2023-02-04 10:08:32,-0.045829223,33.75384,33.01864
2023-02-04 10:08:37,-0.048308886,33.75146,33.01896
2023-02-04 10:08:42,0.049875924,33.74907,33.01929
2023-02-04 10:08:47,-0.026907763,33.74669,33.01961
2023-02-04 10:08:52,0.002301988,33.74431,33.01993
2023-02-04 10:08:57,-0.010971188,33.7358,33.01864
2023-02-04 10:09:02,0.039489647,33.7334,33.01896
2023-02-04 10:09:07,-0.000502865,33.73101,33.01928
2023-02-04 10:09:12,0.039417919,33.72862,33.01961
2023-02-04 10:09:17,0.041802948,33.72623,33.01993
2023-02-04 10:09:22,-0.019426726,33.72384,33.02025
2023-02-04 10:09:27,0.025334053,33.72145,33.02057
2023-02-04 10:09:32,0.006669544,33.71906,33.0209
2023-02-04 10:09:37,0.013694913,33.71667,33.02122
2023-02-04 10:09:42,0.012414831,33.71428,33.02154
2023-02-04 10:09:47,0.040104974,33.71189,33.02186
2023-02-04 10:09:52,-0.005552878,33.7095,33.02217
2023-02-04 10:09:57,0.023368764,33.70711,33.02249
2023-02-04 10:10:02,0.030740492,33.70472,33.02281
2023-02-04 10:10:07,0.027602609,33.70234,33.02313
2023-02-04 10:10:12,0.024424021,33.69995,33.02345
2023-02-04 10:10:17,-0.037424557,33.69756,33.02376
2023-02-04 10:10:22,-0.003376101,33.69517,33.02408
2023-02-04 10:10:27,-0.001348783,33.68646,33.0228
2023-02-04 10:10:32,0.016435739,33.68407,33.02312
2023-02-04 10:10:37,0.028848009,33.68167,33.02343
2023-02-04 10:10:42,0.025417986,33.67927,33.02375
2023-02-04 10:10:47,0.000625333,33.67687,33.02406
2023-02-04 10:10:52,0.050217526,33.67448,33.02438
2023-02-04 10:10:57,-0.05423055,33.67208,33.02469
2023-02-04 10:11:02,-0.010246401,33.66968,33.02501
2023-02-04 10:11:07,0.033883777,33.66729,33.02532
2023-02-04 10:11:12,-0.022918499,33.66489,33.02563
2023-02-04 10:11:17,-0.042646604,33.6625,33.02595
2023-02-04 10:11:22,0.038658199,33.6601,33.02626
2023-02-04 10:11:27,-0.03978964,33.6577,33.02657
2023-02-04 10:11:32,-0.091443163,33.65531,33.02688
2023-02-04 10:11:37,-0.052914796,33.65292,33.02719
2023-02-04 10:11:42,-0.025092358,33.65052,33.0275
2023-02-04 10:11:47,-0.029105451,33.64813,33.02781
2023-02-04 10:11:52,-0.048964368,33.64573,33.02812
2023-02-04 10:11:57,-0.000152288,33.63684,33.02686
2023-02-04 10:12:02,-0.009635278,33.63443,33.02717
2023-02-04 10:12:07,0.012814107,33.63203,33.02748
2023-02-04 10:12:12,0.003046526,33.62962,33.02779
2023-02-04 10:12:17,-0.001248048,33.62722,33.0281
2023-02-04 10:12:22,-0.005780433,33.62482,33.0284
2023-02-04 10:12:27,0.032469271,33.62242,33.02871
2023-02-04 10:12:32,0.022702275,33.62001,33.02902
2023-02-04 10:12:37,0.023357001,33.61761,33.02932
2023-02-04 10:12:42,0.008164589,33.61521,33.02963
2023-02-04 10:12:47,-0.012405511,33.61281,33.02994
2023-02-04 10:12:52,-0.032833136,33.61041,33.03024
2023-02-04 10:12:57,-0.037699507,33.60801,33.03055
2023-02-04 10:13:02,0.005355566,33.6056,33.03085
2023-02-04 10:13:07,-0.105633814,33.60321,33.03116
2023-02-04 10:13:12,-0.030885328,33.6008,33.03146
2023-02-04 10:13:17,0.044005753,33.5984,33.03176
2023-02-04 10:13:22,-0.024868427,33.58933,33.03052
2023-02-04 10:13:27,-0.104069412,33.58692,33.03082
2023-02-04 10:13:32,0.023596967,33.58451,33.03112
2023-02-04 10:13:37,-0.061219409,33.5821,33.03143
2023-02-04 10:13:42,-0.039865644,33.57969,33.03173
2023-02-04 10:13:47,0.002760367,33.57728,33.03203
2023-02-04 10:13:52,0.045529544,33.57487,33.03233
2023-02-04 10:13:57,0.029432218,33.57246,33.03263
2023-02-04 10:14:02,0.013478231,33.57006,33.03293
2023-02-04 10:14:07,-0.029172161,33.56765,33.03323
2023-02-04 10:14:12,-0.023899894,33.56524,33.03353
2023-02-04 10:14:17,-0.013534489,33.56284,33.03383
2023-02-04 10:14:22,0.055413641,33.56043,33.03413
2023-02-04 10:14:27,-0.045670605,33.55802,33.03443
2023-02-04 10:14:32,0.038794682,33.55562,33.03472
2023-02-04 10:14:37,-0.030591878,33.55321,33.03502
2023-02-04 10:14:42,0.022183543,33.54396,33.0338
2023-02-04 10:14:47,-0.009984216,33.54155,33.03409
2023-02-04 10:14:52,0.032041294,33.53913,33.03439
2023-02-04 10:14:57,-0.04304577,33.53672,33.03469
2023-02-04 10:15:02,0.020210257,33.5343,33.03498
2023-02-04 10:15:07,-0.107883751,33.53189,33.03528
2023-02-04 10:15:12,-0.023586412,33.52948,33.03558
2023-02-04 10:15:17,0.055527764,33.52706,33.03587
2023-02-04 10:15:22,0.006871174,33.52465,33.03616
2023-02-04 10:15:27,0.011470722,33.52224,33.03646
2023-02-04 10:15:32,0.005367719,33.51982,33.03675
2023-02-04 10:15:37,0.004361982,33.51741,33.03705
2023-02-04 10:15:42,0.040814034,33.515,33.03734
2023-02-04 10:15:47,0.039724602,33.51259,33.03763
2023-02-04 10:15:52,0.001665122,33.51018,33.03792
2023-02-04 10:15:57,-0.015496369,33.50776,33.03822
2023-02-04 10:16:02,0.001331574,33.49835,33.037
2023-02-04 10:16:07,0.030197996,33.49593,33.0373
2023-02-04 10:16:12,-0.01887365,33.49351,33.03759
2023-02-04 10:16:17,-0.036005311,33.49109,33.03788
2023-02-04 10:16:22,-0.055908528,33.48867,33.03817
2023-02-04 10:16:27,-0.038597141,33.48625,33.03846
2023-02-04 10:16:32,0.034572712,33.48383,33.03875
2023-02-04 10:16:37,0.022351197,33.48141,33.03904
2023-02-04 10:16:42,-0.01069812,33.47899,33.03933
2023-02-04 10:16:47,0.019718928,33.47657,33.03962
2023-02-04 10:16:52,0.034299511,33.47415,33.03991
2023-02-04 10:16:57,0.032663297,33.47174,33.0402
2023-02-04 10:17:02,0.021147457,33.46932,33.04049
2023-02-04 10:17:07,-0.01297634,33.4669,33.04077
2023-02-04 10:17:12,0.049238576,33.46449,33.04106
2023-02-04 10:17:17,0.005010272,33.46207,33.04135
2023-02-04 10:17:22,0.024706218,33.45248,33.04015
2023-02-04 10:17:27,-0.06737032,33.45006,33.04044
2023-02-04 10:17:32,0.036964622,33.44763,33.04073
2023-02-04 10:17:37,0.003449307,33.44521,33.04101
2023-02-04 10:17:42,0.028148997,33.44278,33.0413
2023-02-04 10:17:47,0.01588695,33.44036,33.04158
2023-02-04 10:17:52,0.003211422,33.43793,33.04187
2023-02-04 10:17:57,0.001353866,33.43551,33.04216
2023-02-04 10:18:02,-0.032515167,33.43309,33.04244
2023-02-04 10:18:07,0.008012568,33.43066,33.04272
2023-02-04 10:18:12,0.032519314,33.42824,33.04301
2023-02-04 10:18:17,0.014546111,33.42582,33.04329
2023-02-04 10:18:22,0.006766794,33.4234,33.04357
2023-02-04 10:18:27,-0.010831908,33.42098,33.04386
2023-02-04 10:18:32,0.034682334,33.41124,33.04267
2023-02-04 10:18:37,0.02191854,33.40881,33.04296
2023-02-04 10:18:42,0.019975627,33.40638,33.04324
2023-02-04 10:18:47,0.017623108,33.40395,33.04352
2023-02-04 10:18:52,-0.02720721,33.40152,33.0438
2023-02-04 10:18:57,0.013022373,33.39909,33.04409
2023-02-04 10:19:02,-0.031674045,33.39666,33.04437
2023-02-04 10:19:07,0.024299027,33.39423,33.04465
2023-02-04 10:19:12,-0.041772327,33.3918,33.04493
2023-02-04 10:19:17,0.009006373,33.38937,33.04521
2023-02-04 10:19:22,0.017309301,33.38694,33.04549
2023-02-04 10:19:27,0.041384826,33.38452,33.04577
2023-02-04 10:19:32,-0.072763292,33.38209,33.04605
2023-02-04 10:19:37,-0.006100995,33.37966,33.04633
2023-02-04 10:19:42,0.023225765,33.37724,33.0466
2023-02-04 10:19:47,-0.011241667,33.36735,33.04544
2023-02-04 10:19:52,0.023363947,33.36491,33.04572
2023-02-04 10:19:57,-0.005824163,33.36247,33.04599
2023-02-04 10:20:02,0.00865003,33.36004,33.04627
2023-02-04 10:20:07,0.058122344,33.3576,33.04655
2023-02-04 10:20:12,0.023529793,33.35517,33.04683
2023-02-04 10:20:17,-0.032406718,33.35274,33.0471
2023-02-04 10:20:22,0.017457213,33.3503,33.04738
2023-02-04 10:20:27,0.01002518,33.34787,33.04766
2023-02-04 10:20:32,0.039105071,33.34544,33.04793
2023-02-04 10:20:37,0.009722669,33.343,33.04821
2023-02-04 10:20:42,0.006966451,33.34057,33.04848
2023-02-04 10:20:47,-0.048921915,33.33814,33.04876
2023-02-04 10:20:52,0.027843638,33.33571,33.04904
2023-02-04 10:20:57,0.008837967,33.32567,33.04788
2023-02-04 10:21:02,0.021979426,33.32323,33.04816
2023-02-04 10:21:07,-0.034000237,33.32079,33.04843
2023-02-04 10:21:12,0.016215118,33.31835,33.0487
2023-02-04 10:21:17,0.02909883,33.31591,33.04898
2023-02-04 10:21:22,0.020830928,33.31347,33.04925
2023-02-04 10:21:27,0.00188124,33.31103,33.04953
2023-02-04 10:21:32,-0.038410213,33.30859,33.0498
2023-02-04 10:21:37,-0.025614616,33.30615,33.05007
2023-02-04 10:21:42,-0.002180957,33.30371,33.05034
2023-02-04 10:21:47,-0.026357428,33.30128,33.05062
2023-02-04 10:21:52,-0.008296928,33.29884,33.05089
2023-02-04 10:21:57,-0.000917558,33.2964,33.05116
2023-02-04 10:22:02,-0.030488324,33.28623,33.05002
2023-02-04 10:22:07,-0.017821637,33.28378,33.05029
2023-02-04 10:22:12,-0.026495909,33.28134,33.05056
2023-02-04 10:22:17,0.00230864,33.27889,33.05083
2023-02-04 10:22:22,-0.03286681,33.27645,33.0511
2023-02-04 10:22:27,0.006365217,33.27401,33.05138
2023-02-04 10:22:32,0.029777092,33.27156,33.05164
2023-02-04 10:22:37,0.020998286,33.26912,33.05192
2023-02-04 10:22:42,0.012389065,33.26667,33.05218
2023-02-04 10:22:47,0.035738792,33.26423,33.05245
2023-02-04 10:22:52,0.03222793,33.26179,33.05272
2023-02-04 10:22:57,0.028886936,33.25935,33.05299
2023-02-04 10:23:02,-0.001124231,33.25691,33.05326
2023-02-04 10:23:07,0.000633483,33.2466,33.05213
2023-02-04 10:23:12,0.013220931,33.24415,33.0524
2023-02-04 10:23:17,-0.000950434,33.2417,33.05267
2023-02-04 10:23:22,-0.009634362,33.23925,33.05294
2023-02-04 10:23:27,0.013361896,33.2368,33.0532
2023-02-04 10:23:32,-0.03809061,33.23435,33.05347
2023-02-04 10:23:37,-0.046923934,33.2319,33.05374
2023-02-04 10:23:42,-0.023988129,33.22945,33.05401
2023-02-04 10:23:47,-0.001072347,33.227,33.05427
2023-02-04 10:23:52,0.032673658,33.22456,33.05454
2023-02-04 10:23:57,0.028899934,33.22211,33.05481
2023-02-04 10:24:02,-0.027812175,33.21966,33.05507
2023-02-04 10:24:07,0.005683881,33.21722,33.05534
2023-02-04 10:24:12,0.023170349,33.20677,33.05422
2023-02-04 10:24:17,0.008847878,33.20432,33.05449
2023-02-04 10:24:22,0.004975218,33.20186,33.05475
2023-02-04 10:24:27,-0.051835481,33.19941,33.05502
2023-02-04 10:24:32,0.002881733,33.19695,33.05528
2023-02-04 10:24:37,0.025599915,33.1945,33.05555
2023-02-04 10:24:42,0.02697892,33.19205,33.05582
2023-02-04 10:24:47,0.012729506,33.18959,33.05608
2023-02-04 10:24:52,-0.017719469,33.18714,33.05634
2023-02-04 10:24:57,0.015581058,33.18469,33.05661
2023-02-04 10:25:02,0.00622295,33.18224,33.05687
2023-02-04 10:25:07,-0.008103626,33.17979,33.05714
2023-02-04 10:25:12,-0.0015102,33.17734,33.0574
2023-02-04 10:25:17,-0.0213951,33.16676,33.05629
2023-02-04 10:25:22,0.022469749,33.1643,33.05656
2023-02-04 10:25:27,-0.002782876,33.16184,33.05682
2023-02-04 10:25:32,-0.028054292,33.15938,33.05708
2023-02-04 10:25:37,-0.010895514,33.15692,33.05734
2023-02-04 10:25:42,0.001105247,33.15446,33.05761
2023-02-04 10:25:47,-0.008422619,33.15201,33.05787
2023-02-04 10:25:52,-0.001788814,33.14955,33.05813
2023-02-04 10:25:57,0.01015656,33.14709,33.05839
2023-02-04 10:26:02,0.000764008,33.14464,33.05866
2023-02-04 10:26:07,0.012482738,33.14218,33.05892
2023-02-04 10:26:12,-0.04491514,33.13973,33.05918
2023-02-04 10:26:17,0.030726691,33.12903,33.05808
2023-02-04 10:26:22,0.047721552,33.12656,33.05835
2023-02-04 10:26:27,-0.073498233,33.1241,33.05861
2023-02-04 10:26:32,0.028740164,33.12163,33.05887
2023-02-04 10:26:37,0.013893377,33.11917,33.05913
2023-02-04 10:26:42,-0.027620157,33.11671,33.05939
2023-02-04 10:26:47,-0.016041995,33.11425,33.05965
2023-02-04 10:26:52,-0.004290491,33.11178,33.05991
2023-02-04 10:26:57,-0.035195094,33.10932,33.06017
2023-02-04 10:27:02,-0.013989849,33.10686,33.06043
2023-02-04 10:27:07,0.003833604,33.1044,33.06069
2023-02-04 10:27:12,-0.019743472,33.10194,33.06094
2023-02-04 10:27:17,-0.052570507,33.09112,33.05986
2023-02-04 10:27:22,0.012000972,33.08865,33.06012
2023-02-04 10:27:27,-0.05612006,33.08618,33.06038
2023-02-04 10:27:32,0.008419978,33.08372,33.06064
2023-02-04 10:27:37,-0.059732127,33.08125,33.0609
2023-02-04 10:27:42,0.015437112,33.07878,33.06116
2023-02-04 10:27:47,-0.020765911,33.07631,33.06142
2023-02-04 10:27:52,-0.0358545,33.07385,33.06167
2023-02-04 10:27:57,0.007481045,33.07138,33.06193
2023-02-04 10:28:02,-0.018296472,33.06892,33.06219
2023-02-04 10:28:07,-0.017629045,33.06645,33.06245
2023-02-04 10:28:12,0.025663738,33.06399,33.0627
2023-02-04 10:28:17,0.020973387,33.05304,33.06163
2023-02-04 10:28:22,-0.004669479,33.05057,33.06189
2023-02-04 10:28:27,0.017262657,33.0481,33.06215
2023-02-04 10:28:32,-0.013927084,33.04562,33.0624
2023-02-04 10:28:37,-0.034660278,33.04315,33.06266
2023-02-04 10:28:42,-0.012576601,33.04068,33.06292
2023-02-04 10:28:47,-0.070263724,33.03821,33.06318
2023-02-04 10:28:52,0.026033381,33.03574,33.06343
2023-02-04 10:28:57,0.026570245,33.03327,33.06369
2023-02-04 10:29:02,0.000636098,33.0308,33.06394
2023-02-04 10:29:07,-0.014649825,33.02834,33.0642
2023-02-04 10:29:12,-0.024617092,33.01728,33.06314
2023-02-04 10:29:17,0.034503032,33.0148,33.0634
2023-02-04 10:29:22,0.01899348,33.01232,33.06365
2023-02-04 10:29:27,0.003663588,33.00984,33.06391
2023-02-04 10:29:32,-0.054125611,33.00737,33.06416
2023-02-04 10:29:37,0.015421918,33.00489,33.06442
2023-02-04 10:29:42,0.026711007,33.00242,33.06467
2023-02-04 10:29:47,0.02181049,32.99994,33.06493
2023-02-04 10:29:52,-0.014888803,32.99747,33.06518
2023-02-04 10:29:57,0.007031859,32.995,33.06544
2023-02-04 10:30:02,0.008441904,32.99252,33.06569
2023-02-04 10:30:07,0.039996059,32.98135,33.06464
2023-02-04 10:30:12,0.035050349,32.97887,33.0649
2023-02-04 10:30:17,0.014296896,32.97639,33.06515
2023-02-04 10:30:22,-0.00113468,32.97391,33.0654
2023-02-04 10:30:27,0.004555038,32.97143,33.06566
2023-02-04 10:30:32,0.010427465,32.96895,33.06591
2023-02-04 10:30:37,0.010962513,32.96647,33.06617
2023-02-04 10:30:42,0.032619588,32.96399,33.06642
2023-02-04 10:30:47,0.033140295,32.96151,33.06667
2023-02-04 10:30:52,-0.072753864,32.95904,33.06693
2023-02-04 10:30:57,0.055100207,32.95656,33.06718
2023-02-04 10:31:02,0.0238118,32.94527,33.06614
2023-02-04 10:31:07,0.013646305,32.94279,33.0664
2023-02-04 10:31:12,-0.065623795,32.9403,33.06665
2023-02-04 10:31:17,0.025086379,32.93782,33.0669
2023-02-04 10:31:22,0.030702603,32.93533,33.06716
2023-02-04 10:31:27,-0.006135855,32.93285,33.06741
2023-02-04 10:31:32,0.031639171,32.93037,33.06766
2023-02-04 10:31:37,0.000848439,32.92789,33.06791
2023-02-04 10:31:42,-0.036924496,32.9254,33.06817
2023-02-04 10:31:47,-0.031144286,32.92292,33.06842
2023-02-04 10:31:52,-0.030698789,32.92044,33.06867
2023-02-04 10:31:57,0.022850834,32.90904,33.06764
2023-02-04 10:32:02,0.033756612,32.90655,33.0679
2023-02-04 10:32:07,0.012868772,32.90407,33.06815
2023-02-04 10:32:12,0.002636431,32.90158,33.0684
2023-02-04 10:32:17,0.029519004,32.89909,33.06865
2023-02-04 10:32:22,0.013948596,32.8966,33.0689
2023-02-04 10:32:27,-0.028465892,32.89411,33.06916
2023-02-04 10:32:32,0.014394533,32.89163,33.06941
2023-02-04 10:32:37,0.009662558,32.88914,33.06966
2023-02-04 10:32:42,-0.011443535,32.88666,33.06991
2023-02-04 10:32:47,0.020936227,32.87516,33.06889
2023-02-04 10:32:52,-0.042626089,32.87266,33.06914
2023-02-04 10:32:57,0.037335079,32.87017,33.0694
2023-02-04 10:33:02,-0.095142417,32.86768,33.06965
2023-02-04 10:33:07,0.011461471,32.86518,33.0699
2023-02-04 10:33:12,-0.020135218,32.86269,33.07015
2023-02-04 10:33:17,0.00156405,32.8602,33.0704
2023-02-04 10:33:22,0.044389302,32.85771,33.07065
2023-02-04 10:33:27,0.023252156,32.85522,33.0709
2023-02-04 10:33:32,-0.008167275,32.85273,33.07115
2023-02-04 10:33:37,-0.034640886,32.85024,33.0714
2023-02-04 10:33:42,0.008171224,32.83863,33.0704
2023-02-04 10:33:47,-0.002128856,32.83614,33.07065
2023-02-04 10:33:52,0.040867061,32.83364,33.0709
2023-02-04 10:33:57,0.009050352,32.83114,33.07115
2023-02-04 10:34:02,-0.00658961,32.82865,33.0714
2023-02-04 10:34:07,-0.006243162,32.82615,33.07165
2023-02-04 10:34:12,0.025698655,32.82366,33.0719
2023-02-04 10:34:17,0.008900092,32.82116,33.07215
2023-02-04 10:34:22,-0.032255006,32.81867,33.0724
2023-02-04 10:34:27,0.058495699,32.81618,33.07265
2023-02-04 10:34:32,0.01085514,32.80447,33.07166
2023-02-04 10:34:37,0.032309442,32.80196,33.07191
2023-02-04 10:34:42,0.006171324,32.79946,33.07216
2023-02-04 10:34:47,-0.025490899,32.79696,33.07241
2023-02-04 10:34:52,-0.030697921,32.79446,33.07266
2023-02-04 10:34:57,0.049369659,32.79196,33.07291
2023-02-04 10:35:02,0.006974438,32.78946,33.07316
2023-02-04 10:35:07,0.023135305,32.78697,33.07341
2023-02-04 10:35:12,-0.003075155,32.78447,33.07366
2023-02-04 10:35:17,0.002403636,32.78197,33.07391
2023-02-04 10:35:22,0.007830154,32.77016,33.07292
2023-02-04 10:35:27,-0.018537234,32.76766,33.07317
2023-02-04 10:35:32,0.003064736,32.76515,33.07342
2023-02-04 10:35:37,-0.023317776,32.76265,33.07367
2023-02-04 10:35:42,0.045857384,32.76014,33.07392
2023-02-04 10:35:47,-0.001659935,32.75764,33.07417
2023-02-04 10:35:52,-0.038903687,32.75514,33.07442
2023-02-04 10:35:57,0.03044527,32.75264,33.07467
2023-02-04 10:36:02,0.009370073,32.75013,33.07492
2023-02-04 10:36:07,0.046727557,32.73823,33.07395
2023-02-04 10:36:12,-0.01680875,32.73572,33.0742
2023-02-04 10:36:17,-0.006113419,32.73321,33.07445
2023-02-04 10:36:22,0.009905372,32.73071,33.0747
2023-02-04 10:36:27,0.026107744,32.7282,33.07495
2023-02-04 10:36:32,0.031643414,32.72569,33.0752
2023-02-04 10:36:37,0.005192499,32.72318,33.07545
2023-02-04 10:36:42,-0.026595591,32.72068,33.0757
2023-02-04 10:36:47,0.021367255,32.71817,33.07595
2023-02-04 10:36:52,0.005363346,32.71567,33.0762
2023-02-04 10:36:57,0.016191687,32.70367,33.07523
2023-02-04 10:37:02,-0.005158018,32.70115,33.07548
2023-02-04 10:37:07,-0.031465064,32.69864,33.07573
2023-02-04 10:37:12,-0.036841652,32.69613,33.07598
2023-02-04 10:37:17,-0.02604678,32.69362,33.07623
2023-02-04 10:37:22,-0.03144085,32.6911,33.07648
2023-02-04 10:37:27,-0.031323663,32.6886,33.07673
2023-02-04 10:37:32,0.005903379,32.68608,33.07698
2023-02-04 10:37:37,-0.036637528,32.68358,33.07723
2023-02-04 10:37:42,0.022080414,32.67149,33.07627
2023-02-04 10:37:47,-0.020670299,32.66897,33.07652
2023-02-04 10:37:52,-0.041921072,32.66645,33.07677
2023-02-04 10:37:57,-0.036532506,32.66394,33.07702
2023-02-04 10:38:02,-0.015355006,32.66142,33.07727
2023-02-04 10:38:07,0.027131425,32.6589,33.07752
2023-02-04 10:38:12,-0.047270416,32.65639,33.07777
2023-02-04 10:38:17,0.000524069,32.65388,33.07802
2023-02-04 10:38:22,-0.015461321,32.65136,33.07827
2023-02-04 10:38:27,0.032120013,32.64885,33.07852
2023-02-04 10:38:32,-0.01034783,32.63666,33.07757
2023-02-04 10:38:37,9.0852e-05,32.63414,33.07782
2023-02-04 10:38:42,0.01603786,32.63162,33.07808
2023-02-04 10:38:47,-0.010666802,32.6291,33.07832
2023-02-04 10:38:52,-0.005594832,32.62658,33.07858
2023-02-04 10:38:57,0.020784277,32.62406,33.07883
2023-02-04 10:39:02,0.004701431,32.62155,33.07908
2023-02-04 10:39:07,-0.005052762,32.61903,33.07933
2023-02-04 10:39:12,0.020275406,32.61651,33.07958
2023-02-04 10:39:17,0.014812646,32.60424,33.07864
2023-02-04 10:39:22,-0.03349333,32.60171,33.07889
2023-02-04 10:39:27,-0.007004009,32.59919,33.07914
2023-02-04 10:39:32,-0.055147375,32.59666,33.07939
2023-02-04 10:39:37,0.029752587,32.59414,33.07964
2023-02-04 10:39:42,0.002900295,32.59162,33.07989
2023-02-04 10:39:47,0.023812369,32.5891,33.08014
2023-02-04 10:39:52,0.012730229,32.58658,33.0804
2023-02-04 10:39:57,-0.019305802,32.57422,33.07947
2023-02-04 10:40:02,0.033541101,32.57169,33.07972
2023-02-04 10:40:07,-0.030695039,32.56916,33.07997
2023-02-04 10:40:12,-0.036317593,32.56663,33.08022
2023-02-04 10:40:17,0.021622666,32.56411,33.08047
2023-02-04 10:40:22,0.032148969,32.56158,33.08072
2023-02-04 10:40:27,0.020958947,32.55905,33.08097
2023-02-04 10:40:32,-0.000716667,32.55653,33.08123
2023-02-04 10:40:37,-0.03306834,32.554,33.08148
2023-02-04 10:40:42,-0.001667835,32.54156,33.08056
2023-02-04 10:40:47,0.013726383,32.53903,33.08081
2023-02-04 10:40:52,-0.024005047,32.53649,33.08106
2023-02-04 10:40:57,0.007345213,32.53396,33.08131
2023-02-04 10:41:02,-0.008910095,32.53143,33.08156
2023-02-04 10:41:07,0.001086269,32.5289,33.08182
2023-02-04 10:41:12,0.021915347,32.52637,33.08207
2023-02-04 10:41:17,-0.058541418,32.52384,33.08232
2023-02-04 10:41:22,0.015170919,32.52132,33.08257
2023-02-04 10:41:27,-0.038481498,32.50878,33.08166
2023-02-04 10:41:32,0.035385277,32.50625,33.08192
2023-02-04 10:41:37,0.029285188,32.50371,33.08217
2023-02-04 10:41:42,-0.008622316,32.50118,33.08242
2023-02-04 10:41:47,0.00675081,32.49864,33.08268
2023-02-04 10:41:52,0.000785714,32.49611,33.08293
2023-02-04 10:41:57,0.021070643,32.49358,33.08318
2023-02-04 10:42:02,-0.006351156,32.49104,33.08343
2023-02-04 10:42:07,0.025035665,32.47843,33.08253
2023-02-04 10:42:12,0.008334753,32.47589,33.08279
2023-02-04 10:42:17,-0.045695044,32.47335,33.08304
2023-02-04 10:42:22,-0.003996281,32.47081,33.08329
2023-02-04 10:42:27,0.02702309,32.46828,33.08355
2023-02-04 10:42:32,-0.053525087,32.46574,33.0838
2023-02-04 10:42:37,0.009243534,32.4632,33.08405
2023-02-04 10:42:42,-0.034035303,32.46067,33.08431
2023-02-04 10:42:47,-0.013756155,32.45813,33.08456
2023-02-04 10:42:52,-0.014626781,32.44543,33.08367
2023-02-04 10:42:57,-0.042167638,32.44289,33.08392
2023-02-04 10:43:02,0.010029111,32.44034,33.08418
2023-02-04 10:43:07,-0.049532995,32.4378,33.08443
2023-02-04 10:43:12,0.00776128,32.43526,33.08469
2023-02-04 10:43:17,-0.05698283,32.43272,33.08494
2023-02-04 10:43:22,-0.010200792,32.43018,33.0852
2023-02-04 10:43:27,-0.000749775,32.42764,33.08545
2023-02-04 10:43:32,0.014199648,32.41486,33.08457
2023-02-04 10:43:37,0.002477502,32.41232,33.08483
2023-02-04 10:43:42,0.017192512,32.40977,33.08508
2023-02-04 10:43:47,-0.042353002,32.40722,33.08534
2023-02-04 10:43:52,-0.001223623,32.40468,33.08559
2023-02-04 10:43:57,0.034933964,32.40214,33.08585
2023-02-04 10:44:02,0.00691917,32.39959,33.0861
2023-02-04 10:44:07,0.005721205,32.39705,33.08636
2023-02-04 10:44:12,-0.022149527,32.38419,33.08549
2023-02-04 10:44:17,0.029714775,32.38164,33.08574
2023-02-04 10:44:22,0.054905711,32.37909,33.086
2023-02-04 10:44:27,0.016304173,32.37654,33.08626
2023-02-04 10:44:32,-0.016991647,32.374,33.08651
2023-02-04 10:44:37,0.029446736,32.37145,33.08677
2023-02-04 10:44:42,0.070530706,32.3689,33.08703
2023-02-04 10:44:47,0.00518194,32.36635,33.08728
2023-02-04 10:44:52,-0.001562787,32.35342,33.08642
2023-02-04 10:44:57,-0.040312105,32.35086,33.08668
2023-02-04 10:45:02,0.006001452,32.34831,33.08694
2023-02-04 10:45:07,-0.006149456,32.34576,33.0872
2023-02-04 10:45:12,0.056102328,32.34321,33.08745
2023-02-04 10:45:17,0.022579656,32.34066,33.08771
2023-02-04 10:45:22,0.010350277,32.3381,33.08797
2023-02-04 10:45:27,0.013893733,32.33556,33.08823
2023-02-04 10:45:32,0.006940664,32.32254,33.08737
2023-02-04 10:45:37,0.015950302,32.31999,33.08763
2023-02-04 10:45:42,-0.001907622,32.31743,33.08789
2023-02-04 10:45:47,0.012376717,32.31487,33.08815
2023-02-04 10:45:52,0.026442639,32.31232,33.08841
2023-02-04 10:45:57,-0.039087839,32.30976,33.08867
2023-02-04 10:46:02,-0.057058307,32.30721,33.08893
2023-02-04 10:46:07,-0.032227958,32.30466,33.08919
2023-02-04 10:46:12,-0.012947088,32.29157,33.08834
2023-02-04 10:46:17,0.054083201,32.28901,33.08861
2023-02-04 10:46:22,0.036185702,32.28644,33.08887
2023-02-04 10:46:27,0.012928207,32.28389,33.08913
2023-02-04 10:46:32,0.021429501,32.28133,33.08939
2023-02-04 10:46:37,0.046080065,32.27877,33.08965
2023-02-04 10:46:42,0.001410678,32.27621,33.08991
2023-02-04 10:46:47,0.004488915,32.26306,33.08907
2023-02-04 10:46:52,-0.013593854,32.26049,33.08934
2023-02-04 10:46:57,0.016070138,32.25793,33.0896
2023-02-04 10:47:02,0.019052154,32.25536,33.08986
2023-02-04 10:47:07,-0.014927143,32.2528,33.09012
2023-02-04 10:47:12,-0.006490598,32.25024,33.09038
2023-02-04 10:47:17,-0.019407154,32.24768,33.09065
2023-02-04 10:47:22,-0.000568261,32.24512,33.09091
2023-02-04 10:47:27,0.00224683,32.23188,33.09008
2023-02-04 10:47:32,0.021017168,32.22932,33.09035
2023-02-04 10:47:37,-0.002506004,32.22675,33.09061
2023-02-04 10:47:42,-0.037104743,32.22418,33.09087
2023-02-04 10:47:47,0.008209592,32.22162,33.09114
2023-02-04 10:47:52,0.027028941,32.21905,33.0914
2023-02-04 10:47:57,-0.04993616,32.21649,33.09166
2023-02-04 10:48:02,0.004941427,32.20318,33.09085
2023-02-04 10:48:07,0.040247838,32.20061,33.09111
2023-02-04 10:48:12,0.053399707,32.19804,33.09138
2023-02-04 10:48:17,0.034724669,32.19547,33.09164
2023-02-04 10:48:22,0.047800757,32.1929,33.09191
2023-02-04 10:48:27,-0.013399793,32.19033,33.09217
2023-02-04 10:48:32,-0.027050548,32.18776,33.09244
2023-02-04 10:48:37,-0.008570573,32.1852,33.0927
2023-02-04 10:48:42,0.004349567,32.17182,33.0919
2023-02-04 10:48:47,0.02788961,32.16925,33.09217
2023-02-04 10:48:52,0.019600192,32.16667,33.09243
2023-02-04 10:48:57,-0.004719448,32.1641,33.0927
2023-02-04 10:49:02,-0.018420367,32.16153,33.09297
2023-02-04 10:49:07,0.031606075,32.15895,33.09323
2023-02-04 10:49:12,0.049611325,32.15638,33.0935
2023-02-04 10:49:17,0.025125529,32.14294,33.0927
2023-02-04 10:49:22,-0.020722362,32.14036,33.09297
2023-02-04 10:49:27,-0.007983794,32.13778,33.09324
2023-02-04 10:49:32,0.025650589,32.13521,33.09351
2023-02-04 10:49:37,-0.062585154,32.13263,33.09378
2023-02-04 10:49:42,-0.002388357,32.13006,33.09405
2023-02-04 10:49:47,-0.043123454,32.12748,33.09432
2023-02-04 10:49:52,0.001185428,32.11397,33.09353
2023-02-04 10:49:57,-0.076757835,32.11139,33.0938
2023-02-04 10:50:02,-0.048528561,32.10881,33.09407
2023-02-04 10:50:07,-0.046803763,32.10623,33.09434
2023-02-04 10:50:12,0.023783449,32.10365,33.09461
2023-02-04 10:50:17,-0.011893028,32.10107,33.09488
2023-02-04 10:50:22,0.00568351,32.09849,33.09515
2023-02-04 10:50:27,0.02302307,32.08491,33.09437
2023-02-04 10:50:32,0.024325966,32.08233,33.09464
2023-02-04 10:50:37,-0.03799648,32.07974,33.09492
2023-02-04 10:50:42,0.016511057,32.07716,33.09519
2023-02-04 10:50:47,-0.024967589,32.07458,33.09546
2023-02-04 10:50:52,-0.007674778,32.07199,33.09573
2023-02-04 10:50:57,0.004049637,32.06941,33.09601
2023-02-04 10:51:02,0.002367009,32.05577,33.09524
2023-02-04 10:51:07,-0.009766201,32.05318,33.09551
2023-02-04 10:51:12,-0.013987224,32.05059,33.09578
2023-02-04 10:51:17,0.034851414,32.048,33.09606
2023-02-04 10:51:22,0.035861796,32.04542,33.09633
2023-02-04 10:51:27,-0.032466286,32.04283,33.09661
2023-02-04 10:51:32,0.042873164,32.04025,33.09688
2023-02-04 10:51:37,-0.046683946,32.02654,33.09612
2023-02-04 10:51:42,-0.046063305,32.02394,33.0964
2023-02-04 10:51:47,0.018465911,32.02135,33.09668
2023-02-04 10:51:52,-0.013135071,32.01876,33.09695
2023-02-04 10:51:57,0.014124889,32.01617,33.09723
2023-02-04 10:52:02,-0.022575866,32.01358,33.09751
2023-02-04 10:52:07,-0.027348081,32.011,33.09778
2023-02-04 10:52:12,0.031597205,31.99722,33.09703
2023-02-04 10:52:17,-0.069025538,31.99463,33.09731
2023-02-04 10:52:22,0.026936266,31.99203,33.09759
2023-02-04 10:52:27,-0.010397296,31.98944,33.09787
2023-02-04 10:52:32,-0.00991003,31.98684,33.09815
2023-02-04 10:52:37,0.027648764,31.98425,33.09842
2023-02-04 10:52:42,0.027655897,31.98166,33.0987
2023-02-04 10:52:47,-0.067946614,31.96782,33.09796
2023-02-04 10:52:52,-0.009604444,31.96522,33.09824
2023-02-04 10:52:57,-0.00956266,31.96262,33.09852
2023-02-04 10:53:02,0.000896579,31.96003,33.0988
2023-02-04 10:53:07,-0.00963528,31.95743,33.09908
2023-02-04 10:53:12,-0.00461018,31.95484,33.09937
2023-02-04 10:53:17,0.011022542,31.94094,33.09863
2023-02-04 10:53:22,-0.010706345,31.93834,33.09892
2023-02-04 10:53:27,-0.005647663,31.93574,33.0992
2023-02-04 10:53:32,-0.037950429,31.93314,33.09948
2023-02-04 10:53:37,-0.00120695,31.93054,33.09976
2023-02-04 10:53:42,-0.001634829,31.92794,33.10005
2023-02-04 10:53:47,-0.050084263,31.92534,33.10033
2023-02-04 10:53:52,0.028951359,31.91138,33.09961
2023-02-04 10:53:57,-0.083180746,31.90877,33.09989
2023-02-04 10:54:02,-0.014909356,31.90617,33.10018
2023-02-04 10:54:07,0.010860858,31.90356,33.10046
2023-02-04 10:54:12,-0.000540072,31.90096,33.10075
2023-02-04 10:54:17,-0.065292306,31.89836,33.10104
2023-02-04 10:54:22,0.04008,31.88434,33.10032
2023-02-04 10:54:27,-0.029915906,31.88173,33.10061
2023-02-04 10:54:32,0.000924032,31.87912,33.1009
2023-02-04 10:54:37,0.047701769,31.87651,33.10118
2023-02-04 10:54:42,-0.11838833,31.87391,33.10147
2023-02-04 10:54:47,0.018704099,31.8713,33.10176
2023-02-04 10:54:52,-0.051741373,31.8687,33.10205
2023-02-04 10:54:57,0.037468727,31.85462,33.10134
2023-02-04 10:55:02,0.052008575,31.852,33.10163
2023-02-04 10:55:07,0.018717852,31.84939,33.10192
2023-02-04 10:55:12,0.011835139,31.84678,33.10221
2023-02-04 10:55:17,0.026411021,31.84417,33.1025
2023-02-04 10:55:22,0.046075386,31.84156,33.10279
2023-02-04 10:55:27,0.060548923,31.82742,33.1021
2023-02-04 10:55:32,-0.010497578,31.82481,33.10239
2023-02-04 10:55:37,0.025193676,31.82219,33.10268
2023-02-04 10:55:42,-0.013784721,31.81958,33.10297
2023-02-04 10:55:47,0.005624826,31.81697,33.10327
2023-02-04 10:55:52,0.083422514,31.81436,33.10356
2023-02-04 10:55:57,0.049622039,31.80016,33.10287
2023-02-04 10:56:02,0.074209798,31.79754,33.10317
2023-02-04 10:56:07,0.040498889,31.79492,33.10346
2023-02-04 10:56:12,0.027866911,31.79231,33.10376
2023-02-04 10:56:17,-0.05943404,31.78969,33.10405
2023-02-04 10:56:22,-0.024387265,31.78708,33.10435
2023-02-04 10:56:27,0.015939433,31.77282,33.10367
2023-02-04 10:56:32,0.04555635,31.7702,33.10397
2023-02-04 10:56:37,-0.084202917,31.76758,33.10426
2023-02-04 10:56:42,-0.012236373,31.76496,33.10456
2023-02-04 10:56:47,-0.025407823,31.76234,33.10486
2023-02-04 10:56:52,0.041319926,31.75972,33.10516
2023-02-04 10:56:57,-0.035528735,31.74542,33.10449
2023-02-04 10:57:02,0.000352485,31.74279,33.10479
2023-02-04 10:57:07,0.012401576,31.74016,33.10509
2023-02-04 10:57:12,0.046952824,31.73754,33.10539
2023-02-04 10:57:17,0.001696516,31.73492,33.10569
2023-02-04 10:57:22,0.052139536,31.73229,33.10599
2023-02-04 10:57:27,0.059894164,31.72967,33.10629
2023-02-04 10:57:32,0.030480981,31.7153,33.10563
2023-02-04 10:57:37,-0.052089635,31.71268,33.10593
2023-02-04 10:57:42,0.03527719,31.71005,33.10624
2023-02-04 10:57:47,0.016377831,31.70742,33.10654
2023-02-04 10:57:52,-0.039879343,31.7048,33.10684
2023-02-04 10:57:57,-0.069535464,31.69038,33.10619
2023-02-04 10:58:02,-0.024811466,31.68775,33.1065
2023-02-04 10:58:07,0.067643114,31.68512,33.1068
2023-02-04 10:58:12,0.053641435,31.68248,33.10711
2023-02-04 10:58:17,0.007802455,31.67986,33.10741
2023-02-04 10:58:22,0.025874227,31.67723,33.10772
2023-02-04 10:58:27,0.006588604,31.66276,33.10708
2023-02-04 10:58:32,0.029703832,31.66012,33.10739
2023-02-04 10:58:37,0.004992257,31.65748,33.1077
2023-02-04 10:58:42,-0.051746879,31.65485,33.108
2023-02-04 10:58:47,-0.055234738,31.65222,33.10831
2023-02-04 10:58:52,-0.032311285,31.64959,33.10862
2023-02-04 10:58:57,0.011693712,31.63506,33.10799
2023-02-04 10:59:02,-0.039907019,31.63242,33.1083
2023-02-04 10:59:07,-0.016936653,31.62978,33.10861
2023-02-04 10:59:12,0.03758463,31.62715,33.10892
2023-02-04 10:59:17,0.001830348,31.62451,33.10923
2023-02-04 10:59:22,-0.018769387,31.62188,33.10954
2023-02-04 10:59:27,-0.016522264,31.6073,33.10892
2023-02-04 10:59:32,0.00049872,31.60465,33.10924
2023-02-04 10:59:37,-0.014126932,31.60201,33.10955
2023-02-04 10:59:42,-0.039460024,31.59937,33.10986
2023-02-04 10:59:47,-0.038381763,31.59673,33.11018
2023-02-04 10:59:52,-0.047820662,31.5941,33.11049
2023-02-04 10:59:57,-0.051977437,31.57946,33.10988
2023-02-04 11:00:02,-0.045712509,31.57682,33.1102
2023-02-04 11:00:07,0.040262995,31.57417,33.11051
2023-02-04 11:00:12,0.041292644,31.57153,33.11083
2023-02-04 11:00:17,-0.016354699,31.56889,33.11115
2023-02-04 11:00:22,-0.004951374,31.55421,33.11054
2023-02-04 11:00:27,0.01173387,31.55156,33.11086
2023-02-04 11:00:32,-0.008980619,31.54891,33.11118
2023-02-04 11:00:37,-0.018617998,31.54626,33.1115
2023-02-04 11:00:42,0.045892166,31.54362,33.11182
2023-02-04 11:00:47,-0.001383695,31.54098,33.11214
2023-02-04 11:00:52,-0.006258958,31.52624,33.11155
2023-02-04 11:00:57,-0.048301607,31.52359,33.11187
2023-02-04 11:01:02,-0.053083331,31.52094,33.11219
2023-02-04 11:01:07,-0.036784325,31.51829,33.11252
2023-02-04 11:01:12,-0.015203994,31.51564,33.11284
2023-02-04 11:01:17,0.022507452,31.51299,33.11316
2023-02-04 11:01:22,-0.014639003,31.4982,33.11258
2023-02-04 11:01:27,-0.040984285,31.49555,33.1129
2023-02-04 11:01:32,-0.019599927,31.4929,33.11323
2023-02-04 11:01:37,0.001735132,31.49024,33.11355
2023-02-04 11:01:42,0.033680643,31.48759,33.11388
2023-02-04 11:01:47,0.007137749,31.47276,33.1133
2023-02-04 11:01:52,0.012334286,31.4701,33.11363
2023-02-04 11:01:57,-0.051427319,31.46744,33.11396
2023-02-04 11:02:02,0.002476651,31.46479,33.11429
2023-02-04 11:02:07,-0.009305295,31.46213,33.11462
2023-02-04 11:02:12,0.032999744,31.45948,33.11495
2023-02-04 11:02:17,-0.020494142,31.44459,33.11438
2023-02-04 11:02:22,0.04283863,31.44193,33.11471
2023-02-04 11:02:27,0.042541831,31.43927,33.11505
2023-02-04 11:02:32,0.031533823,31.43661,33.11538
2023-02-04 11:02:37,-0.09126384,31.43396,33.11571
2023-02-04 11:02:42,0.062090583,31.41902,33.11515
2023-02-04 11:02:47,0.056447026,31.41636,33.11549
2023-02-04 11:02:52,0.013061011,31.4137,33.11582
2023-02-04 11:02:57,0.01778175,31.41104,33.11616
2023-02-04 11:03:02,-0.014859955,31.40837,33.11649
2023-02-04 11:03:07,0.016023288,31.3934,33.11595
2023-02-04 11:03:12,-0.085633642,31.39073,33.11628
2023-02-04 11:03:17,0.056879826,31.38806,33.11662
2023-02-04 11:03:22,-0.034415848,31.3854,33.11696
2023-02-04 11:03:27,-0.014218816,31.38273,33.1173
2023-02-04 11:03:32,0.032572759,31.38007,33.11764
2023-02-04 11:03:37,0.063128806,31.36504,33.1171
2023-02-04 11:03:42,0.024911239,31.36237,33.11744
2023-02-04 11:03:47,-0.024212836,31.3597,33.11778
2023-02-04 11:03:52,-0.062924024,31.35703,33.11812
2023-02-04 11:03:57,-0.011083542,31.35436,33.11847
2023-02-04 11:04:02,-0.017739318,31.33929,33.11794
2023-02-04 11:04:07,-0.01931349,31.33662,33.11828
2023-02-04 11:04:12,0.011223993,31.33394,33.11863
2023-02-04 11:04:17,0.020192571,31.33127,33.11897
2023-02-04 11:04:22,-0.018677025,31.3286,33.11932
2023-02-04 11:04:27,-0.004497578,31.31348,33.1188
2023-02-04 11:04:32,-0.011698079,31.3108,33.11914
2023-02-04 11:04:37,0.002360371,31.30813,33.11949
2023-02-04 11:04:42,0.027207759,31.30545,33.11984
2023-02-04 11:04:47,0.030483364,31.30278,33.12019
2023-02-04 11:04:52,0.001717152,31.28762,33.11968
2023-02-04 11:04:57,0.031707483,31.28494,33.12003
2023-02-04 11:05:02,0.001925804,31.28226,33.12038
2023-02-04 11:05:07,-0.009771045,31.27958,33.12073
2023-02-04 11:05:12,-0.054781835,31.2769,33.12108
2023-02-04 11:05:17,-0.030568744,31.26169,33.12058
2023-02-04 11:05:22,0.03088794,31.25901,33.12094
2023-02-04 11:05:27,0.028319421,31.25633,33.12129
2023-02-04 11:05:32,0.020544394,31.25364,33.12164
2023-02-04 11:05:37,0.076470448,31.25096,33.122
2023-02-04 11:05:42,0.015070262,31.23571,33.12151
2023-02-04 11:05:47,0.044209911,31.23302,33.12186
2023-02-04 11:05:52,0.01503176,31.23034,33.12222
2023-02-04 11:05:57,0.05450137,31.22765,33.12258
2023-02-04 11:06:02,-0.001467105,31.22497,33.12294
2023-02-04 11:06:07,0.037860483,31.20968,33.12246
2023-02-04 11:06:12,-0.002451923,31.20698,33.12282
2023-02-04 11:06:17,-0.032177085,31.2043,33.12318
2023-02-04 11:06:22,0.028442533,31.20161,33.12354
2023-02-04 11:06:27,-0.03340944,31.19892,33.1239
2023-02-04 11:06:32,0.042860924,31.18358,33.12343
2023-02-04 11:06:37,-0.008290851,31.18089,33.12379
2023-02-04 11:06:42,0.035848657,31.1782,33.12416
2023-02-04 11:06:47,-0.03144563,31.1755,33.12452
2023-02-04 11:06:52,-0.040568995,31.17282,33.12489
2023-02-04 11:06:57,0.061967483,31.15743,33.12442
2023-02-04 11:07:02,-0.005560977,31.15474,33.12479
2023-02-04 11:07:07,0.032858445,31.15204,33.12516
2023-02-04 11:07:12,0.007619369,31.14935,33.12553
2023-02-04 11:07:17,-0.00723088,31.14665,33.1259
2023-02-04 11:07:22,0.084245223,31.13123,33.12544
2023-02-04 11:07:27,0.042772108,31.12853,33.12581
2023-02-04 11:07:32,0.043855608,31.12583,33.12618
2023-02-04 11:07:37,0.012876061,31.12313,33.12656
2023-02-04 11:07:42,-0.082146588,31.12044,33.12693
2023-02-04 11:07:47,-0.01221679,31.10496,33.12649
2023-02-04 11:07:52,-0.006331588,31.10226,33.12686
2023-02-04 11:07:57,0.073896183,31.09956,33.12724
2023-02-04 11:08:02,-0.010619105,31.09686,33.12761
2023-02-04 11:08:07,0.058774933,31.09416,33.12799
2023-02-04 11:08:12,-0.004595813,31.07865,33.12755
2023-02-04 11:08:17,0.018351362,31.07594,33.12793
2023-02-04 11:08:22,0.006213072,31.07324,33.12831
2023-02-04 11:08:27,0.016813145,31.07054,33.12869
2023-02-04 11:08:32,0.032843422,31.05499,33.12826
2023-02-04 11:08:37,0.013100857,31.05228,33.12864
2023-02-04 11:08:42,0.06406022,31.04957,33.12903
2023-02-04 11:08:47,0.005388196,31.04686,33.12941
2023-02-04 11:08:52,0.010202088,31.04416,33.12979
2023-02-04 11:08:57,-0.000876086,31.02857,33.12938
2023-02-04 11:09:02,-0.001577988,31.02585,33.12976
2023-02-04 11:09:07,-0.018172961,31.02314,33.13015
2023-02-04 11:09:12,-0.02972243,31.02043,33.13054
2023-02-04 11:09:17,0.022592502,31.01772,33.13092
2023-02-04 11:09:22,0.021513355,31.00209,33.13052
2023-02-04 11:09:27,-0.038099532,30.99938,33.1309
2023-02-04 11:09:32,-0.028709595,30.99666,33.1313
2023-02-04 11:09:37,0.039213454,30.99395,33.13168
2023-02-04 11:09:42,-0.042006873,30.97828,33.13129
2023-02-04 11:09:47,0.03105356,30.97556,33.13168
2023-02-04 11:09:52,0.018738719,30.97284,33.13207
2023-02-04 11:09:57,-0.030792207,30.97013,33.13247
2023-02-04 11:10:02,-0.0166515,30.96741,33.13286
2023-02-04 11:10:07,0.029371587,30.9517,33.13247
2023-02-04 11:10:12,0.006008329,30.94898,33.13287
2023-02-04 11:10:17,0.014717431,30.94626,33.13327
2023-02-04 11:10:22,-0.019500471,30.94354,33.13366
2023-02-04 11:10:27,0.036982888,30.92779,33.13329
2023-02-04 11:10:32,0.045018708,30.92507,33.13369
2023-02-04 11:10:37,3.8619e-05,30.92234,33.13409
2023-02-04 11:10:42,-0.039518617,30.91962,33.13449
2023-02-04 11:10:47,0.021524096,30.9169,33.13489
2023-02-04 11:10:52,0.01870099,30.90111,33.13452
2023-02-04 11:10:57,-0.074447072,30.89838,33.13492
2023-02-04 11:11:02,-0.05081449,30.89566,33.13533
2023-02-04 11:11:07,0.01517037,30.89293,33.13573
2023-02-04 11:11:12,-0.009169021,30.8771,33.13537
2023-02-04 11:11:17,0.008844644,30.87437,33.13578
2023-02-04 11:11:22,0.021432606,30.87164,33.13619
2023-02-04 11:11:27,-0.051162954,30.86892,33.1366
2023-02-04 11:11:32,0.014533879,30.86619,33.13701
2023-02-04 11:11:37,-0.02627154,30.85032,33.13666
2023-02-04 11:11:42,0.023056879,30.84759,33.13707
2023-02-04 11:11:47,-0.065714935,30.84485,33.13748
2023-02-04 11:11:52,-0.000583115,30.84212,33.1379
2023-02-04 11:11:57,-0.041570758,30.82622,33.13756
2023-02-04 11:12:02,-0.056381221,30.82348,33.13797
2023-02-04 11:12:07,-0.108592025,30.82075,33.13839
2023-02-04 11:12:12,-0.011655353,30.81801,33.1388
2023-02-04 11:12:17,-0.063855348,30.80208,33.13847
2023-02-04 11:12:22,0.016722981,30.79934,33.13889
2023-02-04 11:12:27,-0.035653634,30.7966,33.13931
2023-02-04 11:12:32,0.023430273,30.79386,33.13973
2023-02-04 11:12:37,-0.002469793,30.79112,33.14015
2023-02-04 11:12:42,-0.04977469,30.77514,33.13983
2023-02-04 11:12:47,-0.032844143,30.7724,33.14025
2023-02-04 11:12:52,-0.032883937,30.76966,33.14068
2023-02-04 11:12:57,-0.069982824,30.76692,33.1411
2023-02-04 11:13:02,-0.06450942,30.75091,33.14079
2023-02-04 11:13:07,0.025972591,30.74816,33.14122
2023-02-04 11:13:12,-0.037811138,30.74542,33.14164
2023-02-04 11:13:17,-0.032573722,30.74267,33.14207
2023-02-04 11:13:22,-0.037882244,30.72662,33.14177
2023-02-04 11:13:27,-0.069915456,30.72388,33.1422
2023-02-04 11:13:32,-0.006464577,30.72113,33.14263
2023-02-04 11:13:37,-0.022654298,30.71838,33.14306
2023-02-04 11:13:42,-0.060234878,30.7023,33.14277
2023-02-04 11:13:47,-0.060766151,30.69954,33.1432
2023-02-04 11:13:52,0.02886208,30.69679,33.14364
2023-02-04 11:13:57,-0.040712764,30.69404,33.14408
2023-02-04 11:14:02,0.032983463,30.69129,33.14451
2023-02-04 11:14:07,-0.029553166,30.67517,33.14423
2023-02-04 11:14:12,-0.080028757,30.67242,33.14467
2023-02-04 11:14:17,-0.075808993,30.66966,33.14511
2023-02-04 11:14:22,0.008490263,30.66691,33.14555
2023-02-04 11:14:27,-0.056315631,30.65075,33.14528
2023-02-04 11:14:32,-0.01477,30.648,33.14572
2023-02-04 11:14:37,-0.04789795,30.64524,33.14616
2023-02-04 11:14:42,-0.011790174,30.64248,33.14661
2023-02-04 11:14:47,-0.013043348,30.62629,33.14634
2023-02-04 11:14:52,-0.030145837,30.62353,33.14679
2023-02-04 11:14:57,-0.026167293,30.62077,33.14724
2023-02-04 11:15:02,0.009553842,30.61801,33.14769
2023-02-04 11:15:07,-0.028817766,30.60179,33.14743
2023-02-04 11:15:12,0.049264056,30.59902,33.14788
2023-02-04 11:15:17,-0.052961112,30.59626,33.14833
2023-02-04 11:15:22,0.035699112,30.5935,33.14879
2023-02-04 11:15:27,0.028953615,30.57724,33.14854
2023-02-04 11:15:32,-0.036457418,30.57447,33.149
2023-02-04 11:15:37,-0.0061552,30.57171,33.14945
2023-02-04 11:15:42,-0.002535748,30.56894,33.14991
2023-02-04 11:15:47,0.027701819,30.55265,33.14967
2023-02-04 11:15:52,-0.000529127,30.54988,33.15013
2023-02-04 11:15:57,-0.172315316,30.54711,33.15059
2023-02-04 11:16:02,0.043623408,30.54434,33.15105
2023-02-04 11:16:07,0.004843494,30.52802,33.15083
2023-02-04 11:16:12,0.024098378,30.52524,33.15129
2023-02-04 11:16:17,0.027532281,30.52247,33.15175
2023-02-04 11:16:22,-0.02216259,30.5197,33.15222
2023-02-04 11:16:27,-0.002777245,30.50334,33.152
2023-02-04 11:16:32,0.043240786,30.50056,33.15247
2023-02-04 11:16:37,-0.022494246,30.49779,33.15294
2023-02-04 11:16:42,0.018164888,30.49501,33.1534
2023-02-04 11:16:47,-0.021136908,30.47862,33.1532
2023-02-04 11:16:52,-0.060068754,30.47584,33.15367
2023-02-04 11:16:57,0.028146604,30.47306,33.15414
2023-02-04 11:17:02,0.020986788,30.47029,33.15462
2023-02-04 11:17:07,-0.060608105,30.45386,33.15442
2023-02-04 11:17:12,0.011598087,30.45108,33.1549
2023-02-04 11:17:17,0.062861593,30.4483,33.15537
2023-02-04 11:17:22,0.029034311,30.44552,33.15585
2023-02-04 11:17:27,0.058783999,30.42906,33.15566
2023-02-04 11:17:32,0.078254579,30.42628,33.15614
2023-02-04 11:17:37,0.001597535,30.42349,33.15662
2023-02-04 11:17:42,0.01041181,30.40701,33.15644
2023-02-04 11:17:47,0.019229505,30.40422,33.15693
2023-02-04 11:17:52,-0.02543792,30.40143,33.15741
2023-02-04 11:17:57,-0.000810852,30.39864,33.1579
2023-02-04 11:18:02,-0.002826922,30.38213,33.15773
2023-02-04 11:18:07,-0.031294906,30.37933,33.15822
2023-02-04 11:18:12,0.035803269,30.37654,33.15871
2023-02-04 11:18:17,0.007352731,30.37375,33.15919
2023-02-04 11:18:22,0.010701153,30.3572,33.15904
2023-02-04 11:18:27,0.030049863,30.35441,33.15953
2023-02-04 11:18:32,0.022950731,30.35161,33.16002
2023-02-04 11:18:37,0.031472378,30.34882,33.16052
2023-02-04 11:18:42,-0.023571629,30.33224,33.16037
2023-02-04 11:18:47,0.043794821,30.32944,33.16086
2023-02-04 11:18:52,-0.021882717,30.32664,33.16136
2023-02-04 11:18:57,0.093099557,30.32385,33.16186
2023-02-05 07:16:52,-0.066234025,38.36732,28.9257
2023-02-05 07:16:57,-0.031558266,38.36678,28.92905
2023-02-05 07:17:02,0.002851584,38.35737,28.94554
2023-02-05 07:17:07,0.016246612,38.35682,28.94888
2023-02-05 07:17:12,-0.018593935,38.35627,28.95221
2023-02-05 07:17:17,0.079546751,38.35572,28.95554
2023-02-05 07:17:22,0.012764343,38.35516,28.95888
2023-02-05 07:17:27,0.025663874,38.34575,28.97531
2023-02-05 07:17:32,0.049146841,38.34519,28.97863
2023-02-05 07:17:37,-0.033854694,38.34462,28.98195
2023-02-05 07:17:42,-0.095612808,38.34406,28.98528
2023-02-05 07:17:47,-0.051038915,38.33463,29.00165
2023-02-05 07:17:52,-0.139408265,38.33406,29.00496
2023-02-05 07:17:57,-0.068526545,38.33349,29.00827
2023-02-05 07:18:02,-0.088138278,38.33291,29.01158
2023-02-05 07:18:07,-0.155603627,38.32348,29.02791
2023-02-05 07:18:12,-0.031837291,38.3229,29.0312
2023-02-05 07:18:17,0.022947192,38.32231,29.0345
2023-02-05 07:18:22,0.008560147,38.32173,29.0378
2023-02-05 07:18:27,0.041689258,38.32114,29.0411
2023-02-05 07:18:32,0.01649847,38.31169,29.05736
2023-02-05 07:18:37,-0.014093114,38.3111,29.06064
2023-02-05 07:18:42,0.02415357,38.3105,29.06392
2023-02-05 07:18:47,0.041201941,38.3099,29.06721
2023-02-05 07:18:52,-0.048225621,38.30045,29.08342
2023-02-05 07:18:57,0.000667215,38.29985,29.08669
2023-02-05 07:19:02,-0.083563461,38.29924,29.08996
2023-02-05 07:19:07,-0.088100407,38.29863,29.09323
2023-02-05 07:19:12,-0.044731728,38.29802,29.0965
2023-02-05 07:19:17,-0.065194078,38.28856,29.11265
2023-02-05 07:19:22,-0.112557261,38.28795,29.11591
2023-02-05 07:19:27,-0.04824233,38.28733,29.11916
2023-02-05 07:19:32,-0.021104792,38.2867,29.12242
2023-02-05 07:19:37,-0.02067361,38.27724,29.13851
2023-02-05 07:19:42,-0.045279399,38.27661,29.14176
2023-02-05 07:19:47,-0.110203733,38.27598,29.14501
2023-02-05 07:19:52,-0.051495344,38.27535,29.14825
2023-02-05 07:19:57,-0.019296926,38.27472,29.1515
2023-02-05 07:20:02,-0.050916131,38.26524,29.16752
2023-02-05 07:20:07,-0.07211318,38.2646,29.17076
2023-02-05 07:20:12,-0.034726755,38.26396,29.17399
2023-02-05 07:20:17,0.023935491,38.26332,29.17722
2023-02-05 07:20:22,-0.001598461,38.25384,29.1932
2023-02-05 07:20:27,0.002367197,38.25319,29.19642
2023-02-05 07:20:32,0.002469799,38.25254,29.19964
2023-02-05 07:20:37,-0.013644293,38.25188,29.20286
2023-02-05 07:20:42,0.034165903,38.25122,29.20608
2023-02-05 07:20:47,0.033974092,38.24174,29.22199
2023-02-05 07:20:52,-0.024687403,38.24108,29.2252
2023-02-05 07:20:57,-0.008949242,38.24041,29.22841
2023-02-05 07:21:02,0.001475529,38.23975,29.23161
2023-02-05 07:21:07,0.03310768,38.23025,29.24747
2023-02-05 07:21:12,-0.036507912,38.22958,29.25067
2023-02-05 07:21:17,-0.02067566,38.22891,29.25386
2023-02-05 07:21:22,0.011079831,38.22823,29.25706
2023-02-05 07:21:27,-0.010766542,38.22755,29.26025
2023-02-05 07:21:32,-0.026941177,38.21805,29.27604
2023-02-05 07:21:37,-0.011577475,38.21737,29.27922
2023-02-05 07:21:42,0.014648964,38.21668,29.28241
2023-02-05 07:21:47,0.046005936,38.216,29.28559
2023-02-05 07:21:52,0.08820603,38.21531,29.28877
2023-02-05 07:21:57,0.087761727,38.2058,29.3045
2023-02-05 07:22:02,0.0715149,38.2051,29.30767
2023-02-05 07:22:07,0.043843007,38.20441,29.31084
2023-02-05 07:22:12,0.070618394,38.20371,29.314
2023-02-05 07:22:17,0.033054192,38.19419,29.32968
2023-02-05 07:22:22,0.043273513,38.19349,29.33284
2023-02-05 07:22:27,0.026849749,38.19278,29.33599
2023-02-05 07:22:32,-3.5129e-05,38.19207,29.33915
2023-02-05 07:22:37,0.020678827,38.19136,29.3423
2023-02-05 07:22:42,0.00447614,38.18184,29.35792
2023-02-05 07:22:47,0.020076405,38.18113,29.36106
2023-02-05 07:22:52,0.05682159,38.18041,29.3642
2023-02-05 07:22:57,0.072645232,38.17969,29.36734
2023-02-05 07:23:02,0.098767036,38.17896,29.37048
2023-02-05 07:23:07,0.040011574,38.16944,29.38604
2023-02-05 07:23:12,0.034577682,38.16871,29.38917
2023-02-05 07:23:17,0.097885662,38.16798,29.3923
2023-02-05 07:23:22,0.033872276,38.16725,29.39542
2023-02-05 07:23:27,0.060304046,38.15772,29.41092
2023-02-05 07:23:32,-0.019453243,38.15698,29.41404
2023-02-05 07:23:37,0.001516848,38.15624,29.41716
2023-02-05 07:23:42,0.033558818,38.1555,29.42027
2023-02-05 07:23:47,-0.01450548,38.15476,29.42338
2023-02-05 07:23:52,0.012082862,38.14522,29.43882
2023-02-05 07:23:57,0.028046906,38.14447,29.44192
2023-02-05 07:24:02,0.017397765,38.14372,29.44503
2023-02-05 07:24:07,0.049235306,38.14297,29.44813
2023-02-05 07:24:12,0.054842844,38.14221,29.45123
2023-02-05 07:24:17,0.054969844,38.13267,29.4666
2023-02-05 07:24:22,0.039148123,38.13192,29.46969
2023-02-05 07:24:27,0.018228543,38.13115,29.47278
2023-02-05 07:24:32,0.034470815,38.13039,29.47587
2023-02-05 07:24:37,0.008117395,38.12962,29.47896
2023-02-05 07:24:42,-0.012671313,38.12008,29.49427
2023-02-05 07:24:47,0.019503541,38.1193,29.49734
2023-02-05 07:24:52,0.051914651,38.11853,29.50042
2023-02-05 07:24:57,0.004613757,38.11776,29.50349
2023-02-05 07:25:02,-0.031980158,38.11698,29.50657
2023-02-05 07:25:07,0.032361335,38.10743,29.52182
2023-02-05 07:25:12,0.022322309,38.10665,29.52488
2023-02-05 07:25:17,0.049641178,38.10586,29.52794
2023-02-05 07:25:22,0.039889902,38.10507,29.531
2023-02-05 07:25:27,0.029807084,38.10428,29.53406
2023-02-05 07:25:32,0.020154372,38.09473,29.54924
2023-02-05 07:25:37,0.042340354,38.09394,29.55229
2023-02-05 07:25:42,0.043256464,38.09314,29.55534
2023-02-05 07:25:47,0.01224288,38.09234,29.55839
2023-02-05 07:25:52,-0.039850277,38.09154,29.56144
2023-02-05 07:25:57,0.046303558,38.08199,29.57656
2023-02-05 07:26:02,0.018280594,38.08118,29.57959
2023-02-05 07:26:07,0.048773887,38.08038,29.58263
2023-02-05 07:26:12,-0.077549364,38.07957,29.58566
2023-02-05 07:26:17,-0.001857616,38.07875,29.5887
2023-02-05 07:26:22,0.036763824,38.0692,29.60376
2023-02-05 07:26:27,0.032794293,38.06838,29.60678
2023-02-05 07:26:32,-0.072205226,38.06756,29.6098
2023-02-05 07:26:37,-0.022779999,38.06674,29.61282
2023-02-05 07:26:42,-0.010617148,38.06592,29.61584
2023-02-05 07:26:47,0.044231557,38.05636,29.63083
2023-02-05 07:26:52,0.040306596,38.05553,29.63384
2023-02-05 07:26:57,-0.069600504,38.0547,29.63685
2023-02-05 07:27:02,0.027832538,38.05387,29.63986
2023-02-05 07:27:07,-0.034017146,38.05304,29.64286
2023-02-05 07:27:12,0.06331203,38.04347,29.6578
2023-02-05 07:27:17,0.054465705,38.04263,29.66079
2023-02-05 07:27:22,-0.028768128,38.0418,29.66378
2023-02-05 07:27:27,0.02642578,38.04095,29.66678
2023-02-05 07:27:32,0.044349336,38.04011,29.66977
2023-02-05 07:27:37,-0.033437197,38.03054,29.68464
2023-02-05 07:27:42,0.053660104,38.02969,29.68762
2023-02-05 07:27:47,0.018776321,38.02884,29.6906
2023-02-05 07:27:52,0.010005798,38.02799,29.69358
2023-02-05 07:27:57,-0.003680459,38.02714,29.69656
2023-02-05 07:28:02,-0.012194681,38.02628,29.69954
2023-02-05 07:28:07,0.000641766,38.01671,29.71433
2023-02-05 07:28:12,-0.01828122,38.01585,29.7173
2023-02-05 07:28:17,0.010412828,38.01498,29.72027
2023-02-05 07:28:22,0.023524946,38.01412,29.72323
2023-02-05 07:28:27,-0.016826863,38.01325,29.7262
2023-02-05 07:28:32,0.001474677,38.00368,29.74093
2023-02-05 07:28:37,-0.011990086,38.00281,29.74388
2023-02-05 07:28:42,0.017015368,38.00193,29.74684
2023-02-05 07:28:47,-0.007258363,38.00106,29.74979
2023-02-05 07:28:52,0.021785191,38.00018,29.75274
2023-02-05 07:28:57,-0.002453617,37.99061,29.76741
2023-02-05 07:29:02,-0.03181686,37.98973,29.77035
2023-02-05 07:29:07,0.039721172,37.98884,29.77329
2023-02-05 07:29:12,-0.021596028,37.98795,29.77622
2023-02-05 07:29:17,-0.008474286,37.98706,29.77916
2023-02-05 07:29:22,0.009985959,37.98617,29.7821
2023-02-05 07:29:27,-0.051305149,37.9766,29.7967
2023-02-05 07:29:32,-0.006373174,37.97571,29.79962
2023-02-05 07:29:37,0.012103105,37.97481,29.80254
2023-02-05 07:29:42,-0.011867397,37.97391,29.80547
2023-02-05 07:29:47,-0.110266176,37.97301,29.80839
2023-02-05 07:29:52,-0.012030434,37.96343,29.82292
2023-02-05 07:29:57,-0.025535675,37.96253,29.82584
2023-02-05 07:30:02,-0.028385812,37.96162,29.82875
2023-02-05 07:30:07,0.006066944,37.96071,29.83166
2023-02-05 07:30:12,-0.018117621,37.9598,29.83456
2023-02-05 07:30:17,-0.121880219,37.95023,29.84904
2023-02-05 07:30:22,0.013430437,37.94931,29.85194
2023-02-05 07:30:27,-0.005268858,37.9484,29.85483
2023-02-05 07:30:32,-0.050632709,37.94748,29.85773
2023-02-05 07:30:37,-0.037764912,37.94655,29.86062
2023-02-05 07:30:42,0.060363043,37.94563,29.86352
2023-02-05 07:30:47,0.025603677,37.93606,29.87792
2023-02-05 07:30:52,0.001292018,37.93513,29.8808
2023-02-05 07:30:57,-0.001533092,37.9342,29.88368
2023-02-05 07:31:02,-0.020373098,37.93327,29.88656
2023-02-05 07:31:07,0.024148168,37.93233,29.88944
2023-02-05 07:31:12,0.005253188,37.92276,29.90378
2023-02-05 07:31:17,-0.003012034,37.92182,29.90665
2023-02-05 07:31:22,0.015150617,37.92088,29.90952
2023-02-05 07:31:27,-0.036008918,37.91994,29.91238
2023-02-05 07:31:32,-0.028383481,37.919,29.91525
2023-02-05 07:31:37,0.026794308,37.91805,29.91812
2023-02-05 07:31:42,0.028825654,37.90848,29.93238
2023-02-05 07:31:47,0.014828083,37.90753,29.93524
2023-02-05 07:31:52,0.01697005,37.90658,29.93809
2023-02-05 07:31:57,0.040009034,37.90562,29.94094
2023-02-05 07:32:02,0.010086144,37.90466,29.94379
2023-02-05 07:32:07,0.043887217,37.9037,29.94664
2023-02-05 07:32:12,0.008543619,37.89414,29.96084
2023-02-05 07:32:17,0.031400949,37.89318,29.96368
2023-02-05 07:32:22,-0.000624462,37.89221,29.96652
2023-02-05 07:32:27,0.03490035,37.89124,29.96935
2023-02-05 07:32:32,-0.005970118,37.89028,29.97219
2023-02-05 07:32:37,-0.03642333,37.88071,29.98632
2023-02-05 07:32:42,0.023488283,37.87974,29.98915
2023-02-05 07:32:47,0.00377733,37.87876,29.99197
2023-02-05 07:32:52,0.042449656,37.87779,29.9948
2023-02-05 07:32:57,-0.025342552,37.87681,29.99762
2023-02-05 07:33:02,-0.05074327,37.87583,30.00044
2023-02-05 07:33:07,0.009076271,37.86626,30.0145
2023-02-05 07:33:12,0.026006679,37.86528,30.01731
2023-02-05 07:33:17,0.011278207,37.8643,30.02012
2023-02-05 07:33:22,-0.025021351,37.86331,30.02293
2023-02-05 07:33:27,-0.045202454,37.86232,30.02574
2023-02-05 07:33:32,0.030111683,37.86132,30.02854
2023-02-05 07:33:37,0.030934291,37.85176,30.04253
2023-02-05 07:33:42,-0.069194554,37.85077,30.04533
2023-02-05 07:33:47,-0.031190625,37.84977,30.04812
2023-02-05 07:33:52,-0.046550752,37.84877,30.05092
2023-02-05 07:33:57,-0.024857113,37.84777,30.05371
2023-02-05 07:34:02,-0.002848539,37.83821,30.06764
2023-02-05 07:34:07,-0.007746112,37.83721,30.07042
2023-02-05 07:34:12,0.019079038,37.8362,30.0732
2023-02-05 07:34:17,0.019568529,37.83519,30.07598
2023-02-05 07:34:22,0.02494023,37.83418,30.07876
2023-02-05 07:34:27,-0.065122638,37.83316,30.08154
2023-02-05 07:34:32,0.036053196,37.82361,30.09539
2023-02-05 07:34:37,0.014763854,37.8226,30.09816
2023-02-05 07:34:42,0.025386612,37.82158,30.10092
2023-02-05 07:34:47,-0.048956004,37.82056,30.10369
2023-02-05 07:34:52,-0.027998415,37.81953,30.10645
2023-02-05 07:34:57,-0.123795092,37.81851,30.10922
2023-02-05 07:35:02,-0.060332351,37.80896,30.123
2023-02-05 07:35:07,-0.060514658,37.80793,30.12575
2023-02-05 07:35:12,-0.007845025,37.8069,30.1285
2023-02-05 07:35:17,-0.061459013,37.80587,30.13125
2023-02-05 07:35:22,-0.040900633,37.80483,30.134
2023-02-05 07:35:27,0.001102459,37.8038,30.13675
2023-02-05 07:35:32,-0.058037343,37.79425,30.15046
2023-02-05 07:35:37,0.026285706,37.79321,30.1532
2023-02-05 07:35:42,0.025647101,37.79217,30.15594
2023-02-05 07:35:47,0.014095391,37.79113,30.15867
2023-02-05 07:35:52,0.018470971,37.79008,30.16141
2023-02-05 07:35:57,-0.035653612,37.78903,30.16414
2023-02-05 07:36:02,-0.084509061,37.77949,30.17778
2023-02-05 07:36:07,-0.022067333,37.77844,30.1805
2023-02-05 07:36:12,-0.022030135,37.77739,30.18322
2023-02-05 07:36:17,-0.022052926,37.77634,30.18594
2023-02-05 07:36:22,-0.062946219,37.77528,30.18866
2023-02-05 07:36:27,-0.021673682,37.77422,30.19138
2023-02-05 07:36:32,0.019543866,37.76469,30.20495
2023-02-05 07:36:37,-0.008581454,37.76363,30.20766
2023-02-05 07:36:42,-0.009919372,37.76256,30.21036
2023-02-05 07:36:47,0.02028992,37.7615,30.21307
2023-02-05 07:36:52,-0.066238124,37.76043,30.21577
2023-02-05 07:36:57,0.011650889,37.75936,30.21848
2023-02-05 07:37:02,0.015254194,37.74983,30.23197
2023-02-05 07:37:07,-0.113865637,37.74876,30.23467
2023-02-05 07:37:12,-0.009275292,37.74768,30.23736
2023-02-05 07:37:17,-0.069575122,37.74661,30.24005
2023-02-05 07:37:22,0.013419857,37.74553,30.24274
2023-02-05 07:37:27,-0.027610536,37.74445,30.24543
2023-02-05 07:37:32,-0.038284445,37.74336,30.24812
2023-02-05 07:37:37,0.039454513,37.73384,30.26153
2023-02-05 07:37:42,-0.015709243,37.73276,30.26421
2023-02-05 07:37:47,0.030171035,37.73167,30.26688
2023-02-05 07:37:52,0.059838921,37.73058,30.26956
2023-02-05 07:37:57,0.073867222,37.72949,30.27223
2023-02-05 07:38:02,0.037061866,37.7284,30.2749
2023-02-05 07:38:07,-0.020939492,37.71888,30.28825
2023-02-05 07:38:12,0.061725329,37.71779,30.29091
2023-02-05 07:38:17,-0.046558573,37.71669,30.29357
2023-02-05 07:38:22,0.030921526,37.71559,30.29623
2023-02-05 07:38:27,-0.051135035,37.71449,30.29889
2023-02-05 07:38:32,0.036966905,37.71338,30.30155
2023-02-05 07:38:37,0.00265512,37.70387,30.31482
2023-02-05 07:38:42,-0.052800198,37.70277,30.31747
2023-02-05 07:38:47,-0.044308946,37.70166,30.32011
2023-02-05 07:38:52,0.022229994,37.70055,30.32276
2023-02-05 07:38:57,-0.001277053,37.69944,30.3254
2023-02-05 07:39:02,0.00058765,37.69832,30.32804
2023-02-05 07:39:07,0.025929146,37.68882,30.34124
2023-02-05 07:39:12,0.002408186,37.6877,30.34388
2023-02-05 07:39:17,-0.000174376,37.68659,30.34651
2023-02-05 07:39:22,-0.007895383,37.68546,30.34914
2023-02-05 07:39:27,-0.058062077,37.68434,30.35177
2023-02-05 07:39:32,-0.044454998,37.68322,30.3544
2023-02-05 07:39:37,-0.03598039,37.68209,30.35702
2023-02-05 07:39:42,0.030561401,37.6726,30.37014
2023-02-05 07:39:47,0.033726324,37.67147,30.37276
2023-02-05 07:39:52,0.036713822,37.67034,30.37537
2023-02-05 07:39:57,0.045046029,37.6692,30.37799
2023-02-05 07:40:02,0.032075572,37.66807,30.3806
2023-02-05 07:40:07,0.035113564,37.66693,30.38321
2023-02-05 07:40:12,0.027512307,37.65745,30.39626
2023-02-05 07:40:17,0.014603789,37.65631,30.39886
2023-02-05 07:40:22,-0.003420018,37.65517,30.40146
2023-02-05 07:40:27,0.015701641,37.65402,30.40406
2023-02-05 07:40:32,-0.034247198,37.65288,30.40666
2023-02-05 07:40:37,-0.015258018,37.65173,30.40926
2023-02-05 07:40:42,0.035932774,37.65058,30.41185
2023-02-05 07:40:47,-0.02458075,37.64111,30.42482
2023-02-05 07:40:52,0.063797856,37.63996,30.42741
2023-02-05 07:40:57,-0.028623087,37.6388,30.42999
2023-02-05 07:41:02,0.054501213,37.63765,30.43257
2023-02-05 07:41:07,0.02611832,37.63649,30.43516
2023-02-05 07:41:12,-0.055521933,37.63533,30.43774
2023-02-05 07:41:17,0.022398255,37.62587,30.45063
2023-02-05 07:41:22,-0.032503748,37.62471,30.4532
2023-02-05 07:41:27,0.013528691,37.62354,30.45577
2023-02-05 07:41:32,-0.025288731,37.62238,30.45834
2023-02-05 07:41:37,0.015701845,37.62121,30.46091
2023-02-05 07:41:42,-0.02834486,37.62004,30.46347
2023-02-05 07:41:47,0.028548535,37.61887,30.46604
2023-02-05 07:41:52,0.005737169,37.60942,30.47886
2023-02-05 07:41:57,0.004300639,37.60824,30.48141
2023-02-05 07:42:02,-0.082167904,37.60707,30.48396
2023-02-05 07:42:07,-0.067310553,37.60589,30.48652
2023-02-05 07:42:12,0.005853755,37.60471,30.48907
2023-02-05 07:42:17,0.009979331,37.60353,30.49162
2023-02-05 07:42:22,-0.04427306,37.60234,30.49416
2023-02-05 07:42:27,0.013083996,37.59291,30.5069
2023-02-05 07:42:32,-0.051703437,37.59172,30.50944
2023-02-05 07:42:37,0.01111005,37.59053,30.51198
2023-02-05 07:42:42,-0.042889383,37.58934,30.51451
2023-02-05 07:42:47,-0.011735034,37.58815,30.51705
2023-02-05 07:42:52,-0.007164155,37.58696,30.51958
2023-02-05 07:42:57,-0.013186354,37.58576,30.52212
2023-02-05 07:43:02,-0.014963497,37.57634,30.53477
2023-02-05 07:43:07,0.006951793,37.57514,30.53729
2023-02-05 07:43:12,0.022453431,37.57394,30.53981
2023-02-05 07:43:17,0.022034176,37.57274,30.54233
2023-02-05 07:43:22,-0.057883677,37.57154,30.54485
2023-02-05 07:43:27,-0.037034393,37.57033,30.54737
2023-02-05 07:43:32,0.0107248,37.56912,30.54989
2023-02-05 07:43:37,0.015914912,37.55971,30.56246
2023-02-05 07:43:42,-0.005283812,37.5585,30.56497
2023-02-05 07:43:47,-0.042592291,37.55729,30.56748
2023-02-05 07:43:52,0.074546992,37.55608,30.56998
2023-02-05 07:43:57,0.058699088,37.55486,30.57248
2023-02-05 07:44:02,0.053581282,37.55365,30.57498
2023-02-05 07:44:07,0.054053993,37.54425,30.58749
2023-02-05 07:44:12,0.011625473,37.54303,30.58998
2023-02-05 07:44:17,0.017708807,37.54181,30.59247
2023-02-05 07:44:22,-0.003120088,37.54059,30.59496
2023-02-05 07:44:27,-0.045199761,37.53936,30.59745
2023-02-05 07:44:32,0.014057171,37.53814,30.59993
2023-02-05 07:44:37,0.009422621,37.53691,30.60242
2023-02-05 07:44:42,0.026174738,37.52752,30.61485
2023-02-05 07:44:47,0.016533898,37.52629,30.61732
2023-02-05 07:44:52,-0.009221586,37.52506,30.6198
2023-02-05 07:44:57,0.055505729,37.52383,30.62227
2023-02-05 07:45:02,0.051198217,37.5226,30.62474
2023-02-05 07:45:07,0.041813687,37.52136,30.62721
2023-02-05 07:45:12,-0.03679802,37.52012,30.62968
2023-02-05 07:45:17,0.012378371,37.51888,30.63215
2023-02-05 07:45:22,0.002985066,37.50951,30.64449
2023-02-05 07:45:27,0.068078109,37.50827,30.64694
2023-02-05 07:45:32,0.069649775,37.50702,30.6494
2023-02-05 07:45:37,0.049766677,37.50578,30.65186
2023-02-05 07:45:42,0.003287862,37.50453,30.65431
2023-02-05 07:45:47,0.074119615,37.50328,30.65676
2023-02-05 07:45:52,0.065053357,37.50202,30.65922
2023-02-05 07:45:57,0.072026048,37.49267,30.67148
2023-02-05 07:46:02,-0.016701911,37.49142,30.67392
2023-02-05 07:46:07,0.043663017,37.49016,30.67636
2023-02-05 07:46:12,0.002993814,37.48891,30.6788
2023-02-05 07:46:17,0.063254302,37.48765,30.68123
2023-02-05 07:46:22,0.086435749,37.48638,30.68367
2023-02-05 07:46:27,0.013907164,37.48512,30.68611
2023-02-05 07:46:32,-0.000146696,37.47578,30.69829
2023-02-05 07:46:37,0.092241376,37.47452,30.70071
2023-02-05 07:46:42,0.003824831,37.47325,30.70314
2023-02-05 07:46:47,0.085804773,37.47199,30.70556
2023-02-05 07:46:52,0.072063858,37.47072,30.70798
2023-02-05 07:46:57,0.052827894,37.46944,30.7104
2023-02-05 07:47:02,0.092243546,37.46817,30.71282
2023-02-05 07:47:07,0.089040334,37.45885,30.72493
2023-02-05 07:47:12,0.075195138,37.45758,30.72734
2023-02-05 07:47:17,0.072025297,37.4563,30.72974
2023-02-05 07:47:22,0.021089414,37.45502,30.73215
2023-02-05 07:47:27,0.028793054,37.45374,30.73456
2023-02-05 07:47:32,0.030794051,37.45246,30.73696
2023-02-05 07:47:37,0.118269206,37.45117,30.73936
2023-02-05 07:47:42,0.01939029,37.44988,30.74177
2023-02-05 07:47:47,0.048048646,37.44058,30.75378
2023-02-05 07:47:52,0.055765292,37.4393,30.75617
2023-02-05 07:47:57,0.026167125,37.43801,30.75856
2023-02-05 07:48:02,-0.008959382,37.43672,30.76095
2023-02-05 07:48:07,0.062311126,37.43542,30.76334
2023-02-05 07:48:12,0.032489988,37.43413,30.76573
2023-02-05 07:48:17,0.04015213,37.43283,30.76812
2023-02-05 07:48:22,-0.010833935,37.42355,30.78005
2023-02-05 07:48:27,-0.056512104,37.42225,30.78243
2023-02-05 07:48:32,-0.05443628,37.42095,30.7848
2023-02-05 07:48:37,-0.05238797,37.41965,30.78717
2023-02-05 07:48:42,-0.039710286,37.41835,30.78955
2023-02-05 07:48:47,-0.021735936,37.41704,30.79192
2023-02-05 07:48:52,0.012001772,37.41573,30.79429
2023-02-05 07:48:57,-0.007217766,37.41442,30.79666
2023-02-05 07:49:02,0.005310158,37.40516,30.8085
2023-02-05 07:49:07,-0.035315144,37.40385,30.81086
2023-02-05 07:49:12,0.000972857,37.40254,30.81322
2023-02-05 07:49:17,0.026626602,37.40123,30.81558
2023-02-05 07:49:22,0.00717105,37.39991,30.81793
2023-02-05 07:49:27,-0.007200322,37.39859,30.82029
2023-02-05 07:49:32,-0.048089012,37.39727,30.82264
2023-02-05 07:49:37,0.001379701,37.38803,30.83441
2023-02-05 07:49:42,-0.018503931,37.38671,30.83675
2023-02-05 07:49:47,-0.017133929,37.38539,30.83909
2023-02-05 07:49:52,-0.079601284,37.38406,30.84143
2023-02-05 07:49:57,0.028036748,37.38274,30.84377
2023-02-05 07:50:02,-0.066364657,37.38141,30.84611
2023-02-05 07:50:07,-0.007036081,37.38008,30.84845
2023-02-05 07:50:12,-0.08027277,37.37875,30.85078
2023-02-05 07:50:17,-0.036903326,37.36953,30.86246
2023-02-05 07:50:22,-0.00941681,37.3682,30.86479
2023-02-05 07:50:27,-0.049020834,37.36686,30.86711
2023-02-05 07:50:32,-0.060920764,37.36553,30.86944
2023-02-05 07:50:37,-0.071007617,37.36419,30.87176
2023-02-05 07:50:42,-0.086516758,37.36285,30.87408
2023-02-05 07:50:47,-0.006372198,37.36151,30.8764
2023-02-05 07:50:52,-0.016742494,37.36017,30.87872
2023-02-05 07:50:57,-0.021691048,37.35097,30.89031
2023-02-05 07:51:02,-0.034122399,37.34962,30.89262
2023-02-05 07:51:07,-0.021612331,37.34828,30.89492
2023-02-05 07:51:12,-0.064177365,37.34693,30.89723
2023-02-05 07:51:17,-0.016430157,37.34558,30.89954
2023-02-05 07:51:22,-0.038269903,37.34423,30.90184
2023-02-05 07:51:27,0.003930469,37.34288,30.90414
2023-02-05 07:51:32,-0.081517301,37.34152,30.90644
2023-02-05 07:51:37,0.013378391,37.33235,30.91795
2023-02-05 07:51:42,-0.003196877,37.33099,30.92024
2023-02-05 07:51:47,-0.020077662,37.32964,30.92253
2023-02-05 07:51:52,-0.015564845,37.32828,30.92482
2023-02-05 07:51:57,-0.022019739,37.32692,30.9271
2023-02-05 07:52:02,-0.103212281,37.32556,30.92939
2023-02-05 07:52:07,-0.072596437,37.32419,30.93168
2023-02-05 07:52:12,-0.095210097,37.32282,30.93396
2023-02-05 07:52:17,-0.001068076,37.31367,30.94538
2023-02-05 07:52:22,-0.013456613,37.31231,30.94766
2023-02-05 07:52:27,-0.063087472,37.31094,30.94993
2023-02-05 07:52:32,-0.011954641,37.30957,30.9522
2023-02-05 07:52:37,-0.104283129,37.3082,30.95447
2023-02-05 07:52:42,-0.064059969,37.30682,30.95674
2023-02-05 07:52:47,-0.013302518,37.30545,30.959
2023-02-05 07:52:52,-0.010259552,37.30407,30.96127
2023-02-05 07:52:57,-0.033992573,37.29494,30.97261
2023-02-05 07:53:02,-0.026253203,37.29357,30.97486
2023-02-05 07:53:07,-0.013120388,37.29219,30.97712
2023-02-05 07:53:12,-0.016103897,37.29081,30.97937
2023-02-05 07:53:17,-0.019023719,37.28942,30.98162
2023-02-05 07:53:22,-0.032920469,37.28804,30.98388
2023-02-05 07:53:27,-0.020294084,37.28665,30.98612
2023-02-05 07:53:32,-0.055572826,37.28526,30.98837
2023-02-05 07:53:37,-0.029443481,37.27616,30.99962
2023-02-05 07:53:42,-0.084248959,37.27478,31.00186
2023-02-05 07:53:47,-0.013686597,37.27338,31.0041
2023-02-05 07:53:52,-0.033666956,37.27199,31.00634
2023-02-05 07:53:57,-0.037781327,37.2706,31.00857
2023-02-05 07:54:02,0.005950074,37.2692,31.01081
2023-02-05 07:54:07,-0.067508699,37.26781,31.01304
2023-02-05 07:54:12,0.018427679,37.2664,31.01527
2023-02-05 07:54:17,-0.007494598,37.265,31.0175
2023-02-05 07:54:22,-0.006696666,37.25593,31.02866
2023-02-05 07:54:27,-0.006398295,37.25453,31.03088
2023-02-05 07:54:32,-0.043146289,37.25313,31.0331
2023-02-05 07:54:37,0.015737415,37.25172,31.03531
2023-02-05 07:54:42,-0.010772857,37.25032,31.03753
2023-02-05 07:54:47,-0.026737317,37.24891,31.03975
2023-02-05 07:54:52,-0.016164815,37.2475,31.04196
2023-02-05 07:54:57,-0.06414224,37.24609,31.04417
2023-02-05 07:55:02,0.025967776,37.23704,31.05524
2023-02-05 07:55:07,0.009561458,37.23563,31.05745
2023-02-05 07:55:12,-0.022750911,37.23422,31.05965
2023-02-05 07:55:17,0.029729704,37.2328,31.06185
2023-02-05 07:55:22,0.023668292,37.23139,31.06405
2023-02-05 07:55:27,0.017505192,37.22997,31.06625
2023-02-05 07:55:32,-0.015407206,37.22854,31.06844
2023-02-05 07:55:37,-0.005587867,37.22712,31.07064
2023-02-05 07:55:42,-0.006714805,37.2257,31.07284
2023-02-05 07:55:47,-0.045054994,37.21668,31.08381
2023-02-05 07:55:52,-0.030568864,37.21526,31.08599
2023-02-05 07:55:57,0.005337099,37.21383,31.08818
2023-02-05 07:56:02,0.019835244,37.21241,31.09036
2023-02-05 07:56:07,0.028917461,37.21098,31.09254
2023-02-05 07:56:12,0.011075874,37.20954,31.09472
2023-02-05 07:56:17,-0.059575558,37.20811,31.0969
2023-02-05 07:56:22,0.023689955,37.20668,31.09908
2023-02-05 07:56:27,-0.015519564,37.19769,31.10997
2023-02-05 07:56:32,0.019814635,37.19626,31.11213
2023-02-05 07:56:37,-0.061991872,37.19482,31.1143
2023-02-05 07:56:42,0.042297618,37.19338,31.11646
2023-02-05 07:56:47,0.029451129,37.19194,31.11863
2023-02-05 07:56:52,0.01653871,37.1905,31.12079
2023-02-05 07:56:57,0.046202225,37.18906,31.12295
2023-02-05 07:57:02,0.02783536,37.18761,31.12511
2023-02-05 07:57:07,0.009409914,37.18617,31.12727
2023-02-05 07:57:12,0.044227301,37.17721,31.13807
2023-02-05 07:57:17,0.028836049,37.17577,31.14022
2023-02-05 07:57:22,0.054883496,37.17432,31.14236
2023-02-05 07:57:27,-0.000681214,37.17287,31.14451
2023-02-05 07:57:32,0.044404975,37.17142,31.14666
2023-02-05 07:57:37,0.04185862,37.16997,31.1488
2023-02-05 07:57:42,-0.008889014,37.16851,31.15094
2023-02-05 07:57:47,0.025412536,37.16705,31.15309
2023-02-05 07:57:52,0.043878136,37.1656,31.15523
2023-02-05 07:57:57,0.03565995,37.15668,31.16593
2023-02-05 07:58:02,0.048729639,37.15522,31.16806
2023-02-05 07:58:07,0.05111026,37.15376,31.17019
2023-02-05 07:58:12,-0.026104035,37.1523,31.17232
2023-02-05 07:58:17,0.039803696,37.15083,31.17444
2023-02-05 07:58:22,0.042111288,37.14937,31.17657
2023-02-05 07:58:27,0.044399164,37.1479,31.1787
2023-02-05 07:58:32,0.041530538,37.14643,31.18082
2023-02-05 07:58:37,-0.003992193,37.14496,31.18294
2023-02-05 07:58:42,0.072489755,37.13608,31.19355
2023-02-05 07:58:47,0.058733851,37.13461,31.19566
2023-02-05 07:58:52,0.044970444,37.13314,31.19777
2023-02-05 07:58:57,0.036721968,37.13166,31.19988
2023-02-05 07:59:02,-0.014359067,37.13019,31.20199
2023-02-05 07:59:07,-0.02280147,37.12871,31.2041
2023-02-05 07:59:12,-0.015062271,37.12724,31.20621
2023-02-05 07:59:17,0.056068774,37.12576,31.20831
2023-02-05 07:59:22,-0.021270415,37.12427,31.21042
2023-02-05 07:59:27,0.060725258,37.11542,31.22093
2023-02-05 07:59:32,0.00453406,37.11394,31.22303
2023-02-05 07:59:37,-0.014525367,37.11246,31.22512
2023-02-05 07:59:42,0.067507788,37.11098,31.22721
2023-02-05 07:59:47,-0.036608494,37.10949,31.2293
2023-02-05 07:59:52,-0.012978459,37.108,31.23139
2023-02-05 07:59:57,-0.026636889,37.10651,31.23348
2023-02-05 08:00:02,0.005753105,37.10502,31.23556
2023-02-05 08:00:07,0.005264978,37.10353,31.23765
2023-02-05 08:00:12,0.039130751,37.09471,31.24807
2023-02-05 08:00:17,0.03623491,37.09322,31.25015
2023-02-05 08:00:22,0.044029507,37.09173,31.25222
2023-02-05 08:00:27,0.003886956,37.09023,31.2543
2023-02-05 08:00:32,-0.041551362,37.08874,31.25637
2023-02-05 08:00:37,0.017754592,37.08724,31.25844
2023-02-05 08:00:42,0.059557923,37.08574,31.26051
2023-02-05 08:00:47,0.056680897,37.08424,31.26258
2023-02-05 08:00:52,0.05422544,37.08273,31.26464
2023-02-05 08:00:57,0.083411039,37.08123,31.26671
2023-02-05 08:01:02,0.041184743,37.07245,31.27703
2023-02-05 08:01:07,-0.006560741,37.07095,31.27909
2023-02-05 08:01:12,0.038750853,37.06944,31.28114
2023-02-05 08:01:17,0.041661753,37.06793,31.2832
2023-02-05 08:01:22,0.033962442,37.06642,31.28525
2023-02-05 08:01:27,0.036974066,37.06491,31.2873
2023-02-05 08:01:32,-0.018400675,37.0634,31.28935
2023-02-05 08:01:37,-0.041932621,37.06188,31.2914
2023-02-05 08:01:42,0.051657947,37.06037,31.29345
2023-02-05 08:01:47,0.033566603,37.05163,31.30368
2023-02-05 08:01:52,-0.07469542,37.05012,31.30572
2023-02-05 08:01:57,-0.020054532,37.0486,31.30775
2023-02-05 08:02:02,0.011809615,37.04708,31.30979
2023-02-05 08:02:07,-0.064485575,37.04556,31.31182
2023-02-05 08:02:12,0.002807458,37.04404,31.31385
2023-02-05 08:02:17,-0.014925666,37.04252,31.31589
2023-02-05 08:02:22,-0.096173973,37.04099,31.31792
2023-02-05 08:02:27,-0.071331232,37.03946,31.31995
2023-02-05 08:02:32,-0.078212953,37.03793,31.32197
2023-02-05 08:02:37,-0.069039591,37.02924,31.3321
2023-02-05 08:02:42,-0.043810444,37.02771,31.33412
2023-02-05 08:02:47,-0.018514454,37.02618,31.33614
2023-02-05 08:02:52,-0.035790504,37.02465,31.33816
2023-02-05 08:02:57,-0.037008722,37.02312,31.34017
2023-02-05 08:03:02,-0.06480828,37.02159,31.34218
2023-02-05 08:03:07,-0.007260091,37.02005,31.3442
2023-02-05 08:03:12,-0.024261411,37.01851,31.34621
2023-02-05 08:03:17,-0.014733641,37.01697,31.34822
2023-02-05 08:03:22,-0.020744824,37.01543,31.35022
2023-02-05 08:03:27,-0.090644546,37.00678,31.36026
2023-02-05 08:03:32,-0.027606333,37.00524,31.36225
2023-02-05 08:03:37,0.003713841,37.0037,31.36425
2023-02-05 08:03:42,-0.018152035,37.00216,31.36625
2023-02-05 08:03:47,-0.002721418,37.00062,31.36824
2023-02-05 08:03:52,0.007492795,36.99907,31.37024
2023-02-05 08:03:57,-0.014201036,36.99752,31.37223
2023-02-05 08:04:02,0.001486007,36.99597,31.37422
2023-02-05 08:04:07,-0.009404999,36.99442,31.37621
2023-02-05 08:04:12,-0.014704419,36.99287,31.3782
2023-02-05 08:04:17,0.032985942,36.98426,31.38813
2023-02-05 08:04:22,0.022308736,36.98271,31.39011
2023-02-05 08:04:27,0.027692176,36.98116,31.39209
2023-02-05 08:04:32,0.006687134,36.9796,31.39407
2023-02-05 08:04:37,0.006881743,36.97805,31.39604
2023-02-05 08:04:42,-0.003513206,36.97649,31.39802
2023-02-05 08:04:47,0.039460741,36.97493,31.39999
2023-02-05 08:04:52,0.029014598,36.97337,31.40196
2023-02-05 08:04:57,-0.028760762,36.97181,31.40393
2023-02-05 08:05:02,0.0248896,36.97024,31.4059
2023-02-05 08:05:07,-0.043599418,36.96168,31.41574
2023-02-05 08:05:12,0.042165946,36.96012,31.41769
2023-02-05 08:05:17,0.026920116,36.95855,31.41965
2023-02-05 08:05:22,-0.03070832,36.95699,31.42161
2023-02-05 08:05:27,0.039266091,36.95542,31.42357
2023-02-05 08:05:32,0.034877066,36.95385,31.42552
2023-02-05 08:05:37,-0.033026115,36.95228,31.42748
2023-02-05 08:05:42,0.037141098,36.95071,31.42943
2023-02-05 08:05:47,-0.004366982,36.94914,31.43138
2023-02-05 08:05:52,-0.019163474,36.94756,31.43333
2023-02-05 08:05:57,0.06717907,36.93904,31.44306
2023-02-05 08:06:02,0.010054769,36.93747,31.445
2023-02-05 08:06:07,0.032748008,36.9359,31.44694
2023-02-05 08:06:12,0.050169642,36.93432,31.44888
2023-02-05 08:06:17,-0.0438989,36.93274,31.45082
2023-02-05 08:06:22,0.048064878,36.93116,31.45275
2023-02-05 08:06:27,0.044145546,36.92958,31.45469
2023-02-05 08:06:32,0.035331148,36.92799,31.45662
2023-02-05 08:06:37,0.037039302,36.92641,31.45855
2023-02-05 08:06:42,0.028139797,36.92482,31.46048
2023-02-05 08:06:47,0.008821704,36.91635,31.47012
2023-02-05 08:06:52,0.058461464,36.91477,31.47204
2023-02-05 08:06:57,0.029306401,36.91318,31.47396
2023-02-05 08:07:02,0.035678315,36.9116,31.47588
2023-02-05 08:07:07,0.037681387,36.91001,31.4778
2023-02-05 08:07:12,-0.029369123,36.90842,31.47971
2023-02-05 08:07:17,0.010031827,36.90682,31.48163
2023-02-05 08:07:22,0.054614865,36.90523,31.48354
2023-02-05 08:07:27,-0.006978701,36.90363,31.48545
2023-02-05 08:07:32,0.059195223,36.90203,31.48736
2023-02-05 08:07:37,0.02946912,36.90043,31.48928
2023-02-05 08:07:42,0.047749458,36.89202,31.4988
2023-02-05 08:07:47,0.028946393,36.89042,31.5007
2023-02-05 08:07:52,-0.000672326,36.88882,31.5026
2023-02-05 08:07:57,-0.024928063,36.88722,31.5045
2023-02-05 08:08:02,0.051926014,36.88562,31.5064
2023-02-05 08:08:07,0.033252628,36.88402,31.5083
2023-02-05 08:08:12,0.051536798,36.88241,31.51019
2023-02-05 08:08:17,0.001130739,36.8808,31.51208
2023-02-05 08:08:22,0.040788364,36.8792,31.51398
2023-02-05 08:08:27,-0.047066416,36.87759,31.51587
2023-02-05 08:08:32,-0.02315989,36.87597,31.51776
2023-02-05 08:08:37,0.000768553,36.86761,31.52718
2023-02-05 08:08:42,0.03518723,36.866,31.52906
2023-02-05 08:08:47,-0.03126264,36.86439,31.53094
2023-02-05 08:08:52,0.051352665,36.86278,31.53282
2023-02-05 08:08:57,-0.015253121,36.86117,31.53469
2023-02-05 08:09:02,-0.017694462,36.85955,31.53657
2023-02-05 08:09:07,0.016997092,36.85793,31.53844
2023-02-05 08:09:12,0.040850898,36.85632,31.54031
2023-02-05 08:09:17,0.038256628,36.8547,31.54218
2023-02-05 08:09:22,-0.017246336,36.85307,31.54406
2023-02-05 08:09:27,-0.014682796,36.85145,31.54592
2023-02-05 08:09:32,-0.011921637,36.84314,31.55524
2023-02-05 08:09:37,0.02815487,36.84152,31.5571
2023-02-05 08:09:42,0.036256575,36.8399,31.55896
2023-02-05 08:09:47,0.017712146,36.83828,31.56082
2023-02-05 08:09:52,0.010020171,36.83665,31.56267
2023-02-05 08:09:57,0.012798761,36.83502,31.56453
2023-02-05 08:10:02,-0.01621195,36.83339,31.56638
2023-02-05 08:10:07,-0.008295103,36.83176,31.56823
2023-02-05 08:10:12,-0.016180116,36.83013,31.57008
2023-02-05 08:10:17,-0.08764678,36.8285,31.57194
2023-02-05 08:10:22,0.016007845,36.82686,31.57378
2023-02-05 08:10:27,0.008299722,36.81861,31.583
2023-02-05 08:10:32,-0.020924952,36.81698,31.58484
2023-02-05 08:10:37,-0.028647151,36.81534,31.58667
2023-02-05 08:10:42,-0.004779018,36.81371,31.58851
2023-02-05 08:10:47,-0.086947562,36.81207,31.59035
2023-02-05 08:10:52,-0.052439261,36.81043,31.59218
2023-02-05 08:10:57,-0.007282258,36.80879,31.59401
2023-02-05 08:11:02,-0.025715258,36.80715,31.59584
2023-02-05 08:11:07,-0.033691635,36.8055,31.59768
2023-02-05 08:11:12,-0.041491024,36.80386,31.5995
2023-02-05 08:11:17,-0.001716023,36.80221,31.60133
2023-02-05 08:11:22,-0.015064492,36.79402,31.61044
2023-02-05 08:11:27,-0.012438654,36.79238,31.61226
2023-02-05 08:11:32,-0.068267591,36.79073,31.61408
2023-02-05 08:11:37,-0.086803549,36.78908,31.6159
2023-02-05 08:11:42,-0.02578853,36.78744,31.61771
2023-02-05 08:11:47,-0.081668398,36.78578,31.61952
2023-02-05 08:11:52,-0.004889478,36.78413,31.62134
2023-02-05 08:11:57,-0.018166252,36.78248,31.62315
2023-02-05 08:12:02,-0.10075056,36.78082,31.62496
2023-02-05 08:12:07,-0.013177204,36.77917,31.62677
2023-02-05 08:12:12,-0.079809941,36.77751,31.62858
2023-02-05 08:12:17,-0.01340449,36.77585,31.63038
2023-02-05 08:12:22,-0.048287025,36.76772,31.63938
2023-02-05 08:12:27,-0.008760882,36.76606,31.64118
2023-02-05 08:12:32,-0.080611653,36.76441,31.64297
2023-02-05 08:12:37,-0.046264689,36.76275,31.64477
2023-02-05 08:12:42,-0.065236801,36.76108,31.64656
2023-02-05 08:12:47,0.011519343,36.75942,31.64835
2023-02-05 08:12:52,-0.049941288,36.75776,31.65014
2023-02-05 08:12:57,-0.015673481,36.75609,31.65193
2023-02-05 08:13:02,-0.050714184,36.75442,31.65372
2023-02-05 08:13:07,-0.032474906,36.75276,31.65551
2023-02-05 08:13:12,-0.072693517,36.75109,31.6573
2023-02-05 08:13:17,0.014606351,36.74941,31.65908
2023-02-05 08:13:22,-0.004520294,36.74135,31.66797
2023-02-05 08:13:27,0.024304093,36.73968,31.66974
2023-02-05 08:13:32,-0.021508008,36.73801,31.67152
2023-02-05 08:13:37,-0.00337858,36.73634,31.67329
2023-02-05 08:13:42,-0.049224969,36.73466,31.67506
2023-02-05 08:13:47,-0.008321488,36.73299,31.67683
2023-02-05 08:13:52,-0.060827617,36.73131,31.6786
2023-02-05 08:13:57,0.005016099,36.72964,31.68037
2023-02-05 08:14:02,0.033726047,36.72796,31.68214
2023-02-05 08:14:07,-0.006676756,36.72627,31.6839
2023-02-05 08:14:12,-0.004834463,36.72459,31.68567
2023-02-05 08:14:17,-0.045073196,36.72291,31.68743
2023-02-05 08:14:22,-0.029356049,36.71491,31.69621
2023-02-05 08:14:27,0.02269961,36.71323,31.69796
2023-02-05 08:14:32,-0.06021266,36.71154,31.69972
2023-02-05 08:14:37,-0.037107475,36.70986,31.70147
2023-02-05 08:14:42,-0.013821025,36.70817,31.70322
2023-02-05 08:14:47,-0.04917178,36.70649,31.70497
2023-02-05 08:14:52,0.011408613,36.7048,31.70671
2023-02-05 08:14:57,-0.066595372,36.70311,31.70846
2023-02-05 08:15:02,0.015102158,36.70142,31.71021
2023-02-05 08:15:07,0.038546814,36.69973,31.71195
2023-02-05 08:15:12,0.040477527,36.69803,31.71369
2023-02-05 08:15:17,0.021085938,36.69634,31.71544
2023-02-05 08:15:22,0.054991509,36.6884,31.7241
2023-02-05 08:15:27,0.040927111,36.68671,31.72584
2023-02-05 08:15:32,0.032192728,36.68502,31.72757
2023-02-05 08:15:37,0.023459358,36.68332,31.7293
2023-02-05 08:15:42,0.009588603,36.68162,31.73103
2023-02-05 08:15:47,0.011520279,36.67993,31.73275
2023-02-05 08:15:52,0.024116007,36.67823,31.73448
2023-02-05 08:15:57,-0.032571888,36.67652,31.73621
2023-02-05 08:16:02,0.020948226,36.67482,31.73793
2023-02-05 08:16:07,0.003499785,36.67312,31.73965
2023-02-05 08:16:12,0.037251725,36.67141,31.74137
2023-02-05 08:16:17,-0.029874715,36.6697,31.7431
2023-02-05 08:16:22,0.035876403,36.668,31.74481
2023-02-05 08:16:27,0.016741016,36.66014,31.75337
2023-02-05 08:16:32,0.039876758,36.65843,31.75508
2023-02-05 08:16:37,-0.011212342,36.65672,31.75678
2023-02-05 08:16:42,0.012141643,36.65502,31.75849
2023-02-05 08:16:47,0.051310433,36.65331,31.7602
2023-02-05 08:16:52,0.032247439,36.6516,31.7619
2023-02-05 08:16:57,0.044991066,36.64988,31.76361
2023-02-05 08:17:02,0.041763508,36.64817,31.76531
2023-02-05 08:17:07,0.00143625,36.64645,31.76701
2023-02-05 08:17:12,-0.023070936,36.64474,31.76871
2023-02-05 08:17:17,0.016211812,36.64302,31.77041
2023-02-05 08:17:22,-0.013391261,36.6413,31.77211
2023-02-05 08:17:27,0.03678748,36.63958,31.7738
2023-02-05 08:17:32,0.033691149,36.63179,31.78224
2023-02-05 08:17:37,0.035949949,36.63007,31.78393
2023-02-05 08:17:42,0.022244962,36.62836,31.78561
2023-02-05 08:17:47,0.030076955,36.62664,31.7873
2023-02-05 08:17:52,-0.015552927,36.62491,31.78898
2023-02-05 08:17:57,0.029264043,36.62319,31.79066
2023-02-05 08:18:02,0.036991271,36.62146,31.79234
2023-02-05 08:18:07,0.034088842,36.61974,31.79402
2023-02-05 08:18:12,-0.000571881,36.61801,31.7957
2023-02-05 08:18:17,0.03922754,36.61628,31.79738
2023-02-05 08:18:22,0.041749923,36.61455,31.79906
2023-02-05 08:18:27,-0.04059264,36.61282,31.80073
2023-02-05 08:18:32,0.057363918,36.61108,31.80241
2023-02-05 08:18:37,-0.01444106,36.60338,31.81073
2023-02-05 08:18:42,0.041516642,36.60165,31.81239
2023-02-05 08:18:47,0.007091613,36.59992,31.81406
2023-02-05 08:18:52,0.036281018,36.59818,31.81572
2023-02-05 08:18:57,0.033717992,36.59645,31.81738
2023-02-05 08:19:02,-0.011256857,36.59471,31.81904
2023-02-05 08:19:07,0.01076225,36.59298,31.8207
2023-02-05 08:19:12,-0.005345034,36.59124,31.82235
2023-02-05 08:19:17,-0.002426687,36.5895,31.82401
2023-02-05 08:19:22,-0.042108817,36.58776,31.82567
2023-02-05 08:19:27,0.024846742,36.58601,31.82732
2023-02-05 08:19:32,0.011893123,36.58427,31.82897
2023-02-05 08:19:37,0.01496923,36.58252,31.83062
2023-02-05 08:19:42,-0.045683062,36.57489,31.83883
2023-02-05 08:19:47,0.053221791,36.57315,31.84047
2023-02-05 08:19:52,0.024630101,36.57141,31.84211
2023-02-05 08:19:57,0.006358253,36.56966,31.84375
2023-02-05 08:20:02,-0.043281001,36.56792,31.84539
2023-02-05 08:20:07,0.044937261,36.56617,31.84703
2023-02-05 08:20:12,0.04315933,36.56442,31.84867
2023-02-05 08:20:17,-0.027866333,36.56267,31.8503
2023-02-05 08:20:22,0.002037002,36.56092,31.85194
2023-02-05 08:20:27,0.037501935,36.55917,31.85357
2023-02-05 08:20:32,0.025038835,36.55741,31.8552
2023-02-05 08:20:37,-0.045821757,36.55566,31.85683
2023-02-05 08:20:42,0.037545666,36.5539,31.85846
2023-02-05 08:20:47,0.041195684,36.55214,31.86009
2023-02-05 08:20:52,0.028896847,36.5446,31.86817
2023-02-05 08:20:57,-0.036279926,36.54284,31.86979
2023-02-05 08:21:02,0.010339658,36.54109,31.87141
2023-02-05 08:21:07,0.012670859,36.53933,31.87302
2023-02-05 08:21:12,0.044254912,36.53757,31.87464
2023-02-05 08:21:17,0.026827021,36.53581,31.87625
2023-02-05 08:21:22,-0.017020736,36.53405,31.87786
2023-02-05 08:21:27,0.024258791,36.53229,31.87948
2023-02-05 08:21:32,0.017607724,36.53052,31.88109
2023-02-05 08:21:37,0.021654559,36.52876,31.8827
2023-02-05 08:21:42,0.025929667,36.52699,31.8843
2023-02-05 08:21:47,0.02986129,36.52522,31.88591
2023-02-05 08:21:52,0.002231048,36.52345,31.88752
2023-02-05 08:21:57,-0.062672365,36.52168,31.88912
2023-02-05 08:22:02,0.021317019,36.51422,31.89709
2023-02-05 08:22:07,0.025583148,36.51246,31.89868
2023-02-05 08:22:12,0.024554142,36.51069,31.90028
2023-02-05 08:22:17,0.018229303,36.50892,31.90187
2023-02-05 08:22:22,-0.003861592,36.50715,31.90346
2023-02-05 08:22:27,0.021668914,36.50538,31.90505
2023-02-05 08:22:32,0.004972955,36.5036,31.90664
2023-02-05 08:22:37,-0.054330952,36.50183,31.90823
2023-02-05 08:22:42,-0.049835413,36.50005,31.90981
2023-02-05 08:22:47,-0.03465005,36.49827,31.9114
2023-02-05 08:22:52,0.023013594,36.49649,31.91298
2023-02-05 08:22:57,-0.041501639,36.49471,31.91457
2023-02-05 08:23:02,0.010888373,36.49293,31.91615
2023-02-05 08:23:07,0.031516138,36.49115,31.91773
2023-02-05 08:23:12,-0.038248154,36.48378,31.92558
2023-02-05 08:23:17,-0.044028025,36.482,31.92715
2023-02-05 08:23:22,-0.006258415,36.48022,31.92872
2023-02-05 08:23:27,0.018722726,36.47844,31.93029
2023-02-05 08:23:32,0.018153231,36.47665,31.93186
2023-02-05 08:23:37,-0.009044076,36.47487,31.93342
2023-02-05 08:23:42,0.033068615,36.47308,31.93499
2023-02-05 08:23:47,0.027232205,36.4713,31.93655
2023-02-05 08:23:52,-0.021224418,36.46951,31.93812
2023-02-05 08:23:57,0.005146427,36.46772,31.93968
2023-02-05 08:24:02,-0.00913499,36.46593,31.94124
2023-02-05 08:24:07,0.004259293,36.46413,31.9428
2023-02-05 08:24:12,-0.044129867,36.46234,31.94436
2023-02-05 08:24:17,0.003434075,36.46054,31.94592
2023-02-05 08:24:22,-0.002287739,36.45875,31.94747
2023-02-05 08:24:27,-0.001787873,36.45148,31.95519
2023-02-05 08:24:32,0.007625204,36.44968,31.95674
2023-02-05 08:24:37,0.017928016,36.44789,31.95828
2023-02-05 08:24:42,0.001781186,36.4461,31.95983
2023-02-05 08:24:47,-0.035866866,36.4443,31.96137
2023-02-05 08:24:52,-0.020208126,36.4425,31.96292
2023-02-05 08:24:57,0.032576421,36.4407,31.96446
2023-02-05 08:25:02,0.011318888,36.4389,31.966
2023-02-05 08:25:07,0.005484786,36.4371,31.96754
2023-02-05 08:25:12,-0.010624673,36.4353,31.96907
2023-02-05 08:25:17,0.031516923,36.4335,31.97061
2023-02-05 08:25:22,0.015411984,36.43169,31.97214
2023-02-05 08:25:27,-0.000882574,36.42988,31.97368
2023-02-05 08:25:32,-0.091415437,36.42808,31.97521
2023-02-05 08:25:37,-0.054412187,36.42627,31.97674
2023-02-05 08:25:42,-0.017601505,36.41909,31.98434
2023-02-05 08:25:47,0.014066533,36.41729,31.98586
2023-02-05 08:25:52,0.003091055,36.41548,31.98738
2023-02-05 08:25:57,0.00277039,36.41368,31.9889
2023-02-05 08:26:02,-0.008216225,36.41187,31.99042
2023-02-05 08:26:07,-0.061468452,36.41006,31.99194
2023-02-05 08:26:12,-0.003371445,36.40824,31.99346
2023-02-05 08:26:17,-0.035511153,36.40643,31.99497
2023-02-05 08:26:22,-0.00408262,36.40462,31.99649
2023-02-05 08:26:27,0.027525617,36.4028,31.998
2023-02-05 08:26:32,-0.079265375,36.40099,31.99951
2023-02-05 08:26:37,-0.063671319,36.39917,32.00102
2023-02-05 08:26:42,-0.021631535,36.39735,32.00253
2023-02-05 08:26:47,0.026104368,36.39553,32.00404
2023-02-05 08:26:52,-0.048763314,36.39371,32.00555
2023-02-05 08:26:57,0.014550022,36.39188,32.00706
2023-02-05 08:27:02,0.003417587,36.38482,32.01452
2023-02-05 08:27:07,-0.087300899,36.383,32.01602
2023-02-05 08:27:12,0.018407188,36.38118,32.01751
2023-02-05 08:27:17,-0.003441815,36.37936,32.01901
2023-02-05 08:27:22,0.006858332,36.37754,32.0205
2023-02-05 08:27:27,-0.01036962,36.37572,32.02199
2023-02-05 08:27:32,0.005693086,36.37389,32.02348
2023-02-05 08:27:37,-0.058692583,36.37206,32.02497
2023-02-05 08:27:42,0.009764945,36.37024,32.02646
2023-02-05 08:27:47,0.019949352,36.36841,32.02795
2023-02-05 08:27:52,-0.002061874,36.36658,32.02944
2023-02-05 08:27:57,-0.002779734,36.36475,32.03092
2023-02-05 08:28:02,-0.007618427,36.36292,32.03241
2023-02-05 08:28:07,0.001031961,36.36108,32.03389
2023-02-05 08:28:12,-0.010239452,36.35925,32.03537
2023-02-05 08:28:17,-0.048380442,36.35741,32.03685
2023-02-05 08:28:22,-0.059711774,36.35045,32.04418
2023-02-05 08:28:27,0.04561289,36.34862,32.04566
2023-02-05 08:28:32,0.028888696,36.34679,32.04713
2023-02-05 08:28:37,0.011941495,36.34496,32.0486
2023-02-05 08:28:42,0.010950746,36.34312,32.05006
2023-02-05 08:28:47,-0.043182988,36.34128,32.05153
2023-02-05 08:28:52,0.024855962,36.33945,32.053
2023-02-05 08:28:57,-0.024018231,36.33761,32.05446
2023-02-05 08:29:02,-0.001636887,36.33577,32.05593
2023-02-05 08:29:07,-0.042307924,36.33393,32.05739
2023-02-05 08:29:12,0.020444945,36.33209,32.05885
2023-02-05 08:29:17,0.029860212,36.33024,32.06031
2023-02-05 08:29:22,-0.072311229,36.3284,32.06177
2023-02-05 08:29:27,-0.026046182,36.32655,32.06323
2023-02-05 08:29:32,0.020749454,36.3247,32.06468
2023-02-05 08:29:37,0.00316418,36.32285,32.06614
2023-02-05 08:29:42,-0.0245518,36.316,32.07334
2023-02-05 08:29:47,-0.042031282,36.31416,32.07479
2023-02-05 08:29:52,-0.080873758,36.31232,32.07623
2023-02-05 08:29:57,-0.034671824,36.31047,32.07768
2023-02-05 08:30:02,0.017005626,36.30862,32.07912
2023-02-05 08:30:07,-0.085549101,36.30678,32.08056
2023-02-05 08:30:12,-0.0181637,36.30493,32.082
2023-02-05 08:30:17,-0.041052969,36.30308,32.08344
2023-02-05 08:30:22,0.026047993,36.30122,32.08488
2023-02-05 08:30:27,-0.018256614,36.29937,32.08632
2023-02-05 08:30:32,-0.009310795,36.29751,32.08775
2023-02-05 08:30:37,0.009864444,36.29566,32.08919
2023-02-05 08:30:42,-0.00958251,36.2938,32.09062
2023-02-05 08:30:47,0.005995229,36.29194,32.09206
2023-02-05 08:30:52,0.00902784,36.29008,32.09349
2023-02-05 08:30:57,0.001538397,36.28822,32.09492
2023-02-05 08:31:02,-0.011143731,36.28636,32.09634
2023-02-05 08:31:07,0.002579418,36.27963,32.10342
2023-02-05 08:31:12,-0.0050717,36.27777,32.10484
2023-02-05 08:31:17,-0.044567436,36.27592,32.10625
2023-02-05 08:31:22,0.022288649,36.27406,32.10767
2023-02-05 08:31:27,0.030268291,36.2722,32.10909
2023-02-05 08:31:32,0.006401112,36.27034,32.1105
2023-02-05 08:31:37,-0.017334171,36.26847,32.11192
2023-02-05 08:31:42,0.027779349,36.26661,32.11333
2023-02-05 08:31:47,0.019723969,36.26474,32.11474
2023-02-05 08:31:52,0.033117777,36.26288,32.11615
2023-02-05 08:31:57,-0.033498852,36.26101,32.11756
2023-02-05 08:32:02,0.032689052,36.25914,32.11897
2023-02-05 08:32:07,0.029715042,36.25727,32.12038
2023-02-05 08:32:12,0.016016865,36.2554,32.12179
2023-02-05 08:32:17,0.029093554,36.25353,32.12319
2023-02-05 08:32:22,0.025924031,36.25165,32.12459
2023-02-05 08:32:27,0.022687708,36.24978,32.126
2023-02-05 08:32:32,0.051172683,36.2479,32.1274
2023-02-05 08:32:37,0.053129744,36.2413,32.13433
2023-02-05 08:32:42,0.023227966,36.23943,32.13572
2023-02-05 08:32:47,0.035514313,36.23756,32.13711
2023-02-05 08:32:52,0.016130335,36.23568,32.1385
2023-02-05 08:32:57,0.002003672,36.23381,32.13989
2023-02-05 08:33:02,-0.023046449,36.23193,32.14128
2023-02-05 08:33:07,-0.026851512,36.23006,32.14266
2023-02-05 08:33:12,-0.014742114,36.22818,32.14405
2023-02-05 08:33:17,0.066579638,36.2263,32.14544
2023-02-05 08:33:22,0.057215323,36.22442,32.14682
2023-02-05 08:33:27,0.047582212,36.22254,32.1482
2023-02-05 08:33:32,-0.025518338,36.22066,32.14958
2023-02-05 08:33:37,0.076616621,36.21877,32.15096
2023-02-05 08:33:42,-0.012826273,36.21689,32.15234
2023-02-05 08:33:47,-0.011933694,36.215,32.15372
2023-02-05 08:33:52,0.031323976,36.21311,32.15509
2023-02-05 08:33:57,-0.005071155,36.21122,32.15647
2023-02-05 08:34:02,0.054005413,36.20934,32.15784
2023-02-05 08:34:07,0.054746471,36.20286,32.16463
2023-02-05 08:34:12,-0.014079897,36.20098,32.166
2023-02-05 08:34:17,0.050061886,36.19909,32.16736
2023-02-05 08:34:22,0.050344589,36.19721,32.16873
2023-02-05 08:34:27,0.050535677,36.19532,32.17009
2023-02-05 08:34:32,-0.01827429,36.19343,32.17145
2023-02-05 08:34:37,0.061488542,36.19154,32.17281
2023-02-05 08:34:42,0.071867424,36.18965,32.17417
2023-02-05 08:34:47,0.061211105,36.18776,32.17552
2023-02-05 08:34:52,0.002488231,36.18587,32.17688
2023-02-05 08:34:57,0.071204048,36.18397,32.17824
2023-02-05 08:35:02,0.054731902,36.18208,32.17959
2023-02-05 08:35:07,0.075468437,36.18018,32.18094
2023-02-05 08:35:12,0.042994103,36.17828,32.18229
2023-02-05 08:35:17,0.04753575,36.17638,32.18364
2023-02-05 08:35:22,-0.022645768,36.17448,32.18499
2023-02-05 08:35:27,-0.012983791,36.17258,32.18634
2023-02-05 08:35:32,0.060340247,36.17068,32.18769
2023-02-05 08:35:37,0.059128119,36.16877,32.18903
2023-02-05 08:35:42,-0.021760895,36.16244,32.19568
2023-02-05 08:35:47,-0.012531904,36.16054,32.19702
2023-02-05 08:35:52,0.055024793,36.15864,32.19835
2023-02-05 08:35:57,0.01606151,36.15674,32.19969
2023-02-05 08:36:02,0.051603874,36.15484,32.20102
2023-02-05 08:36:07,0.055052524,36.15294,32.20235
2023-02-05 08:36:12,0.026596819,36.15104,32.20368
2023-02-05 08:36:17,0.029623531,36.14913,32.20502
2023-02-05 08:36:22,0.022253854,36.14723,32.20634
2023-02-05 08:36:27,0.019905498,36.14532,32.20767
2023-02-05 08:36:32,-0.072980302,36.14341,32.209
2023-02-05 08:36:37,-0.059578393,36.1415,32.21032
2023-02-05 08:36:42,0.022610705,36.13959,32.21165
2023-02-05 08:36:47,0.007308197,36.13768,32.21297
2023-02-05 08:36:52,-0.057412188,36.13577,32.21429
2023-02-05 08:36:57,0.008608809,36.13385,32.21561
2023-02-05 08:37:02,-0.031712226,36.13194,32.21693
2023-02-05 08:37:07,0.012739227,36.13002,32.21825
2023-02-05 08:37:12,-0.001373985,36.12811,32.21957
2023-02-05 08:37:17,0.011035522,36.12619,32.22089
2023-02-05 08:37:22,0.012657764,36.12,32.22738
2023-02-05 08:37:27,-0.022967206,36.11809,32.22869
2023-02-05 08:37:32,-0.016271799,36.11618,32.23
2023-02-05 08:37:37,-0.004566187,36.11427,32.2313
2023-02-05 08:37:42,-0.008599502,36.11235,32.23261
2023-02-05 08:37:47,-0.012953437,36.11043,32.23391
2023-02-05 08:37:52,-0.022768043,36.10851,32.23521
2023-02-05 08:37:57,0.020394975,36.1066,32.23651
2023-02-05 08:38:02,0.004987652,36.10468,32.23781
2023-02-05 08:38:07,-0.005031229,36.10276,32.23911
2023-02-05 08:38:12,0.000426862,36.10083,32.24041
2023-02-05 08:38:17,-0.0100469,36.09891,32.24171
2023-02-05 08:38:22,-0.068431989,36.09698,32.243
2023-02-05 08:38:27,-0.09497033,36.09506,32.2443
2023-02-05 08:38:32,-0.010093699,36.09313,32.24559
2023-02-05 08:38:37,-0.026428019,36.0912,32.24688
2023-02-05 08:38:42,-0.02157526,36.08928,32.24817
2023-02-05 08:38:47,-0.01171574,36.08734,32.24946
2023-02-05 08:38:52,-0.028257523,36.08541,32.25075
2023-02-05 08:38:57,-0.087761318,36.08348,32.25203
2023-02-05 08:39:02,-0.027452877,36.07745,32.25839
2023-02-05 08:39:07,0.016501403,36.07553,32.25967
2023-02-05 08:39:12,-0.01674802,36.0736,32.26094
2023-02-05 08:39:17,-0.044608126,36.07167,32.26222
2023-02-05 08:39:22,-0.099248341,36.06974,32.2635
2023-02-05 08:39:27,0.005307869,36.06781,32.26477
2023-02-05 08:39:32,-0.001812803,36.06588,32.26604
2023-02-05 08:39:37,-0.072640505,36.06395,32.26731
2023-02-05 08:39:42,-0.011109724,36.06201,32.26858
2023-02-05 08:39:47,-0.045073689,36.06008,32.26985
2023-02-05 08:39:52,-0.058034668,36.05814,32.27112
2023-02-05 08:39:57,-0.012682468,36.05621,32.27239
2023-02-05 08:40:02,-0.015233735,36.05427,32.27365
2023-02-05 08:40:07,-0.017908557,36.05233,32.27492
2023-02-05 08:40:12,-0.089804459,36.05039,32.27618
2023-02-05 08:40:17,0.008164595,36.04845,32.27744
2023-02-05 08:40:22,-0.0160035,36.04651,32.27871
2023-02-05 08:40:27,-0.003361788,36.04456,32.27997
2023-02-05 08:40:32,-0.017106552,36.04262,32.28122
2023-02-05 08:40:37,-0.020498017,36.04067,32.28248
2023-02-05 08:40:42,-0.018674346,36.03873,32.28374
2023-02-05 08:40:47,-0.000974144,36.03678,32.28499
2023-02-05 08:40:52,-0.036684856,36.03092,32.29119
2023-02-05 08:40:57,0.001922831,36.02898,32.29244
2023-02-05 08:41:02,-0.023156212,36.02704,32.29369
2023-02-05 08:41:07,-0.037872558,36.02509,32.29493
2023-02-05 08:41:12,0.000605481,36.02315,32.29617
2023-02-05 08:41:17,-0.008988855,36.0212,32.29742
2023-02-05 08:41:22,-0.087973268,36.01926,32.29866
2023-02-05 08:41:27,-0.007159506,36.01731,32.2999
2023-02-05 08:41:32,-0.027711264,36.01536,32.30114
2023-02-05 08:41:37,-0.005909281,36.01341,32.30238
2023-02-05 08:41:42,-0.010659547,36.01146,32.30361
2023-02-05 08:41:47,-0.004840898,36.00951,32.30485
2023-02-05 08:41:52,-0.057549622,36.00756,32.30608
2023-02-05 08:41:57,0.006532744,36.0056,32.30732
2023-02-05 08:42:02,0.01190181,36.00365,32.30855
2023-02-05 08:42:07,-0.019929765,36.00169,32.30978
2023-02-05 08:42:12,0.012308622,35.99974,32.31101
2023-02-05 08:42:17,0.001450019,35.99778,32.31224
2023-02-05 08:42:22,-0.009292682,35.99582,32.31347
2023-02-05 08:42:27,0.001212553,35.99386,32.31469
2023-02-05 08:42:32,-0.078579401,35.9919,32.31592
2023-02-05 08:42:37,-0.00463193,35.98994,32.31714
2023-02-05 08:42:42,0.000343318,35.98797,32.31837
2023-02-05 08:42:47,-0.047851466,35.98229,32.3244
2023-02-05 08:42:52,0.01525224,35.98034,32.32562
2023-02-05 08:42:57,-0.075696405,35.97838,32.32683
2023-02-05 08:43:02,-0.001661111,35.97642,32.32805
2023-02-05 08:43:07,0.008174642,35.97446,32.32926
2023-02-05 08:43:12,-0.003166295,35.9725,32.33047
2023-02-05 08:43:17,-0.041010947,35.97054,32.33168
2023-02-05 08:43:22,-0.073757711,35.96858,32.33288
2023-02-05 08:43:27,-0.00546506,35.96661,32.33409
2023-02-05 08:43:32,0.004353054,35.96465,32.3353
2023-02-05 08:43:37,-0.012511099,35.96268,32.3365
2023-02-05 08:43:42,-0.002755531,35.96072,32.33771
2023-02-05 08:43:47,-0.051465336,35.95875,32.33891
2023-02-05 08:43:52,0.027147904,35.95678,32.34011
2023-02-05 08:43:57,0.042162125,35.95481,32.34131
2023-02-05 08:44:02,-0.022599628,35.95284,32.34251
2023-02-05 08:44:07,-0.023797701,35.95087,32.34371
2023-02-05 08:44:12,-0.024817029,35.94889,32.3449
2023-02-05 08:44:17,-0.052304044,35.94692,32.3461
2023-02-05 08:44:22,0.015761328,35.94495,32.3473
2023-02-05 08:44:27,-0.022583637,35.94297,32.34849
2023-02-05 08:44:32,-0.018288564,35.94099,32.34968
2023-02-05 08:44:37,0.003003424,35.93902,32.35087
2023-02-05 08:44:42,0.027435197,35.93352,32.35675
2023-02-05 08:44:47,0.026611422,35.93155,32.35793
2023-02-05 08:44:52,0.041409659,35.92958,32.35912
2023-02-05 08:44:57,0.051084459,35.9276,32.3603
2023-02-05 08:45:02,-0.013840539,35.92563,32.36148
2023-02-05 08:45:07,0.064973993,35.92365,32.36265
2023-02-05 08:45:12,0.026936168,35.92168,32.36383
2023-02-05 08:45:17,-0.048573217,35.9197,32.36501
2023-02-05 08:45:22,-0.027922583,35.91772,32.36618
2023-02-05 08:45:27,0.045490128,35.91575,32.36736
2023-02-05 08:45:32,0.028712054,35.91377,32.36853
2023-02-05 08:45:37,0.05461321,35.91178,32.3697
2023-02-05 08:45:42,0.016788583,35.9098,32.37087
2023-02-05 08:45:47,0.037257837,35.90782,32.37204
2023-02-05 08:45:52,0.068626005,35.90584,32.37321
2023-02-05 08:45:57,-0.02768221,35.90385,32.37438
2023-02-05 08:46:02,0.056709664,35.90187,32.37555
2023-02-05 08:46:07,-0.023497834,35.89988,32.37671
2023-02-05 08:46:12,0.045210999,35.89789,32.37788
2023-02-05 08:46:17,0.04507393,35.8959,32.37904
2023-02-05 08:46:22,-0.018957313,35.89391,32.3802
2023-02-05 08:46:27,0.065745359,35.89192,32.38136
2023-02-05 08:46:32,-0.003478404,35.88993,32.38252
2023-02-05 08:46:37,0.060047101,35.88794,32.38368
2023-02-05 08:46:42,0.060259638,35.88594,32.38484
2023-02-05 08:46:47,-0.019589577,35.88395,32.38599
2023-02-05 08:46:52,0.039218726,35.87867,32.39169
2023-02-05 08:46:57,0.05527937,35.87668,32.39284
2023-02-05 08:47:02,0.044965127,35.87469,32.39399
2023-02-05 08:47:07,0.043925321,35.8727,32.39514
2023-02-05 08:47:12,0.045411924,35.87071,32.39628
2023-02-05 08:47:17,0.057379854,35.86872,32.39742
2023-02-05 08:47:22,0.041904278,35.86673,32.39857
2023-02-05 08:47:27,0.036771905,35.86473,32.39971
2023-02-05 08:47:32,0.030841191,35.86274,32.40085
2023-02-05 08:47:37,0.049924934,35.86074,32.40199
2023-02-05 08:47:42,0.035030875,35.85875,32.40313
2023-02-05 08:47:47,0.036228896,35.85675,32.40426
2023-02-05 08:47:52,-0.04222738,35.85475,32.4054
2023-02-05 08:47:57,-0.045958991,35.85276,32.40653
2023-02-05 08:48:02,0.003335166,35.85076,32.40767
2023-02-05 08:48:07,-0.064139171,35.84875,32.4088
2023-02-05 08:48:12,-0.019955624,35.84675,32.40993
2023-02-05 08:48:17,0.029669622,35.84475,32.41106
2023-02-05 08:48:22,0.031438817,35.84275,32.41219
2023-02-05 08:48:27,0.017713347,35.84074,32.41332
2023-02-05 08:48:32,-0.012076568,35.83874,32.41444
2023-02-05 08:48:37,0.027348929,35.83673,32.41557
2023-02-05 08:48:42,0.029963528,35.83472,32.41669
2023-02-05 08:48:47,-0.03659175,35.83271,32.41782
2023-02-05 08:48:52,0.024510054,35.8307,32.41894
2023-02-05 08:48:57,0.011304226,35.8287,32.42006
2023-02-05 08:49:02,0.00354989,35.82668,32.42118
2023-02-05 08:49:07,-0.073180703,35.82162,32.42671
2023-02-05 08:49:12,-0.054230467,35.81962,32.42782
2023-02-05 08:49:17,0.002343214,35.81761,32.42893
2023-02-05 08:49:22,-0.074206812,35.81561,32.43004
2023-02-05 08:49:27,-0.017384267,35.8136,32.43115
2023-02-05 08:49:32,-0.061705142,35.81159,32.43226
2023-02-05 08:49:37,-0.009961996,35.80959,32.43337
2023-02-05 08:49:42,-0.016722261,35.80758,32.43447
2023-02-05 08:49:47,0.013952666,35.80557,32.43558
2023-02-05 08:49:52,0.012774315,35.80356,32.43668
2023-02-05 08:49:57,-0.036056952,35.80154,32.43778
2023-02-05 08:50:02,0.000135756,35.79953,32.43888
2023-02-05 08:50:07,-0.011324338,35.79752,32.43998
2023-02-05 08:50:12,-0.022658583,35.7955,32.44108
2023-02-05 08:50:17,-0.055186895,35.79349,32.44218
2023-02-05 08:50:22,0.02433834,35.79147,32.44328
2023-02-05 08:50:27,0.002529865,35.78945,32.44438
2023-02-05 08:50:32,-0.002783644,35.78743,32.44547
2023-02-05 08:50:37,0.002496419,35.78541,32.44656
2023-02-05 08:50:42,0.013039593,35.78339,32.44765
2023-02-05 08:50:47,-0.066331853,35.78137,32.44875
2023-02-05 08:50:52,0.002895082,35.77935,32.44984
2023-02-05 08:50:57,-0.033783867,35.77733,32.45092
2023-02-05 08:51:02,0.003895966,35.7753,32.45201
2023-02-05 08:51:07,0.025896082,35.77328,32.4531
2023-02-05 08:51:12,-0.026413587,35.77125,32.45419
2023-02-05 08:51:17,-0.041486572,35.76923,32.45527
2023-02-05 08:51:22,0.010264229,35.7672,32.45635
2023-02-05 08:51:27,0.024464253,35.76517,32.45743
2023-02-05 08:51:32,0.063036674,35.76035,32.46278
2023-02-05 08:51:37,-0.041804998,35.75833,32.46385
2023-02-05 08:51:42,0.039250583,35.75631,32.46493
2023-02-05 08:51:47,-0.044240098,35.75429,32.466
2023-02-05 08:51:52,0.042554483,35.75226,32.46707
2023-02-05 08:51:57,0.033898387,35.75024,32.46814
2023-02-05 08:52:02,0.035627019,35.74822,32.46921
2023-02-05 08:52:07,0.03764982,35.74619,32.47028
2023-02-05 08:52:12,0.013315478,35.74416,32.47135
2023-02-05 08:52:17,0.05265992,35.74213,32.47241
2023-02-05 08:52:22,0.04965382,35.74011,32.47348
2023-02-05 08:52:27,0.057404395,35.73808,32.47454
2023-02-05 08:52:32,0.059919708,35.73605,32.4756
2023-02-05 08:52:37,0.051867969,35.73401,32.47666
2023-02-05 08:52:42,0.033437339,35.73198,32.47772
2023-02-05 08:52:47,0.052214523,35.72995,32.47878
2023-02-05 08:52:52,0.044238183,35.72792,32.47984
2023-02-05 08:52:57,0.004747328,35.72588,32.4809
2023-02-05 08:53:02,0.055566523,35.72384,32.48196
2023-02-05 08:53:07,0.026897287,35.72181,32.48301
2023-02-05 08:53:12,0.051414294,35.71977,32.48406
2023-02-05 08:53:17,0.017377376,35.71773,32.48512
2023-02-05 08:53:22,0.041851826,35.71569,32.48617
2023-02-05 08:53:27,0.055927094,35.71365,32.48722
2023-02-05 08:53:32,0.054270594,35.71161,32.48827
2023-02-05 08:53:37,0.041829204,35.70957,32.48932
2023-02-05 08:53:42,-0.002338834,35.70753,32.49036
2023-02-05 08:53:47,0.049111089,35.70549,32.49141
2023-02-05 08:53:52,-0.04271815,35.70344,32.49245
2023-02-05 08:53:57,-0.049785102,35.7014,32.4935
2023-02-05 08:54:02,0.044468451,35.69935,32.49454
2023-02-05 08:54:07,0.000574304,35.6973,32.49558
2023-02-05 08:54:12,0.025825424,35.69276,32.50073
2023-02-05 08:54:17,-0.028637943,35.69072,32.50176
2023-02-05 08:54:22,0.055136828,35.68868,32.5028
2023-02-05 08:54:27,0.053671444,35.68664,32.50383
2023-02-05 08:54:32,-0.043126009,35.6846,32.50486
2023-02-05 08:54:37,0.019435842,35.68256,32.50589
2023-02-05 08:54:42,-0.013530343,35.68051,32.50692
2023-02-05 08:54:47,-0.009350316,35.67847,32.50794
2023-02-05 08:54:52,0.010653059,35.67642,32.50897
2023-02-05 08:54:57,0.036198112,35.67438,32.51
2023-02-05 08:55:02,0.035111968,35.67233,32.51102
2023-02-05 08:55:07,-0.008407654,35.67028,32.51204
2023-02-05 08:55:12,0.038503563,35.66824,32.51307
2023-02-05 08:55:17,0.010615337,35.66619,32.51409
2023-02-05 08:55:22,0.009764387,35.66414,32.51511
2023-02-05 08:55:27,0.008727036,35.66209,32.51613
2023-02-05 08:55:32,-0.002094787,35.66003,32.51715
2023-02-05 08:55:37,-0.041316447,35.65798,32.51816
2023-02-05 08:55:42,-0.005049599,35.65593,32.51918
2023-02-05 08:55:47,-0.011239185,35.65388,32.52019
2023-02-05 08:55:52,0.014159764,35.65182,32.52121
2023-02-05 08:55:57,0.013086434,35.64976,32.52222
2023-02-05 08:56:02,-0.025121873,35.64771,32.52323
2023-02-05 08:56:07,-0.047359036,35.64565,32.52424
2023-02-05 08:56:12,0.036409586,35.64359,32.52525
2023-02-05 08:56:17,0.003276657,35.64153,32.52626
2023-02-05 08:56:22,0.012756167,35.63947,32.52726
2023-02-05 08:56:27,0.017066629,35.63741,32.52827
2023-02-05 08:56:32,-0.021484813,35.63535,32.52928
2023-02-05 08:56:37,-0.091860289,35.63329,32.53028
2023-02-05 08:56:42,0.002383206,35.63123,32.53128
2023-02-05 08:56:47,-0.073209293,35.62916,32.53228
2023-02-05 08:56:52,0.026281585,35.6271,32.53328
2023-02-05 08:56:57,-0.006949354,35.62503,32.53428
2023-02-05 08:57:02,0.002221134,35.62297,32.53528
2023-02-05 08:57:07,-0.084406367,35.61873,32.54022
2023-02-05 08:57:12,-0.022038932,35.61667,32.54121
2023-02-05 08:57:17,-0.066133997,35.61461,32.5422
2023-02-05 08:57:22,0.017061049,35.61255,32.54319
2023-02-05 08:57:27,0.00996906,35.61049,32.54418
2023-02-05 08:57:32,-0.023643563,35.60843,32.54516
2023-02-05 08:57:37,-0.035999973,35.60637,32.54615
2023-02-05 08:57:42,-0.006353773,35.60431,32.54713
2023-02-05 08:57:47,-0.013513417,35.60224,32.54812
2023-02-05 08:57:52,0.016376292,35.60018,32.5491
2023-02-05 08:57:57,-0.055074096,35.59811,32.55008
2023-02-05 08:58:02,-0.024645779,35.59605,32.55106
2023-02-05 08:58:07,-0.011649903,35.59398,32.55204
2023-02-05 08:58:12,-0.046016855,35.59191,32.55302
2023-02-05 08:58:17,-0.021643069,35.58984,32.554
2023-02-05 08:58:22,0.002269376,35.58778,32.55497
2023-02-05 08:58:27,-0.005689437,35.5857,32.55595
2023-02-05 08:58:32,-0.013541672,35.58363,32.55692
2023-02-05 08:58:37,-0.069638732,35.58156,32.55789
2023-02-05 08:58:42,-0.088322761,35.57949,32.55887
2023-02-05 08:58:47,-0.059506144,35.57742,32.55984
2023-02-05 08:58:52,-0.051908306,35.57534,32.56081
2023-02-05 08:58:57,-0.023081411,35.57327,32.56177
2023-02-05 08:59:02,-0.031655763,35.57119,32.56274
2023-02-05 08:59:07,-0.003013803,35.56912,32.56371
2023-02-05 08:59:12,-0.001115414,35.56704,32.56467
2023-02-05 08:59:17,-0.063080716,35.56496,32.56564
2023-02-05 08:59:22,-0.082883466,35.56288,32.5666
2023-02-05 08:59:27,0.009145038,35.56081,32.56756
2023-02-05 08:59:32,-0.042451239,35.55873,32.56852
2023-02-05 08:59:37,0.001411628,35.55665,32.56948
2023-02-05 08:59:42,-0.002603574,35.55456,32.57044
2023-02-05 08:59:47,-0.027847996,35.55248,32.5714
2023-02-05 08:59:52,-0.00541403,35.5504,32.57236
2023-02-05 08:59:57,-0.031050407,35.54832,32.57331
2023-02-05 09:00:02,-0.008818998,35.54623,32.57427
2023-02-05 09:00:07,-0.039988715,35.54414,32.57522
2023-02-05 09:00:12,-0.018151911,35.54206,32.57617
2023-02-05 09:00:17,-0.044006179,35.53997,32.57712
2023-02-05 09:00:22,0.004465144,35.53789,32.57807
2023-02-05 09:00:27,-0.090883821,35.5358,32.57902
2023-02-05 09:00:32,-0.000359998,35.53193,32.58372
2023-02-05 09:00:37,-0.021296454,35.52985,32.58466
2023-02-05 09:00:42,-0.010546901,35.52776,32.58561
2023-02-05 09:00:47,-0.026550199,35.52568,32.58655
2023-02-05 09:00:52,-0.106425154,35.5236,32.58749
2023-02-05 09:00:57,-0.074665118,35.52152,32.58842
2023-02-05 09:01:02,-0.011218597,35.51944,32.58936
2023-02-05 09:01:07,-0.070082044,35.51735,32.5903
2023-02-05 09:01:12,-0.054619063,35.51526,32.59123
2023-02-05 09:01:17,-0.007468812,35.51318,32.59217
2023-02-05 09:01:22,-0.050838302,35.51109,32.5931
2023-02-05 09:01:27,-0.030349701,35.509,32.59403
2023-02-05 09:01:32,0.005837769,35.50692,32.59496
2023-02-05 09:01:37,-0.048302773,35.50483,32.59589
2023-02-05 09:01:42,-0.049433866,35.50274,32.59682
2023-02-05 09:01:47,-0.018684212,35.50065,32.59775
2023-02-05 09:01:52,-0.041332072,35.49856,32.59867
2023-02-05 09:01:57,0.005211427,35.49647,32.5996
2023-02-05 09:02:02,-0.001641005,35.49437,32.60052
2023-02-05 09:02:07,0.028529473,35.49228,32.60145
2023-02-05 09:02:12,-0.026293264,35.49019,32.60237
2023-02-05 09:02:17,-0.001452111,35.48809,32.60329
2023-02-05 09:02:22,0.012445164,35.486,32.60421
2023-02-05 09:02:27,-0.031998677,35.4839,32.60513
2023-02-05 09:02:32,0.040342851,35.4818,32.60605
2023-02-05 09:02:37,0.016845357,35.47971,32.60696
2023-02-05 09:02:42,-0.022541725,35.47761,32.60788
2023-02-05 09:02:47,-0.035749045,35.47551,32.60879
2023-02-05 09:02:52,-0.016684331,35.47341,32.60971
2023-02-05 09:02:57,-0.046056693,35.47131,32.61062
2023-02-05 09:03:02,0.047263171,35.46921,32.61153
2023-02-05 09:03:07,-0.00074582,35.46711,32.61244
2023-02-05 09:03:12,0.030921263,35.46501,32.61335
2023-02-05 09:03:17,-0.009068738,35.4629,32.61426
2023-02-05 09:03:22,0.025287527,35.4608,32.61517
2023-02-05 09:03:27,-0.020385787,35.4587,32.61607
2023-02-05 09:03:32,0.013619386,35.45659,32.61698
2023-02-05 09:03:37,0.01042661,35.45448,32.61788
2023-02-05 09:03:42,0.023336156,35.45238,32.61879
2023-02-05 09:03:47,-0.001521105,35.45027,32.61969
2023-02-05 09:03:52,0.016375596,35.44816,32.62059
2023-02-05 09:03:57,0.055327128,35.44606,32.62149
2023-02-05 09:04:02,0.024918657,35.44395,32.62239
2023-02-05 09:04:07,0.06429284,35.44184,32.62329
2023-02-05 09:04:12,0.028598534,35.43973,32.62418
2023-02-05 09:04:17,0.040803182,35.43762,32.62508
2023-02-05 09:04:22,-0.032149876,35.4355,32.62597
2023-02-05 09:04:27,0.001046486,35.43339,32.62686
2023-02-05 09:04:32,0.045025683,35.42996,32.6313
2023-02-05 09:04:37,0.051629318,35.42785,32.63219
2023-02-05 09:04:42,0.05797718,35.42575,32.63308
2023-02-05 09:04:47,0.016672344,35.42364,32.63396
2023-02-05 09:04:52,0.060202068,35.42154,32.63485
2023-02-05 09:04:57,-0.018538007,35.41943,32.63573
2023-02-05 09:05:02,0.040857543,35.41732,32.63661
2023-02-05 09:05:07,-0.011354979,35.41521,32.63749
2023-02-05 09:05:12,0.000141514,35.4131,32.63837
2023-02-05 09:05:17,0.080677686,35.41099,32.63925
2023-02-05 09:05:22,0.044088079,35.40888,32.64013
2023-02-05 09:05:27,0.065880016,35.40677,32.641
2023-02-05 09:05:32,0.048985896,35.40466,32.64188
2023-02-05 09:05:37,0.052326095,35.40255,32.64276
2023-02-05 09:05:42,0.056873065,35.40044,32.64363
2023-02-05 09:05:47,0.025525735,35.39832,32.6445
2023-02-05 09:05:52,0.07902301,35.39621,32.64537
2023-02-05 09:05:57,0.063368869,35.3941,32.64624
2023-02-05 09:06:02,0.063652569,35.39198,32.64711
2023-02-05 09:06:07,0.04151754,35.38986,32.64798
2023-02-05 09:06:12,0.058545786,35.38775,32.64885
2023-02-05 09:06:17,-0.010231311,35.38563,32.64972
2023-02-05 09:06:22,0.032299103,35.38351,32.65058
2023-02-05 09:06:27,0.058790659,35.38139,32.65144
2023-02-05 09:06:32,0.069624362,35.37927,32.65231
2023-02-05 09:06:37,0.016260695,35.37715,32.65317
2023-02-05 09:06:42,0.053457814,35.37503,32.65403
2023-02-05 09:06:47,0.015988953,35.37291,32.65489
2023-02-05 09:06:52,0.036911722,35.37079,32.65575
2023-02-05 09:06:57,0.079298207,35.36867,32.65661
2023-02-05 09:07:02,0.031220274,35.36654,32.65746
2023-02-05 09:07:07,0.057334765,35.36442,32.65832
2023-02-05 09:07:12,0.046284704,35.3623,32.65918
2023-02-05 09:07:17,0.061838993,35.36017,32.66003
2023-02-05 09:07:22,0.024049313,35.35805,32.66088
2023-02-05 09:07:27,0.065973429,35.35592,32.66173
2023-02-05 09:07:32,0.022955188,35.35379,32.66258
2023-02-05 09:07:37,0.001022219,35.35166,32.66344
2023-02-05 09:07:42,0.040749937,35.34954,32.66428
2023-02-05 09:07:47,0.063622943,35.34741,32.66513
2023-02-05 09:07:52,-0.011549979,35.34528,32.66598
2023-02-05 09:07:57,0.019260948,35.34315,32.66682
2023-02-05 09:08:02,0.071729086,35.34102,32.66767
2023-02-05 09:08:07,0.06552499,35.33889,32.66851
2023-02-05 09:08:12,0.048618305,35.33675,32.66935
2023-02-05 09:08:17,0.05279817,35.33462,32.6702
2023-02-05 09:08:22,0.004207319,35.33249,32.67104
2023-02-05 09:08:27,0.056080882,35.33036,32.67188
2023-02-05 09:08:32,0.039003984,35.32822,32.67271
2023-02-05 09:08:37,-0.031223946,35.32609,32.67355
2023-02-05 09:08:42,0.015573816,35.32395,32.67439
2023-02-05 09:08:47,0.0354896,35.32182,32.67522
2023-02-05 09:08:52,0.02909464,35.31968,32.67606
2023-02-05 09:08:57,0.059586772,35.31754,32.67689
2023-02-05 09:09:02,0.036928543,35.3154,32.67772
2023-02-05 09:09:07,0.030218506,35.31326,32.67855
2023-02-05 09:09:12,-0.050961173,35.31112,32.67938
2023-02-05 09:09:17,-0.036433718,35.30898,32.68021
2023-02-05 09:09:22,0.046961062,35.30685,32.68104
2023-02-05 09:09:27,0.045417174,35.3047,32.68187
2023-02-05 09:09:32,-0.009275959,35.30256,32.68269
2023-02-05 09:09:37,-0.042689593,35.30042,32.68352
2023-02-05 09:09:42,0.019414636,35.29828,32.68434
2023-02-05 09:09:47,0.038839815,35.29613,32.68517
2023-02-05 09:09:52,0.026626854,35.29329,32.68928
2023-02-05 09:09:57,-0.00732541,35.29116,32.69009
2023-02-05 09:10:02,-0.030466212,35.28902,32.69091
2023-02-05 09:10:07,0.036773043,35.28689,32.69172
2023-02-05 09:10:12,0.019076479,35.28475,32.69254
2023-02-05 09:10:17,0.022471854,35.28261,32.69335
2023-02-05 09:10:22,-0.064587739,35.28048,32.69416
2023-02-05 09:10:27,-0.056125973,35.27834,32.69497
2023-02-05 09:10:32,-0.010200281,35.2762,32.69578
2023-02-05 09:10:37,-0.054918259,35.27406,32.69659
2023-02-05 09:10:42,-0.041041663,35.27192,32.6974
2023-02-05 09:10:47,0.036569696,35.26978,32.69821
2023-02-05 09:10:52,0.018399846,35.26764,32.69901
2023-02-05 09:10:57,-0.037111837,35.2655,32.69982
2023-02-05 09:11:02,-0.027528533,35.26335,32.70062
2023-02-05 09:11:07,-0.030780273,35.26121,32.70142
2023-02-05 09:11:12,-0.049074342,35.25907,32.70223
2023-02-05 09:11:17,-0.056737374,35.25693,32.70303
2023-02-05 09:11:22,-0.016649253,35.25478,32.70383
2023-02-05 09:11:27,-0.003047111,35.25264,32.70463
2023-02-05 09:11:32,-0.101208328,35.25049,32.70542
2023-02-05 09:11:37,0.00257187,35.24834,32.70622
2023-02-05 09:11:42,-0.005218689,35.2462,32.70702
2023-02-05 09:11:47,-0.055480124,35.24405,32.70781
2023-02-05 09:11:52,-0.063313095,35.2419,32.70861
2023-02-05 09:11:57,-0.012726509,35.23975,32.7094
2023-02-05 09:12:02,-0.089694815,35.2376,32.71019
2023-02-05 09:12:07,-0.113570604,35.23546,32.71098
2023-02-05 09:12:12,-0.015063213,35.2333,32.71177
2023-02-05 09:12:17,-0.081415516,35.23115,32.71256
2023-02-05 09:12:22,-0.031092135,35.229,32.71335
2023-02-05 09:12:27,-0.04416613,35.22685,32.71414
2023-02-05 09:12:32,-0.068098206,35.2247,32.71492
2023-02-05 09:12:37,-0.065386507,35.22255,32.71571
2023-02-05 09:12:42,-0.036029324,35.22039,32.71649
2023-02-05 09:12:47,-0.044173886,35.21824,32.71727
2023-02-05 09:12:52,-0.115896867,35.21608,32.71805
2023-02-05 09:12:57,-0.059890087,35.21393,32.71884
2023-02-05 09:13:02,-0.057368607,35.21177,32.71961
2023-02-05 09:13:07,-0.071299833,35.20962,32.72039
2023-02-05 09:13:12,-0.121022218,35.20746,32.72117
2023-02-05 09:13:17,-0.065175562,35.2053,32.72195
2023-02-05 09:13:22,-0.04129511,35.20315,32.72272
2023-02-05 09:13:27,-0.064987557,35.20099,32.7235
2023-02-05 09:13:32,-0.062393048,35.19883,32.72427
2023-02-05 09:13:37,-0.070247277,35.19667,32.72505
2023-02-05 09:13:42,-0.099207592,35.19451,32.72582
2023-02-05 09:13:47,-0.027254393,35.19235,32.72659
2023-02-05 09:13:52,-0.035221537,35.19019,32.72736
2023-02-05 09:13:57,-0.058766436,35.18803,32.72813
2023-02-05 09:14:02,-0.054925661,35.18586,32.7289
2023-02-05 09:14:07,-0.042173742,35.1837,32.72966
2023-02-05 09:14:12,-0.049809373,35.18154,32.73043
2023-02-05 09:14:17,-0.05759311,35.17938,32.73119
2023-02-05 09:14:22,-0.107590276,35.17721,32.73196
2023-02-05 09:14:27,-0.051321663,35.17505,32.73272
2023-02-05 09:14:32,-0.117209531,35.17288,32.73348
2023-02-05 09:14:37,-0.023716814,35.17072,32.73424
2023-02-05 09:14:42,-0.03105492,35.16855,32.735
2023-02-05 09:14:47,-0.038333036,35.16638,32.73576
2023-02-05 09:14:52,-0.040027927,35.16422,32.73652
2023-02-05 09:14:57,-0.026047641,35.16205,32.73728
2023-02-05 09:15:02,-0.04359691,35.15988,32.73803
2023-02-05 09:15:07,-0.018815456,35.15771,32.73879
2023-02-05 09:15:12,-0.07885659,35.15554,32.73954
2023-02-05 09:15:17,-0.011472414,35.15337,32.7403
2023-02-05 09:15:22,-0.03536953,35.1512,32.74105
2023-02-05 09:15:27,-0.033654037,35.14903,32.7418
2023-02-05 09:15:32,-0.020872935,35.14686,32.74255
2023-02-05 09:15:37,-0.01139243,35.14469,32.7433
2023-02-05 09:15:42,-0.044267135,35.14252,32.74405
2023-02-05 09:15:47,-0.008136576,35.14034,32.74479
2023-02-05 09:15:52,-0.04633449,35.13817,32.74554
2023-02-05 09:15:57,-0.100228633,35.136,32.74629
2023-02-05 09:16:02,-0.069118882,35.13382,32.74703
2023-02-05 09:16:07,0.020729065,35.13165,32.74777
2023-02-05 09:16:12,0.020270881,35.12947,32.74852
2023-02-05 09:16:17,0.009077611,35.1273,32.74926
2023-02-05 09:16:22,-0.006947035,35.12512,32.75
2023-02-05 09:16:27,-0.001721482,35.12294,32.75074
2023-02-05 09:16:32,0.003627606,35.12077,32.75148
2023-02-05 09:16:37,-0.01754648,35.11859,32.75221
2023-02-05 09:16:42,-0.054390693,35.11641,32.75295
2023-02-05 09:16:47,0.025584065,35.11423,32.75368
2023-02-05 09:16:52,0.042114939,35.11212,32.75591
2023-02-05 09:16:57,0.032133418,35.10995,32.75664
2023-02-05 09:17:02,-0.015017867,35.10777,32.75737
2023-02-05 09:17:07,-0.051176946,35.1056,32.7581
2023-02-05 09:17:12,0.024356084,35.10342,32.75883
2023-02-05 09:17:17,0.04140686,35.10124,32.75956
2023-02-05 09:17:22,0.021487748,35.09907,32.76029
2023-02-05 09:17:27,0.049879439,35.09689,32.76101
2023-02-05 09:17:32,0.062054148,35.09471,32.76174
2023-02-05 09:17:37,0.010806011,35.09253,32.76246
2023-02-05 09:17:42,0.033953379,35.09036,32.76318
2023-02-05 09:17:47,-0.02230788,35.08818,32.76391
2023-02-05 09:17:52,0.070258315,35.086,32.76463
2023-02-05 09:17:57,0.08341935,35.08382,32.76535
2023-02-05 09:18:02,0.056978324,35.08164,32.76607
2023-02-05 09:18:07,0.078446635,35.07945,32.76679
2023-02-05 09:18:12,0.065455485,35.07727,32.7675
2023-02-05 09:18:17,0.079282478,35.07509,32.76822
2023-02-05 09:18:22,0.087949211,35.07291,32.76894
2023-02-05 09:18:27,0.080797078,35.07072,32.76965
2023-02-05 09:18:32,0.025847469,35.06854,32.77036
2023-02-05 09:18:37,-0.002089439,35.06636,32.77108
2023-02-05 09:18:42,0.113483723,35.06417,32.77179
2023-02-05 09:18:47,0.027265309,35.06199,32.7725
2023-02-05 09:18:52,0.084748663,35.0598,32.77321
2023-02-05 09:18:57,0.052179108,35.05762,32.77392
2023-02-05 09:19:02,0.057063655,35.05543,32.77462
2023-02-05 09:19:07,0.024495292,35.05324,32.77533
2023-02-05 09:19:12,0.05089109,35.05106,32.77604
2023-02-05 09:19:17,0.098591897,35.04887,32.77674
2023-02-05 09:19:22,0.093359341,35.04668,32.77745
2023-02-05 09:19:27,0.061652325,35.04449,32.77815
2023-02-05 09:19:32,0.094079029,35.0423,32.77885
2023-02-05 09:19:37,0.046921509,35.04011,32.77955
2023-02-05 09:19:42,0.015736894,35.03792,32.78025
2023-02-05 09:19:47,0.038024191,35.03573,32.78095
2023-02-05 09:19:52,0.065622775,35.03354,32.78165
2023-02-05 09:19:57,0.072453202,35.03135,32.78235
2023-02-05 09:20:02,0.047283295,35.02916,32.78304
2023-02-05 09:20:07,0.102040055,35.02697,32.78374
2023-02-05 09:20:12,0.040086154,35.02477,32.78444
2023-02-05 09:20:17,0.04206624,35.02258,32.78513
2023-02-05 09:20:22,0.060009334,35.02039,32.78582
2023-02-05 09:20:27,0.099624233,35.01819,32.78651
2023-02-05 09:20:32,0.091620207,35.016,32.7872
2023-02-05 09:20:37,0.094053003,35.0138,32.78789
2023-02-05 09:20:42,0.065042746,35.01161,32.78858
2023-02-05 09:20:47,0.058909338,35.00941,32.78927
2023-02-05 09:20:52,0.076387959,35.00722,32.78996
2023-02-05 09:20:57,0.06362967,35.00502,32.79064
2023-02-05 09:21:02,0.024558012,35.00282,32.79133
2023-02-05 09:21:07,0.022748309,35.00063,32.79201
2023-02-05 09:21:12,0.04220787,34.99843,32.7927
2023-02-05 09:21:17,0.003746589,34.99623,32.79338
2023-02-05 09:21:22,0.087245846,34.99403,32.79406
2023-02-05 09:21:27,-0.004440289,34.99184,32.79474
2023-02-05 09:21:32,0.068847647,34.98964,32.79542
2023-02-05 09:21:37,0.068021307,34.98744,32.7961
2023-02-05 09:21:42,0.051135241,34.98524,32.79678
2023-02-05 09:21:47,-0.029402705,34.98304,32.79745
2023-02-05 09:21:52,0.049689116,34.98084,32.79813
2023-02-05 09:21:57,0.070451351,34.97863,32.7988
2023-02-05 09:22:02,0.064669054,34.97643,32.79948
2023-02-05 09:22:07,-0.020770416,34.97423,32.80015
2023-02-05 09:22:12,0.03731311,34.97203,32.80082
2023-02-05 09:22:17,0.058572314,34.96982,32.8015
2023-02-05 09:22:22,0.021380392,34.96762,32.80216
2023-02-05 09:22:27,0.058700959,34.96542,32.80283
2023-02-05 09:22:32,0.05327145,34.96321,32.8035
2023-02-05 09:22:37,0.005658425,34.96101,32.80417
2023-02-05 09:22:42,-0.02608473,34.9588,32.80484
2023-02-05 09:22:47,-0.0255923,34.9566,32.8055
2023-02-05 09:22:52,0.054529267,34.95439,32.80617
2023-02-05 09:22:57,0.009023256,34.95219,32.80683
2023-02-05 09:23:02,0.044759492,34.94998,32.80749
2023-02-05 09:23:07,-0.002502255,34.94777,32.80816
2023-02-05 09:23:12,0.003386231,34.94556,32.80882
2023-02-05 09:23:17,-0.001348687,34.94336,32.80948
2023-02-05 09:23:22,0.020597213,34.94115,32.81014
2023-02-05 09:23:27,0.000120404,34.93894,32.81079
2023-02-05 09:23:32,0.032583023,34.93673,32.81145
2023-02-05 09:23:37,-0.02516633,34.93452,32.81211
2023-02-05 09:23:42,-0.040456188,34.93231,32.81276
2023-02-05 09:23:47,0.029347589,34.9301,32.81342
2023-02-05 09:23:52,0.019393112,34.92789,32.81407
2023-02-05 09:23:57,0.014763274,34.92568,32.81472
2023-02-05 09:24:02,-0.011006551,34.92347,32.81538
2023-02-05 09:24:07,-0.074101604,34.92126,32.81603
2023-02-05 09:24:12,0.011448562,34.91905,32.81668
2023-02-05 09:24:17,-0.00946021,34.91684,32.81733
2023-02-05 09:24:22,-0.009445783,34.91462,32.81797
2023-02-05 09:24:27,-0.002575418,34.91241,32.81862
2023-02-05 09:24:32,-0.024173575,34.9102,32.81927
2023-02-05 09:24:37,-0.038715404,34.90798,32.81991
2023-02-05 09:24:42,-0.054293145,34.90577,32.82056
2023-02-05 09:24:47,-0.048419523,34.90355,32.8212
2023-02-05 09:24:52,-0.016341147,34.90078,32.82051
2023-02-05 09:24:57,-0.021451203,34.89856,32.82115
2023-02-05 09:25:02,-0.015975851,34.89634,32.8218
2023-02-05 09:25:07,-0.042369625,34.89412,32.82244
2023-02-05 09:25:12,-0.015929925,34.8919,32.82308
2023-02-05 09:25:17,-0.021369517,34.88967,32.82372
2023-02-05 09:25:22,-0.026714129,34.88745,32.82436
2023-02-05 09:25:27,-0.112107847,34.88523,32.825
2023-02-05 09:25:32,-0.011440712,34.88301,32.82563
2023-02-05 09:25:37,-0.043941516,34.88078,32.82627
2023-02-05 09:25:42,-0.108346802,34.87856,32.8269
2023-02-05 09:25:47,-0.055728857,34.87633,32.82754
2023-02-05 09:25:52,-0.024897612,34.87411,32.82817
2023-02-05 09:25:57,-0.031239436,34.87189,32.82881
2023-02-05 09:26:02,-0.037525538,34.86966,32.82944
2023-02-05 09:26:07,-0.04966146,34.86744,32.83007
2023-02-05 09:26:12,-0.119999174,34.86521,32.8307
2023-02-05 09:26:17,-0.020689284,34.86298,32.83133
2023-02-05 09:26:22,-0.049069417,34.86076,32.83195
2023-02-05 09:26:27,-0.109205427,34.85853,32.83258
2023-02-05 09:26:32,-0.010366688,34.8563,32.83321
2023-02-05 09:26:37,-0.033900894,34.85408,32.83383
2023-02-05 09:26:42,-0.115853153,34.85185,32.83446
2023-02-05 09:26:47,-0.027992691,34.84962,32.83508
2023-02-05 09:26:52,-0.025398245,34.84739,32.8357
2023-02-05 09:26:57,-0.113403564,34.84516,32.83632
2023-02-05 09:27:02,-0.042077204,34.84293,32.83695
2023-02-05 09:27:07,-0.034898827,34.84071,32.83757
2023-02-05 09:27:12,-0.054181702,34.83848,32.83819
2023-02-05 09:27:17,-0.015412102,34.83625,32.8388
2023-02-05 09:27:22,-0.019100498,34.83402,32.83942
2023-02-05 09:27:27,-0.055161264,34.83179,32.84004
2023-02-05 09:27:32,-0.080577572,34.82955,32.84065
2023-02-05 09:27:37,-0.037294591,34.82732,32.84127
2023-02-05 09:27:42,-0.010212988,34.82509,32.84188
2023-02-05 09:27:47,-0.094703321,34.82286,32.84249
2023-02-05 09:27:52,-0.041404246,34.82063,32.84311
2023-02-05 09:27:57,-0.083882909,34.81839,32.84372
2023-02-05 09:28:02,-0.028929948,34.81616,32.84433
2023-02-05 09:28:07,-0.020843993,34.81393,32.84494
2023-02-05 09:28:12,-0.053528164,34.81169,32.84554
2023-02-05 09:28:17,0.01463623,34.80946,32.84615
2023-02-05 09:28:22,0.018800292,34.80723,32.84676
2023-02-05 09:28:27,-0.073017365,34.80499,32.84737
2023-02-05 09:28:32,0.010435984,34.80276,32.84797
2023-02-05 09:28:37,0.013893679,34.80052,32.84857
2023-02-05 09:28:42,-0.073115429,34.79829,32.84918
2023-02-05 09:28:47,-0.049007775,34.79605,32.84978
2023-02-05 09:28:52,-0.024951482,34.79381,32.85038
2023-02-05 09:28:57,0.014660942,34.79158,32.85098
2023-02-05 09:29:02,0.022239802,34.78934,32.85158
2023-02-05 09:29:07,-0.055515085,34.7871,32.85218
2023-02-05 09:29:12,0.031139914,34.78487,32.85278
2023-02-05 09:29:17,0.027319843,34.78263,32.85338
2023-02-05 09:29:22,-0.05631624,34.78039,32.85397
2023-02-05 09:29:27,-0.007524165,34.77815,32.85457
2023-02-05 09:29:32,0.046348651,34.77592,32.85516
2023-02-05 09:29:37,0.041533303,34.77368,32.85575
2023-02-05 09:29:42,0.020668596,34.77144,32.85635
2023-02-05 09:29:47,-0.011296352,34.7692,32.85694
2023-02-05 09:29:52,0.009597385,34.76696,32.85753
2023-02-05 09:29:57,0.035761346,34.76472,32.85812
2023-02-05 09:30:02,-0.002283624,34.76248,32.85871
2023-02-05 09:30:07,0.04983993,34.76024,32.8593
2023-02-05 09:30:12,0.038135969,34.758,32.85988
2023-02-05 09:30:17,0.036652563,34.75576,32.86047
2023-02-05 09:30:22,0.024070687,34.75351,32.86106
2023-02-05 09:30:27,0.032941619,34.75127,32.86164
2023-02-05 09:30:32,-0.033243456,34.74903,32.86223
2023-02-05 09:30:37,0.038713049,34.74679,32.86281
2023-02-05 09:30:42,-0.043762178,34.74454,32.86339
2023-02-05 09:30:47,-0.004083647,34.7423,32.86397
2023-02-05 09:30:52,-0.007477368,34.74006,32.86456
2023-02-05 09:30:57,0.031717146,34.73782,32.86514
2023-02-05 09:31:02,-0.051726018,34.73557,32.86571
2023-02-05 09:31:07,-0.008060679,34.73333,32.86629
2023-02-05 09:31:12,0.046408241,34.73108,32.86687
2023-02-05 09:31:17,0.02069311,34.72884,32.86744
2023-02-05 09:31:22,-0.015724906,34.7266,32.86802
2023-02-05 09:31:27,0.032523344,34.72435,32.8686
2023-02-05 09:31:32,0.021912905,34.7221,32.86917
2023-02-05 09:31:37,0.032584709,34.71986,32.86974
2023-02-05 09:31:42,-0.036536927,34.71761,32.87032
2023-02-05 09:31:47,-4.5099e-05,34.71537,32.87089
2023-02-05 09:31:52,0.02594658,34.71312,32.87146
2023-02-05 09:31:57,-0.012049021,34.71088,32.87203
2023-02-05 09:32:02,0.034637049,34.70863,32.87259
2023-02-05 09:32:07,0.038660518,34.70638,32.87316
2023-02-05 09:32:12,0.020962792,34.70413,32.87373
2023-02-05 09:32:17,0.013906854,34.70189,32.8743
2023-02-05 09:32:22,-0.030473741,34.69964,32.87486
2023-02-05 09:32:27,0.041820236,34.69739,32.87543
2023-02-05 09:32:32,-0.024473217,34.69514,32.87599
2023-02-05 09:32:37,-0.00035503,34.69289,32.87655
2023-02-05 09:32:42,0.03403873,34.69065,32.87711
2023-02-05 09:32:47,-0.021986135,34.6884,32.87768
2023-02-05 09:32:52,0.044008639,34.68615,32.87824
2023-02-05 09:32:57,-0.028568522,34.6839,32.8788
2023-02-05 09:33:02,-0.048027632,34.68165,32.87935
2023-02-05 09:33:07,0.043882952,34.6794,32.87991
2023-02-05 09:33:12,0.040251732,34.67715,32.88047
2023-02-05 09:33:17,-0.059488938,34.6749,32.88102
2023-02-05 09:33:22,-0.037189751,34.67265,32.88158
2023-02-05 09:33:27,0.03291495,34.6704,32.88214
2023-02-05 09:33:32,0.001781173,34.66814,32.88269
2023-02-05 09:33:37,0.013130071,34.66368,32.88087
2023-02-05 09:33:42,0.02946574,34.66142,32.88143
2023-02-05 09:33:47,0.029852822,34.65916,32.88198
2023-02-05 09:33:52,0.019624998,34.6569,32.88254
2023-02-05 09:33:57,0.003544889,34.65463,32.88309
2023-02-05 09:34:02,-0.05493155,34.65237,32.88364
2023-02-05 09:34:07,-0.017984026,34.65011,32.88419
2023-02-05 09:34:12,0.040153284,34.64784,32.88474
2023-02-05 09:34:17,-0.040032564,34.64558,32.88529
2023-02-05 09:34:22,-0.008792786,34.64332,32.88584
2023-02-05 09:34:27,0.027849326,34.64105,32.88638
2023-02-05 09:34:32,0.011078309,34.63879,32.88693
2023-02-05 09:34:37,0.015326719,34.63652,32.88748
2023-02-05 09:34:42,-0.033449167,34.63426,32.88802
2023-02-05 09:34:47,0.018561047,34.63199,32.88856
2023-02-05 09:34:52,-0.014614627,34.62973,32.88911
2023-02-05 09:34:57,-0.026754565,34.62746,32.88965
2023-02-05 09:35:02,-0.049262827,34.6252,32.89019
2023-02-05 09:35:07,-0.040257568,34.62293,32.89073
2023-02-05 09:35:12,-0.009823331,34.62066,32.89127
2023-02-05 09:35:17,-0.048754757,34.6184,32.89181
2023-02-05 09:35:22,-0.029320181,34.61613,32.89235
2023-02-05 09:35:27,0.016885661,34.61386,32.89288
2023-02-05 09:35:32,0.036187334,34.6116,32.89342
2023-02-05 09:35:37,0.0234493,34.60933,32.89396
2023-02-05 09:35:42,-0.004953887,34.60706,32.89449
2023-02-05 09:35:47,0.008849624,34.60479,32.89503
2023-02-05 09:35:52,-0.013433928,34.60253,32.89556
2023-02-05 09:35:57,-0.059240217,34.60026,32.89609
2023-02-05 09:36:02,-0.050707127,34.59799,32.89662
2023-02-05 09:36:07,-0.05819926,34.59572,32.89715
2023-02-05 09:36:12,0.024695564,34.59345,32.89768
2023-02-05 09:36:17,-0.019974194,34.59118,32.89821
2023-02-05 09:36:22,0.009570902,34.58892,32.89874
2023-02-05 09:36:27,0.017777069,34.58664,32.89927
2023-02-05 09:36:32,0.010168691,34.58438,32.8998
2023-02-05 09:36:37,-0.02410067,34.58211,32.90032
2023-02-05 09:36:42,0.005581613,34.57984,32.90085
2023-02-05 09:36:47,-0.050018065,34.57757,32.90137
2023-02-05 09:36:52,-0.047178841,34.5753,32.9019
2023-02-05 09:36:57,-0.017495291,34.57303,32.90242
2023-02-05 09:37:02,-0.020856529,34.57076,32.90294
2023-02-05 09:37:07,0.02571939,34.56848,32.90346
2023-02-05 09:37:12,-0.056490132,34.56621,32.90398
2023-02-05 09:37:17,-0.032082236,34.56394,32.9045
2023-02-05 09:37:22,-0.012981511,34.56167,32.90502
2023-02-05 09:37:27,0.027274906,34.5594,32.90554
2023-02-05 09:37:32,0.003792426,34.55713,32.90606
2023-02-05 09:37:37,-0.046306488,34.55486,32.90657
2023-02-05 09:37:42,0.020699168,34.55258,32.90709
2023-02-05 09:37:47,-0.002784154,34.55031,32.9076
2023-02-05 09:37:52,-0.026002563,34.54804,32.90812
2023-02-05 09:37:57,0.003823576,34.54577,32.90863
2023-02-05 09:38:02,0.007240234,34.54349,32.90914
2023-02-05 09:38:07,0.021369521,34.54122,32.90965
2023-02-05 09:38:12,-0.023074419,34.53895,32.91016
2023-02-05 09:38:17,0.006968994,34.53668,32.91067
2023-02-05 09:38:22,0.03726447,34.5344,32.91118
2023-02-05 09:38:27,-0.044303648,34.53213,32.91169
2023-02-05 09:38:32,0.049892612,34.52985,32.9122
2023-02-05 09:38:37,-0.015357953,34.52758,32.91271
2023-02-05 09:38:42,-0.038086914,34.52531,32.91321
2023-02-05 09:38:47,0.056136878,34.52303,32.91372
2023-02-05 09:38:52,-0.024877702,34.51789,32.91201
2023-02-05 09:38:57,0.053514246,34.5156,32.91252
2023-02-05 09:39:02,-0.021817561,34.51332,32.91302
2023-02-05 09:39:07,0.056741518,34.51104,32.91353
2023-02-05 09:39:12,0.050299141,34.50875,32.91403
2023-02-05 09:39:17,0.017676787,34.50646,32.91454
2023-02-05 09:39:22,0.059383448,34.50418,32.91504
2023-02-05 09:39:27,0.032084437,34.50189,32.91554
2023-02-05 09:39:32,0.031529579,34.49961,32.91604
2023-02-05 09:39:37,0.041731017,34.49732,32.91654
2023-02-05 09:39:42,0.009391205,34.49503,32.91704
2023-02-05 09:39:47,0.046249512,34.49275,32.91754
2023-02-05 09:39:52,0.06188922,34.49046,32.91804
2023-02-05 09:39:57,0.056502123,34.48817,32.91853
2023-02-05 09:40:02,0.056548827,34.48589,32.91903
2023-02-05 09:40:07,0.019391149,34.4836,32.91952
2023-02-05 09:40:12,-0.006810282,34.48131,32.92002
2023-02-05 09:40:17,0.025343873,34.47902,32.92051
2023-02-05 09:40:22,0.004497266,34.47674,32.921
2023-02-05 09:40:27,0.074178055,34.47445,32.9215
2023-02-05 09:40:32,0.085529714,34.47216,32.92199
2023-02-05 09:40:37,0.022563525,34.46987,32.92248
2023-02-05 09:40:42,0.03394638,34.46758,32.92297
2023-02-05 09:40:47,0.061430584,34.4653,32.92346
2023-02-05 09:40:52,0.046577751,34.46301,32.92395
2023-02-05 09:40:57,-0.01594169,34.46072,32.92443
2023-02-05 09:41:02,0.070317998,34.45843,32.92492
2023-02-05 09:41:07,-0.018625834,34.45614,32.92541
2023-02-05 09:41:12,0.052059878,34.45385,32.92589
2023-02-05 09:41:17,0.037770013,34.45156,32.92638
2023-02-05 09:41:22,0.07670156,34.44928,32.92686
2023-02-05 09:41:27,0.068157028,34.44699,32.92734
2023-02-05 09:41:32,0.048684038,34.4447,32.92782
2023-02-05 09:41:37,0.00838393,34.44241,32.92831
2023-02-05 09:41:42,0.063752858,34.44012,32.92879
2023-02-05 09:41:47,-0.008304601,34.43783,32.92927
2023-02-05 09:41:52,0.036625647,34.43554,32.92975
2023-02-05 09:41:57,0.017896616,34.43325,32.93022
2023-02-05 09:42:02,0.063045044,34.43096,32.9307
2023-02-05 09:42:07,0.055192591,34.42867,32.93118
2023-02-05 09:42:12,-0.026981258,34.42638,32.93166
2023-02-05 09:42:17,0.018488106,34.42409,32.93213
2023-02-05 09:42:22,-0.021025778,34.4218,32.93261
2023-02-05 09:42:27,0.003332654,34.41951,32.93308
2023-02-05 09:42:32,0.070623501,34.41722,32.93355
2023-02-05 09:42:37,0.01009759,34.41492,32.93403
2023-02-05 09:42:42,0.045419883,34.41263,32.9345
2023-02-05 09:42:47,0.049051675,34.40698,32.93287
2023-02-05 09:42:52,0.052780502,34.40468,32.93334
2023-02-05 09:42:57,-0.023153367,34.40238,32.93381
2023-02-05 09:43:02,0.070992983,34.40008,32.93428
2023-02-05 09:43:07,0.053874504,34.39778,32.93475
2023-02-05 09:43:12,0.031326496,34.39547,32.93522
2023-02-05 09:43:17,-0.012452298,34.39317,32.93569
2023-02-05 09:43:22,-0.008174784,34.39087,32.93616
2023-02-05 09:43:27,0.027977178,34.38857,32.93663
2023-02-05 09:43:32,0.037753284,34.38626,32.93709
2023-02-05 09:43:37,0.031620981,34.38396,32.93756
2023-02-05 09:43:42,-0.043720828,34.38166,32.93802
2023-02-05 09:43:47,-0.001727081,34.37936,32.93849
2023-02-05 09:43:52,-0.023617155,34.37705,32.93895
2023-02-05 09:43:57,-0.045433967,34.37475,32.93941
2023-02-05 09:44:02,0.044367732,34.37245,32.93988
2023-02-05 09:44:07,-0.051547343,34.37014,32.94034
2023-02-05 09:44:12,-0.014528708,34.36784,32.9408
2023-02-05 09:44:17,-0.03074481,34.36554,32.94126
2023-02-05 09:44:22,-0.004449821,34.36323,32.94172
2023-02-05 09:44:27,0.027425161,34.36093,32.94218
2023-02-05 09:44:32,-0.025920984,34.35863,32.94263
2023-02-05 09:44:37,-0.014597697,34.35632,32.94309
2023-02-05 09:44:42,0.016596962,34.35402,32.94355
2023-02-05 09:44:47,-0.052390384,34.35172,32.944
2023-02-05 09:44:52,-0.063081223,34.34941,32.94446
2023-02-05 09:44:57,-0.057356059,34.34711,32.94491
2023-02-05 09:45:02,-0.003999103,34.3448,32.94537
2023-02-05 09:45:07,0.006949624,34.3425,32.94582
2023-02-05 09:45:12,-0.019563204,34.3402,32.94627
2023-02-05 09:45:17,-0.029669516,34.33789,32.94672
2023-02-05 09:45:22,0.002325855,34.33559,32.94717
2023-02-05 09:45:27,-0.029035621,34.33328,32.94762
2023-02-05 09:45:32,-0.007259674,34.33098,32.94807
2023-02-05 09:45:37,-0.022957328,34.32868,32.94852
2023-02-05 09:45:42,-0.016930803,34.32637,32.94897
2023-02-05 09:45:47,-0.021923409,34.32407,32.94941
2023-02-05 09:45:52,-0.031846247,34.32176,32.94986
2023-02-05 09:45:57,-0.031473507,34.31946,32.95031
2023-02-05 09:46:02,-0.046885865,34.31338,32.94873
2023-02-05 09:46:07,-0.040776381,34.31107,32.94918
2023-02-05 09:46:12,-0.0936672,34.30875,32.94962
2023-02-05 09:46:17,-0.023962746,34.30644,32.95007
2023-02-05 09:46:22,-0.043242424,34.30412,32.95051
2023-02-05 09:46:27,-0.033398417,34.30181,32.95096
2023-02-05 09:46:32,-0.011465186,34.29949,32.9514
2023-02-05 09:46:37,-0.090611766,34.29718,32.95184
2023-02-05 09:46:42,-0.015575663,34.29486,32.95228
2023-02-05 09:46:47,-0.004314461,34.29254,32.95272
2023-02-05 09:46:52,-0.062350709,34.29023,32.95316
2023-02-05 09:46:57,-0.00865953,34.28791,32.9536
2023-02-05 09:47:02,-0.005640412,34.2856,32.95404
2023-02-05 09:47:07,0.003124887,34.28328,32.95448
2023-02-05 09:47:12,-0.001666855,34.28096,32.95492
2023-02-05 09:47:17,-0.022657424,34.27865,32.95535
2023-02-05 09:47:22,-0.012005973,34.27633,32.95579
2023-02-05 09:47:27,-0.013667013,34.27402,32.95622
2023-02-05 09:47:32,-0.042550421,34.2717,32.95666
2023-02-05 09:47:37,0.010983867,34.26938,32.95709
2023-02-05 09:47:42,0.000911657,34.26707,32.95752
2023-02-05 09:47:47,-0.004241107,34.26475,32.95796
2023-02-05 09:47:52,-0.041024238,34.26244,32.95839
2023-02-05 09:47:57,-0.083360906,34.26012,32.95882
2023-02-05 09:48:02,-0.019134138,34.2578,32.95925
2023-02-05 09:48:07,-0.008433319,34.25549,32.95968
2023-02-05 09:48:12,-0.077338486,34.25317,32.9601
2023-02-05 09:48:17,-0.029405735,34.25086,32.96053
2023-02-05 09:48:22,0.002496386,34.24854,32.96096
2023-02-05 09:48:27,0.002566974,34.24622,32.96139
2023-02-05 09:48:32,-0.029385628,34.24391,32.96181
2023-02-05 09:48:37,0.007905769,34.24159,32.96224
2023-02-05 09:48:42,0.018501302,34.23927,32.96266
2023-02-05 09:48:47,-0.045569546,34.23696,32.96309
2023-02-05 09:48:52,-0.008420645,34.23051,32.96156
2023-02-05 09:48:57,-0.056600115,34.22819,32.96199
2023-02-05 09:49:02,-0.072850934,34.22586,32.96241
2023-02-05 09:49:07,-0.014534826,34.22353,32.96283
2023-02-05 09:49:12,-0.031080674,34.22121,32.96325
2023-02-05 09:49:17,0.016468892,34.21888,32.96368
2023-02-05 09:49:22,-0.058433816,34.21655,32.9641
2023-02-05 09:49:27,0.004805066,34.21422,32.96452
2023-02-05 09:49:32,-0.006440855,34.2119,32.96494
2023-02-05 09:49:37,-0.039063523,34.20957,32.96536
2023-02-05 09:49:42,-0.007975337,34.20724,32.96578
2023-02-05 09:49:47,0.001925252,34.20492,32.96619
2023-02-05 09:49:52,0.000916637,34.20259,32.96661
2023-02-05 09:49:57,0.026688356,34.20026,32.96703
2023-02-05 09:50:02,-0.007858907,34.19794,32.96744
2023-02-05 09:50:07,-0.065666324,34.19561,32.96786
2023-02-05 09:50:12,-0.040266522,34.19328,32.96827
2023-02-05 09:50:17,0.006581914,34.19095,32.96868
2023-02-05 09:50:22,0.031858642,34.18863,32.9691
2023-02-05 09:50:27,-0.028015037,34.1863,32.96951
2023-02-05 09:50:32,0.034637219,34.18397,32.96992
2023-02-05 09:50:37,-0.009371408,34.18165,32.97033
2023-02-05 09:50:42,-0.063912192,34.17932,32.97074
2023-02-05 09:50:47,0.051470427,34.17699,32.97115
2023-02-05 09:50:52,-0.008525847,34.17466,32.97156
2023-02-05 09:50:57,-0.047455875,34.17234,32.97197
2023-02-05 09:51:02,0.00396932,34.17001,32.97238
2023-02-05 09:51:07,-0.045556048,34.16768,32.97279
2023-02-05 09:51:12,0.027062969,34.16536,32.97319
2023-02-05 09:51:17,0.040990057,34.16303,32.9736
2023-02-05 09:51:22,0.028395233,34.1607,32.974
2023-02-05 09:51:27,0.042197047,34.15392,32.97252
2023-02-05 09:51:32,0.034997584,34.15159,32.97292
2023-02-05 09:51:37,-0.031083443,34.14925,32.97333
2023-02-05 09:51:42,-0.043927288,34.14691,32.97373
2023-02-05 09:51:47,0.054714723,34.14458,32.97414
2023-02-05 09:51:52,-0.016690807,34.14224,32.97454
2023-02-05 09:51:57,-0.024388749,34.1399,32.97494
2023-02-05 09:52:02,0.010301655,34.13756,32.97534
2023-02-05 09:52:07,0.018662888,34.13523,32.97575
2023-02-05 09:52:12,0.010593856,34.13289,32.97615
2023-02-05 09:52:17,0.034444792,34.13055,32.97655
2023-02-05 09:52:22,-0.010671353,34.12821,32.97695
2023-02-05 09:52:27,0.007922599,34.12588,32.97734
2023-02-05 09:52:32,0.047587842,34.12354,32.97774
2023-02-05 09:52:37,0.039416695,34.1212,32.97814
2023-02-05 09:52:42,0.02526159,34.11887,32.97854
2023-02-05 09:52:47,0.033563982,34.11653,32.97893
2023-02-05 09:52:52,0.04635294,34.11419,32.97933
2023-02-05 09:52:57,0.03795735,34.11186,32.97972
2023-02-05 09:53:02,0.034646713,34.10952,32.98012
2023-02-05 09:53:07,0.036992645,34.10718,32.98051
2023-02-05 09:53:12,0.033574572,34.10485,32.9809
2023-02-05 09:53:17,-0.006825063,34.10251,32.98129
2023-02-05 09:53:22,0.011161989,34.10017,32.98169
2023-02-05 09:53:27,0.018057093,34.09784,32.98208
2023-02-05 09:53:32,0.020142519,34.0955,32.98247
2023-02-05 09:53:37,0.037977247,34.09316,32.98286
2023-02-05 09:53:42,-0.040175933,34.09083,32.98325
2023-02-05 09:53:47,-0.022439328,34.08374,32.9818
2023-02-05 09:53:52,0.021708464,34.0814,32.98219
2023-02-05 09:53:57,-0.024609151,34.07905,32.98257
2023-02-05 09:54:02,0.001276637,34.0767,32.98296
2023-02-05 09:54:07,-0.005455459,34.07436,32.98335
2023-02-05 09:54:12,0.00119798,34.07201,32.98374
2023-02-05 09:54:17,0.03445657,34.06966,32.98412
2023-02-05 09:54:22,-0.038546268,34.06732,32.98451
2023-02-05 09:54:27,0.047924785,34.06497,32.9849
2023-02-05 09:54:32,0.038605448,34.06262,32.98528
2023-02-05 09:54:37,-0.007874661,34.06028,32.98566
2023-02-05 09:54:42,0.019652175,34.05793,32.98605
2023-02-05 09:54:47,0.026199968,34.05559,32.98643
2023-02-05 09:54:52,0.000919128,34.05324,32.98681
2023-02-05 09:54:57,0.028518061,34.05089,32.98719
2023-02-05 09:55:02,-0.001708532,34.04855,32.98757
2023-02-05 09:55:07,0.009364343,34.0462,32.98796
2023-02-05 09:55:12,-0.058706524,34.04386,32.98833
2023-02-05 09:55:17,0.016523349,34.04151,32.98871
2023-02-05 09:55:22,0.017479736,34.03917,32.98909
2023-02-05 09:55:27,-0.029567696,34.03682,32.98947
2023-02-05 09:55:32,-0.07645869,34.03448,32.98985
2023-02-05 09:55:37,0.019953604,34.03213,32.99022
2023-02-05 09:55:42,0.010115623,34.02978,32.9906
2023-02-05 09:55:47,-0.015553705,34.02744,32.99098
2023-02-05 09:55:52,-0.073424462,34.02009,32.98956
2023-02-05 09:55:57,-0.024917944,34.01773,32.98993
2023-02-05 09:56:02,0.028888144,34.01538,32.99031
2023-02-05 09:56:07,0.002906281,34.01302,32.99068
2023-02-05 09:56:12,0.024674235,34.01067,32.99106
2023-02-05 09:56:17,0.02547456,34.00831,32.99143
2023-02-05 09:56:22,-0.069881805,34.00595,32.9918
2023-02-05 09:56:27,-3.8335e-05,34.0036,32.99218
2023-02-05 09:56:32,0.037608482,34.00124,32.99255
2023-02-05 09:56:37,0.027259439,33.99889,32.99292
2023-02-05 09:56:42,0.001275515,33.99654,32.99329
2023-02-05 09:56:47,-0.030254326,33.99418,32.99366
2023-02-05 09:56:52,0.044598761,33.99183,32.99403
2023-02-05 09:56:57,-0.072068995,33.98947,32.9944
2023-02-05 09:57:02,-0.05056398,33.98712,32.99476
2023-02-05 09:57:07,0.034876298,33.98476,32.99513
2023-02-05 09:57:12,-0.002104683,33.98241,32.9955
2023-02-05 09:57:17,0.040840036,33.98006,32.99586
2023-02-05 09:57:22,0.030462793,33.9777,32.99623
2023-02-05 09:57:27,0.030532612,33.97535,32.9966
2023-02-05 09:57:32,-0.048987706,33.97299,32.99696
2023-02-05 09:57:37,0.036126424,33.97064,32.99732
2023-02-05 09:57:42,0.025661165,33.96829,32.99769
2023-02-05 09:57:47,-0.021944438,33.96593,32.99805
2023-02-05 09:57:52,-0.032452158,33.95832,32.99666
2023-02-05 09:57:57,0.03144771,33.95596,32.99702
2023-02-05 09:58:02,0.036888052,33.95359,32.99739
2023-02-05 09:58:07,0.004808135,33.95123,32.99775
2023-02-05 09:58:12,0.042187107,33.94887,32.99811
2023-02-05 09:58:17,0.042045993,33.9465,32.99847
2023-02-05 09:58:22,-0.016173299,33.94414,32.99883
2023-02-05 09:58:27,0.036754118,33.94178,32.99919
2023-02-05 09:58:32,-0.011226188,33.93941,32.99955
2023-02-05 09:58:37,0.020722332,33.93705,32.99991
2023-02-05 09:58:42,0.063120305,33.93469,33.00027
2023-02-05 09:58:47,0.00461064,33.93233,33.00062
2023-02-05 09:58:52,-0.016799872,33.92997,33.00098
2023-02-05 09:58:57,-0.022240662,33.9276,33.00134
2023-02-05 09:59:02,-0.033221677,33.92524,33.00169
2023-02-05 09:59:07,0.014596516,33.92288,33.00205
2023-02-05 09:59:12,0.04621453,33.92052,33.0024
2023-02-05 09:59:17,-0.023075438,33.91816,33.00276
2023-02-05 09:59:22,0.01916179,33.91579,33.00311
2023-02-05 09:59:27,0.050718575,33.91343,33.00346
2023-02-05 09:59:32,0.03980566,33.91107,33.00382
2023-02-05 09:59:37,0.02868147,33.90871,33.00417
2023-02-05 09:59:42,0.023246915,33.90635,33.00452
2023-02-05 09:59:47,0.049389889,33.89849,33.00316
2023-02-05 09:59:52,-0.046696032,33.89612,33.00351
2023-02-05 09:59:57,0.043172314,33.89375,33.00386
2023-02-05 10:00:02,0.026991474,33.89138,33.00421
2023-02-05 10:00:07,0.005268081,33.88901,33.00456
2023-02-05 10:00:12,-0.005818049,33.88664,33.00491
2023-02-05 10:00:17,0.046841589,33.88426,33.00526
2023-02-05 10:00:22,0.024859387,33.8819,33.00561
2023-02-05 10:00:27,0.024363623,33.87952,33.00596
2023-02-05 10:00:32,-0.023934736,33.87716,33.0063
2023-02-05 10:00:37,-0.014008936,33.87479,33.00665
2023-02-05 10:00:42,-0.051696131,33.87241,33.007
2023-02-05 10:00:47,0.053928411,33.87005,33.00734
2023-02-05 10:00:52,-0.015788286,33.86768,33.00769
2023-02-05 10:00:57,0.042006495,33.86531,33.00803
2023-02-05 10:01:02,-0.043751643,33.86294,33.00837
2023-02-05 10:01:07,-0.017798399,33.86057,33.00872
2023-02-05 10:01:12,-0.008052083,33.8582,33.00906
2023-02-05 10:01:17,0.054966188,33.85583,33.0094
2023-02-05 10:01:22,-0.052410106,33.85346,33.00975
2023-02-05 10:01:27,-0.042366093,33.8511,33.01009
2023-02-05 10:01:32,-0.027401306,33.84301,33.00875
2023-02-05 10:01:37,0.045973121,33.84063,33.00909
2023-02-05 10:01:42,-0.024018453,33.83825,33.00943
2023-02-05 10:01:47,0.04415723,33.83588,33.00977
2023-02-05 10:01:52,0.016554425,33.8335,33.01011
2023-02-05 10:01:57,-0.053527913,33.83112,33.01045
2023-02-05 10:02:02,-0.027893432,33.82874,33.01079
2023-02-05 10:02:07,0.045298023,33.82637,33.01113
2023-02-05 10:02:12,0.028229504,33.82399,33.01147
2023-02-05 10:02:17,0.032448066,33.82161,33.0118
2023-02-05 10:02:22,-0.006005533,33.81923,33.01214
2023-02-05 10:02:27,-0.001853335,33.81686,33.01248
2023-02-05 10:02:32,0.007404722,33.81448,33.01281
2023-02-05 10:02:37,0.032808506,33.8121,33.01315
2023-02-05 10:02:42,-0.021771113,33.80973,33.01348
2023-02-05 10:02:47,0.03535194,33.80735,33.01382
2023-02-05 10:02:52,-0.029767752,33.80498,33.01415
2023-02-05 10:02:57,0.011294097,33.8026,33.01448
2023-02-05 10:03:02,-0.021918517,33.80022,33.01482
2023-02-05 10:03:07,-0.002439791,33.79785,33.01515
2023-02-05 10:03:12,-0.009267116,33.79548,33.01548
2023-02-05 10:03:17,-0.000142171,33.78716,33.01416
2023-02-05 10:03:22,0.024934673,33.78478,33.0145
2023-02-05 10:03:27,0.017803253,33.7824,33.01483
2023-02-05 10:03:32,-0.026295381,33.78001,33.01516
2023-02-05 10:03:37,-0.059963568,33.77763,33.01549
2023-02-05 10:03:42,0.002077262,33.77524,33.01582
2023-02-05 10:03:47,-0.063459006,33.77286,33.01615
2023-02-05 10:03:52,-0.060126777,33.77047,33.01648
2023-02-05 10:03:57,0.028253458,33.76809,33.01681
2023-02-05 10:04:02,0.021035423,33.76571,33.01714
2023-02-05 10:04:07,-0.049991948,33.76332,33.01746
2023-02-05 10:04:12,0.011806897,33.76094,33.01779
2023-02-05 10:04:17,-0.053972777,33.75856,33.01812
2023-02-05 10:04:22,-0.013576291,33.75617,33.01844
2023-02-05 10:04:27,-0.068779149,33.75379,33.01877
2023-02-05 10:04:32,-0.06577554,33.75141,33.01909
2023-02-05 10:04:37,0.001145064,33.74903,33.01942
2023-02-05 10:04:42,-0.006404996,33.74665,33.01974
2023-02-05 10:04:47,-0.008857758,33.74426,33.02007
2023-02-05 10:04:52,0.020816952,33.73575,33.01877
2023-02-05 10:04:57,0.00780973,33.73336,33.01909
2023-02-05 10:05:02,0.015889184,33.73097,33.01942
2023-02-05 10:05:07,0.013456442,33.72858,33.01974
2023-02-05 10:05:12,0.010981051,33.72618,33.02006
2023-02-05 10:05:17,-0.023516728,33.7238,33.02038
2023-02-05 10:05:22,-0.026077714,33.7214,33.0207
2023-02-05 10:05:27,-0.01269181,33.71901,33.02103
2023-02-05 10:05:32,-0.015528798,33.71662,33.02135
2023-02-05 10:05:37,0.029560753,33.71423,33.02167
2023-02-05 10:05:42,0.016168795,33.71184,33.02199
2023-02-05 10:05:47,-0.039905202,33.70946,33.02231
2023-02-05 10:05:52,-0.000273451,33.70706,33.02262
2023-02-05 10:05:57,0.002196651,33.70468,33.02294
2023-02-05 10:06:02,-0.032494573,33.70229,33.02326
2023-02-05 10:06:07,0.012340117,33.6999,33.02358
2023-02-05 10:06:12,0.014493377,33.69751,33.02389
2023-02-05 10:06:17,0.011465281,33.69512,33.02421
2023-02-05 10:06:22,0.00306552,33.68642,33.02293
2023-02-05 10:06:27,-4.5798e-05,33.68402,33.02325
2023-02-05 10:06:32,-0.014048448,33.68162,33.02356
2023-02-05 10:06:37,-0.001252192,33.67922,33.02388
2023-02-05 10:06:42,-0.015146271,33.67683,33.02419
2023-02-05 10:06:47,0.013368186,33.67443,33.02451
2023-02-05 10:06:52,-0.075035033,33.67203,33.02482
2023-02-05 10:06:57,-0.025090626,33.66964,33.02514
2023-02-05 10:07:02,-0.024937075,33.66724,33.02545
2023-02-05 10:07:07,-0.05875835,33.66484,33.02576
2023-02-05 10:07:12,0.017527696,33.66245,33.02608
2023-02-05 10:07:17,-0.02862258,33.66005,33.02639
2023-02-05 10:07:22,-0.074620605,33.65766,33.0267
2023-02-05 10:07:27,-0.078397897,33.65526,33.02701
2023-02-05 10:07:32,0.003066242,33.65287,33.02732
2023-02-05 10:07:37,-0.000594882,33.65047,33.02763
2023-02-05 10:07:42,-0.03646255,33.64808,33.02794
2023-02-05 10:07:47,-0.061325635,33.64568,33.02825
2023-02-05 10:07:52,0.009142902,33.63679,33.02699
2023-02-05 10:07:57,0.005338208,33.63438,33.0273
2023-02-05 10:08:02,-0.041140662,33.63198,33.02761
2023-02-05 10:08:07,-0.028834345,33.62958,33.02792
2023-02-05 10:08:12,-0.04340187,33.62717,33.02822
2023-02-05 10:08:17,-0.05286316,33.62477,33.02853
2023-02-05 10:08:22,0.006741168,33.62237,33.02884
2023-02-05 10:08:27,0.0029252,33.61996,33.02915
2023-02-05 10:08:32,0.020016329,33.61756,33.02945
2023-02-05 10:08:37,-0.058481849,33.61516,33.02976
2023-02-05 10:08:42,0.022315564,33.61276,33.03006
2023-02-05 10:08:47,-0.009116031,33.61036,33.03037
2023-02-05 10:08:52,-0.039275333,33.60796,33.03067
2023-02-05 10:08:57,0.036292762,33.60556,33.03098
2023-02-05 10:09:02,0.005424057,33.60316,33.03128
2023-02-05 10:09:07,-0.041462848,33.60076,33.03158
2023-02-05 10:09:12,-0.050877852,33.59836,33.03189
2023-02-05 10:09:17,0.024577743,33.58928,33.03064
2023-02-05 10:09:22,0.014727632,33.58687,33.03095
2023-02-05 10:09:27,0.010371406,33.58446,33.03125
2023-02-05 10:09:32,0.00598935,33.58205,33.03155
2023-02-05 10:09:37,0.017381246,33.57964,33.03186
2023-02-05 10:09:42,0.023608468,33.57723,33.03216
2023-02-05 10:09:47,0.024481385,33.57482,33.03246
2023-02-05 10:09:52,0.014480056,33.57242,33.03276
2023-02-05 10:09:57,-0.000684465,33.57001,33.03306
2023-02-05 10:10:02,-0.010542236,33.5676,33.03336
2023-02-05 10:10:07,0.006226978,33.56519,33.03366
2023-02-05 10:10:12,0.038582799,33.56279,33.03396
2023-02-05 10:10:17,0.044647941,33.56038,33.03426
2023-02-05 10:10:22,0.029371906,33.55797,33.03455
2023-02-05 10:10:27,0.024734581,33.55557,33.03485
2023-02-05 10:10:32,-0.022372255,33.55316,33.03515
2023-02-05 10:10:37,0.02072826,33.54391,33.03392
2023-02-05 10:10:42,0.058288575,33.5415,33.03422
2023-02-05 10:10:47,0.022051428,33.53908,33.03452
2023-02-05 10:10:52,-0.036255163,33.53667,33.03481
2023-02-05 10:10:57,0.028087009,33.53425,33.03511
2023-02-05 10:11:02,-0.019327366,33.53184,33.0354
2023-02-05 10:11:07,0.055637386,33.52943,33.0357
2023-02-05 10:11:12,0.055965123,33.52701,33.036
2023-02-05 10:11:17,0.056465285,33.5246,33.03629
2023-02-05 10:11:22,0.030298096,33.52219,33.03658
2023-02-05 10:11:27,-0.038335637,33.51977,33.03688
2023-02-05 10:11:32,0.028706376,33.51736,33.03717
2023-02-05 10:11:37,0.058099905,33.51495,33.03746
2023-02-05 10:11:42,0.010734304,33.51254,33.03776
2023-02-05 10:11:47,0.005800709,33.51012,33.03805
2023-02-05 10:11:52,0.059098736,33.50771,33.03834
2023-02-05 10:11:57,0.038142085,33.4983,33.03713
2023-02-05 10:12:02,0.017168636,33.49588,33.03742
2023-02-05 10:12:07,0.027967951,33.49346,33.03771
2023-02-05 10:12:12,0.038941074,33.49103,33.038
2023-02-05 10:12:17,0.04989773,33.48862,33.0383
2023-02-05 10:12:22,0.012868628,33.4862,33.03859
2023-02-05 10:12:27,0.018462457,33.48378,33.03888
2023-02-05 10:12:32,0.071818688,33.48136,33.03917
2023-02-05 10:12:37,0.056059774,33.47894,33.03946
2023-02-05 10:12:42,0.024294553,33.47652,33.03975
2023-02-05 10:12:47,0.050951344,33.4741,33.04003
2023-02-05 10:12:52,-0.002167052,33.47168,33.04032
2023-02-05 10:12:57,0.061765451,33.46927,33.04061
2023-02-05 10:13:02,-0.001856376,33.46685,33.0409
2023-02-05 10:13:07,0.008742718,33.46444,33.04118
2023-02-05 10:13:12,0.003525174,33.46202,33.04147
2023-02-05 10:13:17,-0.001709987,33.45243,33.04028
2023-02-05 10:13:22,0.024826345,33.45001,33.04056
2023-02-05 10:13:27,0.072664464,33.44758,33.04085
2023-02-05 10:13:32,0.056715752,33.44516,33.04114
2023-02-05 10:13:37,0.056738477,33.44273,33.04142
2023-02-05 10:13:42,0.045892395,33.44031,33.04171
2023-02-05 10:13:47,-0.039020348,33.43788,33.04199
2023-02-05 10:13:52,0.008534279,33.43546,33.04228
2023-02-05 10:13:57,0.040460502,33.43303,33.04256
2023-02-05 10:14:02,0.050856932,33.43061,33.04285
2023-02-05 10:14:07,0.050763874,33.42819,33.04313
2023-02-05 10:14:12,-0.034627975,33.42577,33.04341
2023-02-05 10:14:17,0.044996472,33.42334,33.0437
2023-02-05 10:14:22,0.028882298,33.42092,33.04398
2023-02-05 10:14:27,0.055325477,33.41119,33.0428
2023-02-05 10:14:32,0.04960758,33.40876,33.04308
2023-02-05 10:14:37,0.017408573,33.40633,33.04336
2023-02-05 10:14:42,0.017166717,33.4039,33.04364
2023-02-05 10:14:47,-0.020407029,33.40147,33.04393
2023-02-05 10:14:52,-0.036684108,33.39904,33.04421
2023-02-05 10:14:57,-0.005205565,33.39661,33.04449
2023-02-05 10:15:02,-0.008547446,33.39418,33.04477
2023-02-05 10:15:07,0.009901404,33.39175,33.04505
2023-02-05 10:15:12,-0.01180076,33.38932,33.04533
2023-02-05 10:15:17,0.014441721,33.38689,33.04561
2023-02-05 10:15:22,-0.049949495,33.38446,33.04589
2023-02-05 10:15:27,-0.092855944,33.38204,33.04617
2023-02-05 10:15:32,-0.082679259,33.37961,33.04645
2023-02-05 10:15:37,-0.014280169,33.37718,33.04673
2023-02-05 10:15:42,-0.036135298,33.36729,33.04556
2023-02-05 10:15:47,-0.031557861,33.36486,33.04584
2023-02-05 10:15:52,0.010492431,33.36242,33.04612
2023-02-05 10:15:57,0.031005475,33.35999,33.04639
2023-02-05 10:16:02,-0.070716424,33.35755,33.04667
2023-02-05 10:16:07,-0.087377852,33.35512,33.04695
2023-02-05 10:16:12,-0.002989286,33.35268,33.04722
2023-02-05 10:16:17,-0.030366993,33.35025,33.0475
2023-02-05 10:16:22,-0.05796373,33.34781,33.04778
2023-02-05 10:16:27,-0.016300443,33.34538,33.04805
2023-02-05 10:16:32,-0.080693468,33.34295,33.04833
2023-02-05 10:16:37,-0.087057827,33.34052,33.0486
2023-02-05 10:16:42,-0.040152533,33.33808,33.04888
2023-02-05 10:16:47,-0.046576183,33.33565,33.04915
2023-02-05 10:16:52,-0.020859964,33.32562,33.048
2023-02-05 10:16:57,-0.005833548,33.32318,33.04827
2023-02-05 10:17:02,-0.038806796,33.32073,33.04855
2023-02-05 10:17:07,-0.008041754,33.31829,33.04882
2023-02-05 10:17:12,-0.057065654,33.31585,33.0491
2023-02-05 10:17:17,-0.036831314,33.31342,33.04937
2023-02-05 10:17:22,-0.091246438,33.31098,33.04964
2023-02-05 10:17:27,-0.023294817,33.30854,33.04992
2023-02-05 10:17:32,-0.003343327,33.3061,33.05019
2023-02-05 10:17:37,-0.03120173,33.30366,33.05046
2023-02-05 10:17:42,-0.037771572,33.30122,33.05074
2023-02-05 10:17:47,-0.044372388,33.29879,33.05101
2023-02-05 10:17:52,-0.061664196,33.29635,33.05128
2023-02-05 10:17:57,-0.047197902,33.28618,33.05014
2023-02-05 10:18:02,-0.032572497,33.28373,33.05041
2023-02-05 10:18:07,-0.055477759,33.28128,33.05068
2023-02-05 10:18:12,0.017524449,33.27884,33.05095
2023-02-05 10:18:17,7.7275e-05,33.2764,33.05122
2023-02-05 10:18:22,-0.033390419,33.27395,33.05149
2023-02-05 10:18:27,-0.072218858,33.27151,33.05176
2023-02-05 10:18:32,-0.020659854,33.26906,33.05203
2023-02-05 10:18:37,-0.043560009,33.26662,33.0523
2023-02-05 10:18:42,0.039726888,33.26418,33.05257
2023-02-05 10:18:47,-0.015023441,33.26173,33.05284
2023-02-05 10:18:52,0.015284337,33.25929,33.05311
2023-02-05 10:18:57,0.002732266,33.25685,33.05338
2023-02-05 10:19:02,0.016990098,33.24654,33.05225
2023-02-05 10:19:07,-0.027411005,33.24409,33.05252
2023-02-05 10:19:12,0.039705831,33.24164,33.05279
2023-02-05 10:19:17,0.043214884,33.23919,33.05305
2023-02-05 10:19:22,0.041364643,33.23674,33.05332
2023-02-05 10:19:27,0.023495602,33.23429,33.05359
2023-02-05 10:19:32,0.016067265,33.23184,33.05386
2023-02-05 10:19:37,0.003660839,33.22939,33.05412
2023-02-05 10:19:42,-0.009154661,33.22695,33.05439
2023-02-05 10:19:47,0.031300683,33.2245,33.05466
2023-02-05 10:19:52,0.045078496,33.22205,33.05492
2023-02-05 10:19:57,-0.041868895,33.21961,33.05519
2023-02-05 10:20:02,0.051421641,33.21716,33.05546
2023-02-05 10:20:07,-0.019590963,33.20672,33.05434
2023-02-05 10:20:12,-0.00059307,33.20426,33.0546
2023-02-05 10:20:17,-0.024071043,33.20181,33.05487
2023-02-05 10:20:22,0.000203255,33.19935,33.05514
2023-02-05 10:20:27,-0.017997937,33.1969,33.0554
2023-02-05 10:20:32,0.022213619,33.19444,33.05567
2023-02-05 10:20:37,-0.00650894,33.19199,33.05593
2023-02-05 10:20:42,0.02813062,33.18954,33.0562
2023-02-05 10:20:47,0.009826334,33.18709,33.05646
2023-02-05 10:20:52,-0.040292269,33.18463,33.05672
2023-02-05 10:20:57,0.005121938,33.18218,33.05699
2023-02-05 10:21:02,0.060980777,33.17973,33.05725
2023-02-05 10:21:07,0.048097367,33.17728,33.05751
2023-02-05 10:21:12,-0.023629981,33.1667,33.05641
2023-02-05 10:21:17,-0.026092558,33.16424,33.05667
2023-02-05 10:21:22,0.040329234,33.16178,33.05694
2023-02-05 10:21:27,-0.01015021,33.15933,33.0572
2023-02-05 10:21:32,0.024625495,33.15687,33.05746
2023-02-05 10:21:37,0.016738426,33.15441,33.05772
2023-02-05 10:21:42,0.008637852,33.15195,33.05798
2023-02-05 10:21:47,-0.041934667,33.14949,33.05825
2023-02-05 10:21:52,0.051187219,33.14704,33.05851
2023-02-05 10:21:57,0.043208348,33.14458,33.05877
2023-02-05 10:22:02,-0.001912349,33.14213,33.05903
2023-02-05 10:22:07,-0.010126756,33.13967,33.05929
2023-02-05 10:22:12,-0.002183466,33.12897,33.0582
2023-02-05 10:22:17,0.016207013,33.1265,33.05846
2023-02-05 10:22:22,-0.018533637,33.12404,33.05872
2023-02-05 10:22:27,0.026462153,33.12158,33.05898
2023-02-05 10:22:32,0.009862635,33.11911,33.05924
2023-02-05 10:22:37,0.012327653,33.11665,33.0595
2023-02-05 10:22:42,0.015634931,33.11419,33.05976
2023-02-05 10:22:47,0.020057582,33.11173,33.06002
2023-02-05 10:22:52,0.049143603,33.10927,33.06028
2023-02-05 10:22:57,0.024908276,33.10681,33.06054
2023-02-05 10:23:02,0.027110268,33.10435,33.0608
2023-02-05 10:23:07,0.021656529,33.10189,33.06106
2023-02-05 10:23:12,0.021168493,33.09106,33.05998
2023-02-05 10:23:17,0.023303779,33.08859,33.06024
2023-02-05 10:23:22,-0.006372412,33.08613,33.0605
2023-02-05 10:23:27,0.006568206,33.08366,33.06075
2023-02-05 10:23:32,-0.007163299,33.08119,33.06101
2023-02-05 10:23:37,0.042851023,33.07872,33.06127
2023-02-05 10:23:42,-0.018705193,33.07626,33.06153
2023-02-05 10:23:47,-0.022036131,33.07379,33.06179
2023-02-05 10:23:52,0.006589107,33.07132,33.06204
2023-02-05 10:23:57,-0.023247896,33.06886,33.0623
2023-02-05 10:24:02,0.037119123,33.0664,33.06256
2023-02-05 10:24:07,0.033883911,33.06393,33.06282
2023-02-05 10:24:12,0.003974795,33.05298,33.06175
2023-02-05 10:24:17,-0.031098513,33.05051,33.062
2023-02-05 10:24:22,-0.01860812,33.04804,33.06226
2023-02-05 10:24:27,0.025836549,33.04557,33.06252
2023-02-05 10:24:32,-0.020162648,33.0431,33.06277
2023-02-05 10:24:37,-0.007558671,33.04062,33.06303
2023-02-05 10:24:42,0.047468003,33.03815,33.06329
2023-02-05 10:24:47,-0.04657932,33.03568,33.06354
2023-02-05 10:24:52,0.056362747,33.03322,33.0638
2023-02-05 10:24:57,0.003257876,33.03075,33.06406
2023-02-05 10:25:02,0.01203852,33.02828,33.06431
2023-02-05 10:25:07,-0.007501083,33.01722,33.06325
2023-02-05 10:25:12,-0.032589812,33.01474,33.06351
2023-02-05 10:25:17,0.011580836,33.01226,33.06376
2023-02-05 10:25:22,-0.039836149,33.00979,33.06402
2023-02-05 10:25:27,-0.043504697,33.00731,33.06427
2023-02-05 10:25:32,-0.005813051,33.00484,33.06453
2023-02-05 10:25:37,0.007503332,33.00236,33.06478
2023-02-05 10:25:42,0.035338775,32.99989,33.06504
2023-02-05 10:25:47,0.036872692,32.99741,33.06529
2023-02-05 10:25:52,0.038373278,32.99494,33.06555
2023-02-05 10:25:57,0.039649516,32.99247,33.0658
2023-02-05 10:26:02,0.009292375,32.98129,33.06475
2023-02-05 10:26:07,0.02096831,32.97881,33.06501
2023-02-05 10:26:12,0.022329264,32.97633,33.06526
2023-02-05 10:26:17,0.028983568,32.97385,33.06552
2023-02-05 10:26:22,0.030270738,32.97137,33.06577
2023-02-05 10:26:27,0.01533988,32.96889,33.06602
2023-02-05 10:26:32,0.021493291,32.96641,33.06628
2023-02-05 10:26:37,0.054840753,32.96393,33.06653
2023-02-05 10:26:42,0.02399244,32.96145,33.06679
2023-02-05 10:26:47,-0.012226584,32.95898,33.06704
2023-02-05 10:26:52,-0.021837663,32.9565,33.06729
2023-02-05 10:26:57,0.016287847,32.94521,33.06625
2023-02-05 10:27:02,0.038380585,32.94273,33.06651
2023-02-05 10:27:07,0.033970281,32.94024,33.06676
2023-02-05 10:27:12,-0.018453943,32.93776,33.06701
2023-02-05 10:27:17,-0.054933771,32.93527,33.06726
2023-02-05 10:27:22,0.025608009,32.93279,33.06752
2023-02-05 10:27:27,-0.026954799,32.93031,33.06777
2023-02-05 10:27:32,0.037502504,32.92782,33.06802
2023-02-05 10:27:37,0.011492815,32.92534,33.06828
2023-02-05 10:27:42,-0.019896073,32.92286,33.06853
2023-02-05 10:27:47,0.001963927,32.92038,33.06878
2023-02-05 10:27:52,-0.013536397,32.90898,33.06775
2023-02-05 10:27:57,0.023829839,32.90649,33.068
2023-02-05 10:28:02,0.00882002,32.904,33.06826
2023-02-05 10:28:07,0.010803328,32.90152,33.06851
2023-02-05 10:28:12,0.012591546,32.89903,33.06876
2023-02-05 10:28:17,0.014093858,32.89654,33.06901
2023-02-05 10:28:22,0.015219548,32.89405,33.06926
2023-02-05 10:28:27,0.015877703,32.89157,33.06952
2023-02-05 10:28:32,-0.001657988,32.88908,33.06977
2023-02-05 10:28:37,0.030124667,32.8866,33.07002
2023-02-05 10:28:42,-0.002890438,32.8751,33.069
2023-02-05 10:28:47,-0.009694401,32.8726,33.06925
2023-02-05 10:28:52,-0.087073119,32.87011,33.0695
2023-02-05 10:28:57,-0.072657283,32.86762,33.06976
2023-02-05 10:29:02,-0.059837976,32.86512,33.07001
2023-02-05 10:29:07,-0.048532478,32.86263,33.07026
2023-02-05 10:29:12,-0.019972159,32.86014,33.07051
2023-02-05 10:29:17,-0.015334584,32.85765,33.07076
2023-02-05 10:29:22,-0.042551408,32.85516,33.07101
2023-02-05 10:29:27,-0.037855079,32.85267,33.07126
2023-02-05 10:29:32,0.009223464,32.85018,33.07151
2023-02-05 10:29:37,-0.044843607,32.83857,33.07051
2023-02-05 10:29:42,-0.035020114,32.83607,33.07076
2023-02-05 10:29:47,-0.004326764,32.83358,33.07101
2023-02-05 10:29:52,0.010687843,32.83108,33.07126
2023-02-05 10:29:57,0.02030222,32.82858,33.07151
2023-02-05 10:30:02,0.029655091,32.82609,33.07176
2023-02-05 10:30:07,0.028466591,32.82359,33.07201
2023-02-05 10:30:12,-0.020763533,32.8211,33.07226
2023-02-05 10:30:17,0.009691782,32.81861,33.07251
2023-02-05 10:30:22,0.008284206,32.81611,33.07276
2023-02-05 10:30:27,-0.014517373,32.8044,33.07176
2023-02-05 10:30:32,-0.042723755,32.8019,33.07201
2023-02-05 10:30:37,-0.012757228,32.7994,33.07226
2023-02-05 10:30:42,-0.051584664,32.7969,33.07252
2023-02-05 10:30:47,0.036858179,32.7944,33.07277
2023-02-05 10:30:52,-0.028962844,32.7919,33.07302
2023-02-05 10:30:57,-0.004253161,32.7894,33.07327
2023-02-05 10:31:02,0.009528212,32.7869,33.07352
2023-02-05 10:31:07,0.012570976,32.78441,33.07376
2023-02-05 10:31:12,-0.053183253,32.78191,33.07402
2023-02-05 10:31:17,-0.039829845,32.7701,33.07303
2023-02-05 10:31:22,-0.057964953,32.76759,33.07328
2023-02-05 10:31:27,-0.017932215,32.76509,33.07353
2023-02-05 10:31:32,0.048478745,32.76258,33.07378
2023-02-05 10:31:37,0.008781022,32.76008,33.07403
2023-02-05 10:31:42,0.016399724,32.75758,33.07428
2023-02-05 10:31:47,0.002997275,32.75507,33.07453
2023-02-05 10:31:52,0.015971616,32.75257,33.07478
2023-02-05 10:31:57,0.018393603,32.75007,33.07503
2023-02-05 10:32:02,-0.004961991,32.73817,33.07405
2023-02-05 10:32:07,0.00680762,32.73566,33.0743
2023-02-05 10:32:12,-0.012150159,32.73315,33.07455
2023-02-05 10:32:17,-0.00492321,32.73064,33.0748
2023-02-05 10:32:22,0.034008603,32.72813,33.07505
2023-02-05 10:32:27,0.00927763,32.72563,33.0753
2023-02-05 10:32:32,-0.052657364,32.72312,33.07555
2023-02-05 10:32:37,-0.040439198,32.72061,33.0758
2023-02-05 10:32:42,0.046122225,32.71811,33.07605
2023-02-05 10:32:47,-0.005408685,32.7156,33.0763
2023-02-05 10:32:52,-0.014576,32.7036,33.07533
2023-02-05 10:32:57,-0.029159181,32.70109,33.07558
2023-02-05 10:33:02,-0.033358772,32.69858,33.07583
2023-02-05 10:33:07,-0.021464304,32.69606,33.07608
2023-02-05 10:33:12,0.043262508,32.69355,33.07633
2023-02-05 10:33:17,-0.04609344,32.69104,33.07658
2023-02-05 10:33:22,0.023790665,32.68853,33.07683
2023-02-05 10:33:27,-0.033758655,32.68602,33.07708
2023-02-05 10:33:32,0.00949334,32.68351,33.07733
2023-02-05 10:33:37,-0.0059703,32.67142,33.07637
2023-02-05 10:33:42,-0.010670313,32.6689,33.07662
2023-02-05 10:33:47,0.037651877,32.66639,33.07687
2023-02-05 10:33:52,0.006129057,32.66387,33.07712
2023-02-05 10:33:57,-0.078779474,32.66135,33.07737
2023-02-05 10:34:02,0.001262294,32.65884,33.07762
2023-02-05 10:34:07,-0.046319719,32.65633,33.07787
2023-02-05 10:34:12,0.00670912,32.65381,33.07812
2023-02-05 10:34:17,0.017202452,32.6513,33.07837
2023-02-05 10:34:22,-0.046628871,32.64879,33.07862
2023-02-05 10:34:27,-0.004328889,32.6366,33.07768
2023-02-05 10:34:32,0.00057537,32.63408,33.07793
2023-02-05 10:34:37,0.005583682,32.63156,33.07818
2023-02-05 10:34:42,0.026114837,32.62904,33.07843
2023-02-05 10:34:47,-0.022157773,32.62652,33.07868
2023-02-05 10:34:52,-0.017407643,32.624,33.07893
2023-02-05 10:34:57,0.045505034,32.62148,33.07918
2023-02-05 10:35:02,0.002114277,32.61896,33.07943
2023-02-05 10:35:07,0.001087005,32.61645,33.07968
2023-02-05 10:35:12,0.016344648,32.60417,33.07874
2023-02-05 10:35:17,-0.011503161,32.60164,33.07899
2023-02-05 10:35:22,-0.028585883,32.59912,33.07924
2023-02-05 10:35:27,0.039144223,32.5966,33.07949
2023-02-05 10:35:32,0.011231606,32.59407,33.07974
2023-02-05 10:35:37,0.041672915,32.59155,33.07999
2023-02-05 10:35:42,-0.023528095,32.58903,33.08024
2023-02-05 10:35:47,-0.051694569,32.58651,33.0805
2023-02-05 10:35:52,0.058061453,32.57415,33.07957
2023-02-05 10:35:57,0.045716332,32.57162,33.07982
2023-02-05 10:36:02,0.03842673,32.56909,33.08007
2023-02-05 10:36:07,-0.027195089,32.56657,33.08032
2023-02-05 10:36:12,0.039966738,32.56404,33.08057
2023-02-05 10:36:17,-0.057992023,32.56151,33.08082
2023-02-05 10:36:22,-0.017456309,32.55899,33.08107
2023-02-05 10:36:27,0.001295946,32.55646,33.08133
2023-02-05 10:36:32,-0.011633597,32.55394,33.08158
2023-02-05 10:36:37,-0.024646075,32.54149,33.08066
2023-02-05 10:36:42,-0.016611829,32.53896,33.08091
2023-02-05 10:36:47,-0.0404493,32.53643,33.08116
2023-02-05 10:36:52,0.015389367,32.5339,33.08141
2023-02-05 10:36:57,-0.040592175,32.53136,33.08166
2023-02-05 10:37:02,0.004422324,32.52884,33.08192
2023-02-05 10:37:07,0.017375411,32.52631,33.08217
2023-02-05 10:37:12,-0.033331573,32.52378,33.08242
2023-02-05 10:37:17,0.05388661,32.52125,33.08267
2023-02-05 10:37:22,0.040135496,32.50872,33.08176
2023-02-05 10:37:27,0.010123012,32.50618,33.08202
2023-02-05 10:37:32,0.017529083,32.50364,33.08227
2023-02-05 10:37:37,0.024663528,32.50111,33.08252
2023-02-05 10:37:42,0.015727359,32.49858,33.08277
2023-02-05 10:37:47,-0.019749115,32.49604,33.08303
2023-02-05 10:37:52,0.056431705,32.49351,33.08328
2023-02-05 10:37:57,0.047253015,32.49098,33.08353
2023-02-05 10:38:02,-0.014924797,32.47836,33.08263
2023-02-05 10:38:07,-0.018934649,32.47582,33.08288
2023-02-05 10:38:12,-0.001514968,32.47328,33.08314
2023-02-05 10:38:17,-0.005685786,32.47075,33.08339
2023-02-05 10:38:22,-0.015076442,32.46821,33.08364
2023-02-05 10:38:27,0.039221215,32.46567,33.0839
2023-02-05 10:38:32,0.003020431,32.46313,33.08415
2023-02-05 10:38:37,0.041167943,32.4606,33.0844
2023-02-05 10:38:42,-0.04316252,32.45806,33.08466
2023-02-05 10:38:47,0.037273565,32.44536,33.08377
2023-02-05 10:38:52,-0.009907689,32.44282,33.08402
2023-02-05 10:38:57,0.022779723,32.44028,33.08428
2023-02-05 10:39:02,0.0072272,32.43774,33.08453
2023-02-05 10:39:07,0.034424431,32.43519,33.08479
2023-02-05 10:39:12,0.034701398,32.43265,33.08504
2023-02-05 10:39:17,0.056027575,32.43011,33.0853
2023-02-05 10:39:22,-0.050073474,32.42757,33.08555
2023-02-05 10:39:27,-0.023387489,32.4148,33.08467
2023-02-05 10:39:32,0.003408479,32.41225,33.08492
2023-02-05 10:39:37,-0.060484529,32.4097,33.08518
2023-02-05 10:39:42,-0.018049977,32.40716,33.08543
2023-02-05 10:39:47,0.056283561,32.40461,33.08569
2023-02-05 10:39:52,0.061247605,32.40207,33.08595
2023-02-05 10:39:57,0.007692166,32.39952,33.0862
2023-02-05 10:40:02,-0.00863455,32.39698,33.08646
2023-02-05 10:40:07,-0.019902645,32.38412,33.08558
2023-02-05 10:40:12,0.006057672,32.38157,33.08584
2023-02-05 10:40:17,0.016137585,32.37902,33.0861
2023-02-05 10:40:22,0.015286073,32.37647,33.08635
2023-02-05 10:40:27,0.046332609,32.37393,33.08661
2023-02-05 10:40:32,-0.007790542,32.37138,33.08687
2023-02-05 10:40:37,0.028422882,32.36883,33.08712
2023-02-05 10:40:42,0.085874137,32.36628,33.08738
2023-02-05 10:40:47,0.036835574,32.35335,33.08652
2023-02-05 10:40:52,0.008844137,32.3508,33.08678
2023-02-05 10:40:57,0.028930171,32.34824,33.08703
2023-02-05 10:41:02,-0.004365389,32.34569,33.08729
2023-02-05 10:41:07,-0.011284207,32.34314,33.08755
2023-02-05 10:41:12,0.019023547,32.34059,33.08781
2023-02-05 10:41:17,0.006799503,32.33804,33.08806
2023-02-05 10:41:22,0.015621685,32.33549,33.08832
2023-02-05 10:41:27,-0.018088383,32.32247,33.08747
2023-02-05 10:41:32,0.049196222,32.31992,33.08773
2023-02-05 10:41:37,0.009989221,32.31736,33.08799
2023-02-05 10:41:42,0.023807233,32.3148,33.08825
2023-02-05 10:41:47,-0.015567521,32.31225,33.08851
2023-02-05 10:41:52,-0.055026422,32.30969,33.08876
2023-02-05 10:41:57,0.048957452,32.30714,33.08902
2023-02-05 10:42:02,0.014469221,32.30459,33.08928
2023-02-05 10:42:07,0.001406408,32.2915,33.08844
2023-02-05 10:42:12,-0.01707116,32.28894,33.0887
2023-02-05 10:42:17,0.033464742,32.28638,33.08896
2023-02-05 10:42:22,-0.038482254,32.28382,33.08922
2023-02-05 10:42:27,0.027682485,32.28126,33.08948
2023-02-05 10:42:32,0.024853496,32.2787,33.08974
2023-02-05 10:42:37,0.000619222,32.27614,33.09
2023-02-05 10:42:42,-0.013041092,32.26298,33.08917
2023-02-05 10:42:47,-0.058957293,32.26042,33.08943
2023-02-05 10:42:52,-0.099439324,32.25786,33.08969
2023-02-05 10:42:57,0.008849279,32.25529,33.08995
2023-02-05 10:43:02,-0.001245315,32.25273,33.09022
2023-02-05 10:43:07,0.012541773,32.25017,33.09048
2023-02-05 10:43:12,0.019492826,32.24761,33.09074
2023-02-05 10:43:17,-0.016091863,32.24505,33.091
2023-02-05 10:43:22,0.022474708,32.23181,33.09018
2023-02-05 10:43:27,-0.045072853,32.22924,33.09044
2023-02-05 10:43:32,-0.054268727,32.22668,33.0907
2023-02-05 10:43:37,0.026676116,32.22411,33.09097
2023-02-05 10:43:42,-0.004013588,32.22154,33.09123
2023-02-05 10:43:47,0.00232851,32.21898,33.09149
2023-02-05 10:43:52,-0.07117513,32.21642,33.09176
2023-02-05 10:43:57,-0.022368138,32.20311,33.09094
2023-02-05 10:44:02,0.026161166,32.20054,33.09121
2023-02-05 10:44:07,0.027014576,32.19797,33.09147
2023-02-05 10:44:12,-0.009528703,32.1954,33.09174
2023-02-05 10:44:17,-0.003710254,32.19283,33.092
2023-02-05 10:44:22,-0.003118647,32.19026,33.09227
2023-02-05 10:44:27,0.002525361,32.18769,33.09253
2023-02-05 10:44:32,0.013412124,32.18513,33.0928
2023-02-05 10:44:37,0.040201612,32.17175,33.09199
2023-02-05 10:44:42,-0.055303293,32.16917,33.09226
2023-02-05 10:44:47,-0.012697995,32.1666,33.09252
2023-02-05 10:44:52,-0.018148684,32.16403,33.09279
2023-02-05 10:44:57,0.013623304,32.16145,33.09306
2023-02-05 10:45:02,0.002669497,32.15888,33.09332
2023-02-05 10:45:07,0.002479487,32.15631,33.09359
2023-02-05 10:45:12,-0.035106189,32.14287,33.0928
2023-02-05 10:45:17,0.033439791,32.14029,33.09306
2023-02-05 10:45:22,0.000821892,32.13771,33.09333
2023-02-05 10:45:27,-0.010371675,32.13513,33.0936
2023-02-05 10:45:32,-0.037640365,32.13256,33.09387
2023-02-05 10:45:37,0.009434294,32.12998,33.09414
2023-02-05 10:45:42,-0.087102956,32.12741,33.09441
2023-02-05 10:45:47,-0.029728344,32.1139,33.09362
2023-02-05 10:45:52,-0.041536686,32.11131,33.09389
2023-02-05 10:45:57,-0.021159453,32.10873,33.09416
2023-02-05 10:46:02,-0.102333793,32.10615,33.09443
2023-02-05 10:46:07,0.002674522,32.10357,33.0947
2023-02-05 10:46:12,-0.057246865,32.10099,33.09497
2023-02-05 10:46:17,-0.005513169,32.09842,33.09524
2023-02-05 10:46:22,-0.054939821,32.08484,33.09446
2023-02-05 10:46:27,0.012429044,32.08225,33.09474
2023-02-05 10:46:32,0.005287892,32.07967,33.09501
2023-02-05 10:46:37,-0.039053495,32.07708,33.09528
2023-02-05 10:46:42,-0.030176465,32.0745,33.09555
2023-02-05 10:46:47,-0.000440722,32.07192,33.09582
2023-02-05 10:46:52,-0.081951676,32.06934,33.0961
2023-02-05 10:46:57,-0.041715346,32.05569,33.09533
2023-02-05 10:47:02,0.01462222,32.0531,33.0956
2023-02-05 10:47:07,-0.003737474,32.05052,33.09588
2023-02-05 10:47:12,0.020464178,32.04793,33.09615
2023-02-05 10:47:17,0.023268833,32.04534,33.09642
2023-02-05 10:47:22,0.052646167,32.04276,33.0967
2023-02-05 10:47:27,0.044828028,32.04017,33.09697
2023-02-05 10:47:32,0.010284451,32.02646,33.09621
2023-02-05 10:47:37,0.034104322,32.02387,33.09649
2023-02-05 10:47:42,-0.021908904,32.02128,33.09676
2023-02-05 10:47:47,0.012231567,32.01869,33.09704
2023-02-05 10:47:52,-0.011950015,32.0161,33.09732
2023-02-05 10:47:57,0.038223928,32.01351,33.09759
2023-02-05 10:48:02,0.003237113,32.01092,33.09787
2023-02-05 10:48:07,-0.031821549,31.99715,33.09712
2023-02-05 10:48:12,0.05525587,31.99455,33.0974
2023-02-05 10:48:17,-0.027913934,31.99196,33.09768
2023-02-05 10:48:22,0.053692957,31.98936,33.09796
2023-02-05 10:48:27,0.002363177,31.98677,33.09823
2023-02-05 10:48:32,-0.027715745,31.98418,33.09851
2023-02-05 10:48:37,0.048354792,31.98159,33.09879
2023-02-05 10:48:42,0.017949804,31.96775,33.09805
2023-02-05 10:48:47,-0.05478072,31.96515,33.09833
2023-02-05 10:48:52,0.047738598,31.96255,33.09861
2023-02-05 10:48:57,0.017134723,31.95995,33.09889
2023-02-05 10:49:02,0.039955328,31.95736,33.09917
2023-02-05 10:49:07,0.004082476,31.95476,33.09945
2023-02-05 10:49:12,0.015924714,31.94086,33.09872
2023-02-05 10:49:17,0.048833184,31.93826,33.099
2023-02-05 10:49:22,-0.003028457,31.93566,33.09929
2023-02-05 10:49:27,-0.012693348,31.93306,33.09957
2023-02-05 10:49:32,0.067998773,31.93046,33.09985
2023-02-05 10:49:37,0.021093004,31.92786,33.10014
2023-02-05 10:49:42,0.043225803,31.92526,33.10042
2023-02-05 10:49:47,-0.030258497,31.9113,33.0997
2023-02-05 10:49:52,0.012885554,31.9087,33.09998
2023-02-05 10:49:57,-0.08755556,31.90609,33.10027
2023-02-05 10:50:02,-0.007027306,31.90349,33.10055
2023-02-05 10:50:07,0.025474742,31.90088,33.10084
2023-02-05 10:50:12,-0.059147267,31.89828,33.10112
2023-02-05 10:50:17,0.010361812,31.88426,33.10041
2023-02-05 10:50:22,-0.058190952,31.88165,33.10069
2023-02-05 10:50:27,0.032528191,31.87905,33.10098
2023-02-05 10:50:32,-0.036133027,31.87644,33.10127
2023-02-05 10:50:37,-0.052119599,31.87383,33.10156
2023-02-05 10:50:42,-0.041128669,31.87123,33.10184
2023-02-05 10:50:47,0.022728391,31.86862,33.10213
2023-02-05 10:50:52,-0.025013821,31.85454,33.10143
2023-02-05 10:50:57,-0.003708677,31.85193,33.10172
2023-02-05 10:51:02,-0.010621269,31.84932,33.10201
2023-02-05 10:51:07,-0.04633834,31.8467,33.1023
2023-02-05 10:51:12,0.022595055,31.8441,33.10259
2023-02-05 10:51:17,-0.025398241,31.84149,33.10288
2023-02-05 10:51:22,0.000988203,31.82735,33.10218
2023-02-05 10:51:27,0.000867196,31.82473,33.10248
2023-02-05 10:51:32,-0.058121127,31.82212,33.10277
2023-02-05 10:51:37,0.032080724,31.8195,33.10306
2023-02-05 10:51:42,0.047426485,31.81689,33.10335
2023-02-05 10:51:47,0.05777638,31.81428,33.10364
2023-02-05 10:51:52,0.004121085,31.80008,33.10296
2023-02-05 10:51:57,0.030178341,31.79746,33.10325
2023-02-05 10:52:02,-0.023568246,31.79485,33.10355
2023-02-05 10:52:07,0.002208051,31.79223,33.10384
2023-02-05 10:52:12,0.005029816,31.78961,33.10414
2023-02-05 10:52:17,0.006228212,31.787,33.10443
2023-02-05 10:52:22,0.016261927,31.77275,33.10375
2023-02-05 10:52:27,-0.01657808,31.77012,33.10405
2023-02-05 10:52:32,0.01449725,31.7675,33.10435
2023-02-05 10:52:37,-0.044889199,31.76488,33.10465
2023-02-05 10:52:42,0.044538093,31.76226,33.10494
2023-02-05 10:52:47,0.017044832,31.75964,33.10524
2023-02-05 10:52:52,-0.037331231,31.74534,33.10457
2023-02-05 10:52:57,0.041497858,31.74271,33.10487
2023-02-05 10:53:02,-0.028763009,31.74008,33.10517
2023-02-05 10:53:07,-0.056426999,31.73746,33.10547
2023-02-05 10:53:12,0.016754269,31.73484,33.10577
2023-02-05 10:53:17,0.052774143,31.73222,33.10607
2023-02-05 10:53:22,0.056772193,31.71785,33.10541
2023-02-05 10:53:27,-0.066809195,31.71522,33.10571
2023-02-05 10:53:32,0.038182393,31.7126,33.10602
2023-02-05 10:53:37,-0.005725262,31.70997,33.10632
2023-02-05 10:53:42,-0.007226238,31.70734,33.10662
2023-02-05 10:53:47,-0.04055872,31.70472,33.10693
2023-02-05 10:53:52,0.032283918,31.6903,33.10628
2023-02-05 10:53:57,0.035985396,31.68767,33.10658
2023-02-05 10:54:02,-0.013464617,31.68504,33.10688
2023-02-05 10:54:07,0.006141124,31.68241,33.10719
2023-02-05 10:54:12,0.046833031,31.67978,33.1075
2023-02-05 10:54:17,0.023903433,31.67715,33.1078
2023-02-05 10:54:22,0.027389644,31.66268,33.10716
2023-02-05 10:54:27,0.036161996,31.66004,33.10747
2023-02-05 10:54:32,-0.008028072,31.6574,33.10778
2023-02-05 10:54:37,0.016645763,31.65477,33.10809
2023-02-05 10:54:42,-0.017354077,31.65214,33.10839
2023-02-05 10:54:47,-0.045878615,31.64951,33.1087
2023-02-05 10:54:52,0.015779404,31.63498,33.10807
2023-02-05 10:54:57,-0.023495921,31.63234,33.10838
2023-02-05 10:55:02,0.064719848,31.6297,33.10869
2023-02-05 10:55:07,0.014882305,31.62707,33.109
2023-02-05 10:55:12,-0.03005295,31.62443,33.10931
2023-02-05 10:55:17,0.058021792,31.6218,33.10962
2023-02-05 10:55:22,0.008127144,31.60722,33.109
2023-02-05 10:55:27,0.048050709,31.60457,33.10932
2023-02-05 10:55:32,0.029762186,31.60193,33.10963
2023-02-05 10:55:37,-0.047395348,31.59929,33.10994
2023-02-05 10:55:42,0.024634501,31.59665,33.11026
2023-02-05 10:55:47,0.048644217,31.59402,33.11057
2023-02-05 10:55:52,-0.02847564,31.57938,33.10996
2023-02-05 10:55:57,-0.02588919,31.57674,33.11028
2023-02-05 10:56:02,-0.017835344,31.57409,33.11059
2023-02-05 10:56:07,0.074872503,31.57145,33.11091
2023-02-05 10:56:12,-0.018259551,31.56881,33.11123
2023-02-05 10:56:17,0.005240471,31.55413,33.11062
2023-02-05 10:56:22,0.007745744,31.55148,33.11094
2023-02-05 10:56:27,-0.011315514,31.54883,33.11126
2023-02-05 10:56:32,0.049514612,31.54618,33.11158
2023-02-05 10:56:37,0.000426453,31.54354,33.1119
2023-02-05 10:56:42,0.032611937,31.54089,33.11222
2023-02-05 10:56:47,-0.023802844,31.52616,33.11163
2023-02-05 10:56:52,0.031269064,31.52351,33.11195
2023-02-05 10:56:57,-0.025268163,31.52086,33.11227
2023-02-05 10:57:02,-0.055218345,31.51821,33.11259
2023-02-05 10:57:07,-0.02679332,31.51556,33.11292
2023-02-05 10:57:12,-0.02508231,31.51291,33.11324
2023-02-05 10:57:17,-0.007446954,31.49812,33.11266
2023-02-05 10:57:22,0.025921464,31.49547,33.11298
2023-02-05 10:57:27,-0.046804776,31.49282,33.11331
2023-02-05 10:57:32,0.055716836,31.49016,33.11363
2023-02-05 10:57:37,0.030441391,31.48751,33.11396
2023-02-05 10:57:42,0.00509557,31.47268,33.11338
2023-02-05 10:57:47,0.02231761,31.47002,33.11371
2023-02-05 10:57:52,0.039657507,31.46736,33.11404
2023-02-05 10:57:57,0.019424085,31.46471,33.11437
2023-02-05 10:58:02,0.057554725,31.46205,33.1147
2023-02-05 10:58:07,-0.015747601,31.4594,33.11503
2023-02-05 10:58:12,0.001101178,31.44451,33.11446
2023-02-05 10:58:17,-0.051226525,31.44185,33.11479
2023-02-05 10:58:22,0.007914152,31.43919,33.11512
2023-02-05 10:58:27,-0.007453748,31.43653,33.11546
2023-02-05 10:58:32,0.014596813,31.43387,33.11579
2023-02-05 10:58:37,0.020194413,31.41894,33.11523
2023-02-05 10:58:42,-0.021689796,31.41628,33.11557
2023-02-05 10:58:47,-0.07469927,31.41361,33.1159
2023-02-05 10:58:52,-0.042516059,31.41095,33.11624
2023-02-05 10:58:57,0.000239932,31.40829,33.11657
2023-02-05 10:59:02,0.048237591,31.39331,33.11602
2023-02-05 10:59:07,0.001917845,31.39065,33.11636
2023-02-05 10:59:12,0.026705173,31.38798,33.1167
2023-02-05 10:59:17,-0.042636826,31.38531,33.11704
2023-02-05 10:59:22,0.015465445,31.38265,33.11738
2023-02-05 10:59:27,0.047014337,31.37998,33.11771
2023-02-05 10:59:32,-0.001100156,31.36496,33.11718
2023-02-05 10:59:37,-0.007052575,31.36228,33.11752
2023-02-05 10:59:42,-0.01310274,31.35962,33.11786
2023-02-05 10:59:47,-0.019061489,31.35695,33.1182
2023-02-05 10:59:52,-0.041300424,31.35428,33.11854
2023-02-05 10:59:57,0.026777538,31.3392,33.11801
2023-02-05 11:00:02,-0.022124422,31.33653,33.11836
2023-02-05 11:00:07,-0.002031528,31.33386,33.1187
2023-02-05 11:00:12,-0.014022974,31.33119,33.11905
2023-02-05 11:00:17,-0.01013071,31.32852,33.11939
2023-02-05 11:00:22,0.020113557,31.3134,33.11887
2023-02-05 11:00:27,-0.02931856,31.31072,33.11922
2023-02-05 11:00:32,-0.014901284,31.30804,33.11957
2023-02-05 11:00:37,-0.000975464,31.30537,33.11991
2023-02-05 11:00:42,0.013028871,31.3027,33.12026
2023-02-05 11:00:47,-0.079297466,31.28753,33.11975
2023-02-05 11:00:52,-0.054860554,31.28485,33.1201
2023-02-05 11:00:57,-0.014739608,31.28217,33.12045
2023-02-05 11:01:02,-0.059442679,31.27949,33.1208
2023-02-05 11:01:07,-0.040875489,31.27682,33.12116
2023-02-05 11:01:12,-0.024190747,31.26161,33.12066
2023-02-05 11:01:17,0.006942322,31.25892,33.12101
2023-02-05 11:01:22,-0.011969009,31.25624,33.12136
2023-02-05 11:01:27,-0.00949237,31.25356,33.12172
2023-02-05 11:01:32,0.029789891,31.25088,33.12207
2023-02-05 11:01:37,0.037158695,31.23563,33.12158
2023-02-05 11:01:42,-0.014036461,31.23294,33.12194
2023-02-05 11:01:47,-0.006919237,31.23025,33.1223
2023-02-05 11:01:52,-0.0423784,31.22757,33.12265
2023-02-05 11:01:57,-0.009057842,31.22488,33.12301
2023-02-05 11:02:02,-0.007465581,31.20959,33.12253
2023-02-05 11:02:07,-0.043503588,31.2069,33.12289
2023-02-05 11:02:12,0.010935428,31.20421,33.12325
2023-02-05 11:02:17,-0.051825869,31.20152,33.12361
2023-02-05 11:02:22,-0.029632431,31.19884,33.12397
2023-02-05 11:02:27,-0.023753646,31.1835,33.1235
2023-02-05 11:02:32,-0.012299671,31.1808,33.12386
2023-02-05 11:02:37,-0.00136292,31.17811,33.12423
2023-02-05 11:02:42,0.014956707,31.17542,33.12459
2023-02-05 11:02:47,-0.053759927,31.17273,33.12496
2023-02-05 11:02:52,-0.016588642,31.15734,33.1245
2023-02-05 11:02:57,0.068411708,31.15465,33.12486
2023-02-05 11:03:02,-0.027375106,31.15195,33.12523
2023-02-05 11:03:07,0.025362693,31.14926,33.1256
2023-02-05 11:03:12,0.035508647,31.14657,33.12597
2023-02-05 11:03:17,0.008391768,31.13114,33.12551
2023-02-05 11:03:22,0.044708591,31.12844,33.12588
2023-02-05 11:03:27,-0.009347929,31.12574,33.12626
2023-02-05 11:03:32,0.063796259,31.12304,33.12663
2023-02-05 11:03:37,-0.006352985,31.12035,33.127
2023-02-05 11:03:42,0.056026703,31.10488,33.12656
2023-02-05 11:03:47,-0.014609471,31.10218,33.12693
2023-02-05 11:03:52,0.063461785,31.09947,33.12731
2023-02-05 11:03:57,0.024315032,31.09677,33.12768
2023-02-05 11:04:02,0.075625857,31.08127,33.12725
2023-02-05 11:04:07,0.020376981,31.07856,33.12762
2023-02-05 11:04:12,0.071383605,31.07586,33.128
2023-02-05 11:04:17,0.031628497,31.07315,33.12838
2023-02-05 11:04:22,0.034358827,31.07045,33.12876
2023-02-05 11:04:27,-0.02150407,31.0549,33.12834
2023-02-05 11:04:32,0.044685085,31.05219,33.12872
2023-02-05 11:04:37,0.041810224,31.04948,33.1291
2023-02-05 11:04:42,0.011748524,31.04678,33.12948
2023-02-05 11:04:47,0.040349057,31.04407,33.12986
2023-02-05 11:04:52,-0.00563664,31.02848,33.12945
2023-02-05 11:04:57,-0.046450747,31.02577,33.12983
2023-02-05 11:05:02,0.018448062,31.02306,33.13022
2023-02-05 11:05:07,0.016202538,31.02034,33.13061
2023-02-05 11:05:12,-0.069151792,31.01764,33.13099
2023-02-05 11:05:17,-0.014856918,31.002,33.13059
2023-02-05 11:05:22,-0.040481642,30.99929,33.13098
2023-02-05 11:05:27,0.045089259,30.99657,33.13136
2023-02-05 11:05:32,0.024470702,30.99386,33.13175
2023-02-05 11:05:37,-0.001830749,30.97819,33.13136
2023-02-05 11:05:42,0.019673998,30.97547,33.13175
2023-02-05 11:05:47,-0.006954044,30.97275,33.13214
2023-02-05 11:05:52,0.00356342,30.97004,33.13254
2023-02-05 11:05:57,-0.028532514,30.96732,33.13293
2023-02-05 11:06:02,-0.00482682,30.95161,33.13254
2023-02-05 11:06:07,0.039267593,30.94889,33.13294
2023-02-05 11:06:12,0.022666052,30.94617,33.13334
2023-02-05 11:06:17,0.027027981,30.94345,33.13373
2023-02-05 11:06:22,0.020563941,30.9277,33.13336
2023-02-05 11:06:27,-0.076484812,30.92498,33.13375
2023-02-05 11:06:32,0.023125846,30.92225,33.13416
2023-02-05 11:06:37,-0.031807774,30.91953,33.13456
2023-02-05 11:06:42,0.025019494,30.91681,33.13496
2023-02-05 11:06:47,-0.030058617,30.90102,33.13459
2023-02-05 11:06:52,-0.080165045,30.89829,33.13499
2023-02-05 11:06:57,-0.056010976,30.89556,33.1354
2023-02-05 11:07:02,-0.010324706,30.89284,33.1358
2023-02-05 11:07:07,0.018632355,30.87701,33.13544
2023-02-05 11:07:12,-0.015967138,30.87428,33.13585
2023-02-05 11:07:17,-0.066725024,30.87155,33.13626
2023-02-05 11:07:22,0.004555575,30.86882,33.13667
2023-02-05 11:07:27,0.049017653,30.8661,33.13708
2023-02-05 11:07:32,0.03487201,30.85023,33.13673
2023-02-05 11:07:37,0.010087681,30.8475,33.13714
2023-02-05 11:07:42,-0.015056145,30.84476,33.13755
2023-02-05 11:07:47,-0.013719702,30.84203,33.13796
2023-02-05 11:07:52,-0.140089799,30.82613,33.13762
2023-02-05 11:07:57,-0.075323351,30.82339,33.13804
2023-02-05 11:08:02,-0.005396279,30.82066,33.13845
2023-02-05 11:08:07,-0.047186058,30.81792,33.13887
2023-02-05 11:08:12,0.038201758,30.80199,33.13854
2023-02-05 11:08:17,0.065171891,30.79924,33.13896
2023-02-05 11:08:22,-0.003775335,30.79651,33.13938
2023-02-05 11:08:27,0.027995967,30.79377,33.1398
2023-02-05 11:08:32,0.027999327,30.79103,33.14022
2023-02-05 11:08:37,-0.057635325,30.77505,33.1399
2023-02-05 11:08:42,0.027118406,30.77231,33.14032
2023-02-05 11:08:47,0.010434904,30.76957,33.14074
2023-02-05 11:08:52,-0.022407047,30.76683,33.14117
2023-02-05 11:08:57,-0.06588711,30.75082,33.14086
2023-02-05 11:09:02,0.02847113,30.74807,33.14128
2023-02-05 11:09:07,-0.026005503,30.74532,33.14171
2023-02-05 11:09:12,0.004437975,30.74258,33.14214
2023-02-05 11:09:17,0.007873586,30.72653,33.14184
2023-02-05 11:09:22,-0.041777151,30.72378,33.14226
2023-02-05 11:09:27,-0.080935689,30.72103,33.1427
2023-02-05 11:09:32,-0.035363754,30.71829,33.14313
2023-02-05 11:09:37,-0.000618907,30.70221,33.14284
2023-02-05 11:09:42,-0.077588692,30.69945,33.14327
2023-02-05 11:09:47,0.004791419,30.6967,33.1437
2023-02-05 11:09:52,-0.0140732,30.69395,33.14414
2023-02-05 11:09:57,-0.00645467,30.6912,33.14458
2023-02-05 11:10:02,0.011467028,30.67508,33.14429
2023-02-05 11:10:07,-0.018365843,30.67232,33.14473
2023-02-05 11:10:12,-0.04855491,30.66957,33.14517
2023-02-05 11:10:17,0.001039113,30.66682,33.14561
2023-02-05 11:10:22,-0.04547076,30.65066,33.14534
2023-02-05 11:10:27,0.019592146,30.6479,33.14578
2023-02-05 11:10:32,0.020721334,30.64515,33.14623
2023-02-05 11:10:37,-0.004963746,30.64239,33.14667
2023-02-05 11:10:42,0.008553784,30.6262,33.14641
2023-02-05 11:10:47,0.028260889,30.62344,33.14685
2023-02-05 11:10:52,0.039392089,30.62068,33.1473
2023-02-05 11:10:57,-0.018739191,30.61792,33.14775
2023-02-05 11:11:02,0.039843208,30.6017,33.1475
2023-02-05 11:11:07,0.01850359,30.59893,33.14794
2023-02-05 11:11:12,0.002330518,30.59617,33.1484
2023-02-05 11:11:17,-0.005809648,30.5934,33.14885
2023-02-05 11:11:22,0.027933498,30.57715,33.1486
2023-02-05 11:11:27,0.022121326,30.57438,33.14906
2023-02-05 11:11:32,0.010626064,30.57161,33.14951
2023-02-05 11:11:37,-0.01702156,30.56885,33.14997
2023-02-05 11:11:42,-0.023512121,30.55256,33.14974
2023-02-05 11:11:47,-0.062144636,30.54978,33.15019
2023-02-05 11:11:52,-0.042310416,30.54702,33.15065
2023-02-05 11:11:57,-0.033488685,30.54425,33.15111
2023-02-05 11:12:02,-0.045768144,30.52792,33.15089
2023-02-05 11:12:07,3.8614e-05,30.52515,33.15135
2023-02-05 11:12:12,-0.087184014,30.52238,33.15182
2023-02-05 11:12:17,-0.020572266,30.5196,33.15228
2023-02-05 11:12:22,-0.028170397,30.50325,33.15206
2023-02-05 11:12:27,0.011657786,30.50047,33.15253
2023-02-05 11:12:32,-0.012254538,30.49769,33.153
2023-02-05 11:12:37,0.005929526,30.49492,33.15347
2023-02-05 11:12:42,-0.023827696,30.47853,33.15326
2023-02-05 11:12:47,0.004691302,30.47575,33.15373
2023-02-05 11:12:52,-0.051850238,30.47297,33.1542
2023-02-05 11:12:57,-0.007666804,30.47019,33.15468
2023-02-05 11:13:02,-0.006095237,30.45377,33.15448
2023-02-05 11:13:07,0.000643105,30.45098,33.15496
2023-02-05 11:13:12,0.054997015,30.4482,33.15543
2023-02-05 11:13:17,0.029428947,30.44542,33.15591
2023-02-05 11:13:22,0.009026963,30.42896,33.15572
2023-02-05 11:13:27,0.025770218,30.42618,33.1562
2023-02-05 11:13:32,0.005039631,30.4234,33.15668
2023-02-05 11:13:37,0.026593206,30.40691,33.15651
2023-02-05 11:13:42,0.005722917,30.40412,33.15699
2023-02-05 11:13:47,0.048265415,30.40133,33.15747
2023-02-05 11:13:52,0.058662359,30.39854,33.15796
2023-02-05 11:13:57,0.021304315,30.38203,33.15779
2023-02-05 11:14:02,0.026228326,30.37924,33.15828
2023-02-05 11:14:07,0.067913521,30.37644,33.15877
2023-02-05 11:14:12,0.030053008,30.37366,33.15925
2023-02-05 11:14:17,0.066262116,30.35711,33.1591
2023-02-05 11:14:22,0.038533347,30.35431,33.15959
2023-02-05 11:14:27,0.005495174,30.35152,33.16008
2023-02-05 11:14:32,0.014545239,30.34872,33.16058
2023-02-05 11:14:37,0.039413858,30.33214,33.16043
2023-02-05 11:14:42,0.053641217,30.32934,33.16092
2023-02-05 11:14:47,0.083495271,30.32655,33.16142
2023-02-05 11:14:52,0.023138451,30.32375,33.16192
2023-02-06 07:12:47,-0.033005617,38.36743,28.92587
2023-02-06 07:12:52,0.051905207,38.36689,28.92922
2023-02-06 07:12:57,0.07299832,38.35748,28.94571
2023-02-06 07:13:02,0.067392831,38.35693,28.94905
2023-02-06 07:13:07,0.10970777,38.35638,28.95238
2023-02-06 07:13:12,0.09867449,38.35583,28.95572
2023-02-06 07:13:17,0.108912065,38.35527,28.95905
2023-02-06 07:13:22,0.055332194,38.34585,28.97548
2023-02-06 07:13:27,0.049482695,38.34529,28.9788
2023-02-06 07:13:32,0.05957441,38.34473,28.98213
2023-02-06 07:13:37,0.0482981,38.34416,28.98545
2023-02-06 07:13:42,0.015844351,38.33474,29.00182
2023-02-06 07:13:47,-0.005997433,38.33417,29.00514
2023-02-06 07:13:52,-0.022747425,38.33359,29.00844
2023-02-06 07:13:57,-0.039354479,38.33302,29.01176
2023-02-06 07:14:02,-0.045539327,38.32358,29.02808
2023-02-06 07:14:07,0.054446618,38.323,29.03138
2023-02-06 07:14:12,0.011049265,38.32242,29.03467
2023-02-06 07:14:17,0.015574941,38.32183,29.03797
2023-02-06 07:14:22,0.094102394,38.32124,29.04127
2023-02-06 07:14:27,0.098536491,38.3118,29.05753
2023-02-06 07:14:32,0.044296419,38.3112,29.06081
2023-02-06 07:14:37,0.074909382,38.31061,29.0641
2023-02-06 07:14:42,0.110808107,38.31001,29.06738
2023-02-06 07:14:47,0.083084534,38.30056,29.08359
2023-02-06 07:14:52,0.055317627,38.29995,29.08686
2023-02-06 07:14:57,-0.020651935,38.29935,29.09013
2023-02-06 07:15:02,0.026114545,38.29874,29.0934
2023-02-06 07:15:07,-0.055078916,38.29812,29.09667
2023-02-06 07:15:12,-0.029905886,38.28867,29.11282
2023-02-06 07:15:17,0.016355585,38.28805,29.11608
2023-02-06 07:15:22,-0.001191736,38.28743,29.11934
2023-02-06 07:15:27,-0.061227863,38.28681,29.12259
2023-02-06 07:15:32,-0.057534398,38.27734,29.13868
2023-02-06 07:15:37,0.015409477,38.27672,29.14193
2023-02-06 07:15:42,-0.034272607,38.27609,29.14518
2023-02-06 07:15:47,-0.062481801,38.27545,29.14842
2023-02-06 07:15:52,-0.053608544,38.26598,29.16446
2023-02-06 07:15:57,-0.044771157,38.26535,29.1677
2023-02-06 07:16:02,0.022469752,38.26471,29.17093
2023-02-06 07:16:07,-0.043000613,38.26406,29.17416
2023-02-06 07:16:12,0.002852368,38.26342,29.1774
2023-02-06 07:16:17,-0.025756072,38.25394,29.19337
2023-02-06 07:16:22,-0.02783799,38.25329,29.19659
2023-02-06 07:16:27,0.012869471,38.25264,29.19981
2023-02-06 07:16:32,0.010815979,38.25198,29.20303
2023-02-06 07:16:37,-0.007257187,38.25133,29.20625
2023-02-06 07:16:42,-0.131386738,38.24184,29.22216
2023-02-06 07:16:47,-0.037969975,38.24118,29.22537
2023-02-06 07:16:52,-0.01367929,38.24051,29.22858
2023-02-06 07:16:57,-0.111241967,38.23985,29.23178
2023-02-06 07:17:02,-0.108133282,38.23035,29.24764
2023-02-06 07:17:07,-0.137029304,38.22968,29.25084
2023-02-06 07:17:12,-0.107320396,38.22901,29.25403
2023-02-06 07:17:17,-0.024526114,38.22833,29.25722
2023-02-06 07:17:22,-0.042832513,38.22766,29.26042
2023-02-06 07:17:27,-0.076960041,38.21815,29.27621
2023-02-06 07:17:32,0.011098957,38.21747,29.27939
2023-02-06 07:17:37,0.003199437,38.21679,29.28258
2023-02-06 07:17:42,-0.078767044,38.2161,29.28576
2023-02-06 07:17:47,0.014564371,38.20659,29.3015
2023-02-06 07:17:52,0.044109741,38.2059,29.30467
2023-02-06 07:17:57,-0.027629981,38.2052,29.30784
2023-02-06 07:18:02,-0.067025139,38.20451,29.311
2023-02-06 07:18:07,0.020721413,38.20381,29.31417
2023-02-06 07:18:12,-0.002903378,38.19429,29.32985
2023-02-06 07:18:17,-0.090500273,38.19359,29.33301
2023-02-06 07:18:22,-0.00793294,38.19288,29.33616
2023-02-06 07:18:27,-0.036924754,38.19217,29.33932
2023-02-06 07:18:32,-0.002349,38.19146,29.34247
2023-02-06 07:18:37,-0.09513007,38.18194,29.35809
2023-02-06 07:18:42,-0.02859387,38.18123,29.36123
2023-02-06 07:18:47,-0.009844815,38.18051,29.36437
2023-02-06 07:18:52,0.035546164,38.17979,29.36751
2023-02-06 07:18:57,-0.025667977,38.17906,29.37065
2023-02-06 07:19:02,0.046169304,38.16954,29.3862
2023-02-06 07:19:07,0.043763131,38.16881,29.38933
2023-02-06 07:19:12,-0.001477287,38.16808,29.39246
2023-02-06 07:19:17,-0.004082363,38.16735,29.39559
2023-02-06 07:19:22,-0.038479926,38.15782,29.41109
2023-02-06 07:19:27,-0.003781528,38.15708,29.41421
2023-02-06 07:19:32,0.020064559,38.15634,29.41732
2023-02-06 07:19:37,0.01212024,38.1556,29.42044
2023-02-06 07:19:42,-0.048933704,38.15486,29.42355
2023-02-06 07:19:47,-0.024709417,38.14532,29.43899
2023-02-06 07:19:52,-0.043504766,38.14457,29.44209
2023-02-06 07:19:57,0.028499653,38.14382,29.44519
2023-02-06 07:20:02,0.019365517,38.14307,29.4483
2023-02-06 07:20:07,-0.013844324,38.14231,29.4514
2023-02-06 07:20:12,0.041984948,38.13277,29.46677
2023-02-06 07:20:17,-0.034860175,38.13201,29.46986
2023-02-06 07:20:22,-0.026994735,38.13125,29.47295
2023-02-06 07:20:27,0.071292095,38.13048,29.47604
2023-02-06 07:20:32,0.058225111,38.12972,29.47912
2023-02-06 07:20:37,-0.018797024,38.12017,29.49443
2023-02-06 07:20:42,0.069031517,38.1194,29.49751
2023-02-06 07:20:47,0.066446029,38.11863,29.50059
2023-02-06 07:20:52,0.058725271,38.11785,29.50366
2023-02-06 07:20:57,0.061478467,38.11707,29.50674
2023-02-06 07:21:02,-0.041981495,38.10753,29.52198
2023-02-06 07:21:07,0.088127737,38.10674,29.52504
2023-02-06 07:21:12,0.069765377,38.10596,29.52811
2023-02-06 07:21:17,0.104326005,38.10517,29.53117
2023-02-06 07:21:22,0.09130266,38.10438,29.53423
2023-02-06 07:21:27,0.104742946,38.09483,29.54941
2023-02-06 07:21:32,0.038429127,38.09404,29.55246
2023-02-06 07:21:37,0.110316632,38.09324,29.55551
2023-02-06 07:21:42,0.02288155,38.09244,29.55856
2023-02-06 07:21:47,0.057467133,38.09164,29.5616
2023-02-06 07:21:52,0.033617494,38.08208,29.57672
2023-02-06 07:21:57,-0.016688491,38.08128,29.57976
2023-02-06 07:22:02,0.023426518,38.08047,29.5828
2023-02-06 07:22:07,0.06868342,38.07966,29.58583
2023-02-06 07:22:12,0.06635358,38.07885,29.58886
2023-02-06 07:22:17,0.053880224,38.06929,29.60392
2023-02-06 07:22:22,0.039997244,38.06848,29.60694
2023-02-06 07:22:27,0.042809495,38.06766,29.60996
2023-02-06 07:22:32,0.034961794,38.06684,29.61298
2023-02-06 07:22:37,0.021973627,38.06601,29.616
2023-02-06 07:22:42,0.008793644,38.05645,29.631
2023-02-06 07:22:47,0.04891046,38.05563,29.63401
2023-02-06 07:22:52,0.067514459,38.0548,29.63702
2023-02-06 07:22:57,0.070315393,38.05396,29.64002
2023-02-06 07:23:02,0.06264238,38.05313,29.64303
2023-02-06 07:23:07,0.07609341,38.04357,29.65796
2023-02-06 07:23:12,0.068218741,38.04273,29.66096
2023-02-06 07:23:17,0.055007106,38.04189,29.66395
2023-02-06 07:23:22,0.031127806,38.04105,29.66694
2023-02-06 07:23:27,0.050069417,38.0402,29.66994
2023-02-06 07:23:32,0.047491191,38.03064,29.6848
2023-02-06 07:23:37,0.023582753,38.02979,29.68779
2023-02-06 07:23:42,-0.010806995,38.02894,29.69077
2023-02-06 07:23:47,-0.034739971,38.02808,29.69375
2023-02-06 07:23:52,-5.7618e-05,38.02723,29.69672
2023-02-06 07:23:57,-0.008029494,38.02637,29.6997
2023-02-06 07:24:02,0.010632321,38.0168,29.7145
2023-02-06 07:24:07,0.02394733,38.01594,29.71747
2023-02-06 07:24:12,0.000125022,38.01508,29.72043
2023-02-06 07:24:17,0.00788237,38.01421,29.7234
2023-02-06 07:24:22,-0.005319765,38.01334,29.72636
2023-02-06 07:24:27,0.023715263,38.00377,29.7411
2023-02-06 07:24:32,-0.047969705,38.0029,29.74405
2023-02-06 07:24:37,0.023658157,38.00203,29.747
2023-02-06 07:24:42,-0.074915728,38.00115,29.74995
2023-02-06 07:24:47,0.023310353,38.00027,29.7529
2023-02-06 07:24:52,-0.069796887,37.9907,29.76757
2023-02-06 07:24:57,0.022852956,37.98982,29.77051
2023-02-06 07:25:02,-0.006544113,37.98893,29.77345
2023-02-06 07:25:07,-0.014842789,37.98805,29.77639
2023-02-06 07:25:12,-0.049823368,37.98716,29.77932
2023-02-06 07:25:17,-0.010218441,37.98627,29.78226
2023-02-06 07:25:22,-0.0504065,37.97669,29.79686
2023-02-06 07:25:27,-0.048181327,37.9758,29.79978
2023-02-06 07:25:32,0.001976098,37.9749,29.80271
2023-02-06 07:25:37,-0.091812192,37.974,29.80563
2023-02-06 07:25:42,-0.009943061,37.9731,29.80855
2023-02-06 07:25:47,-0.034331857,37.96353,29.82309
2023-02-06 07:25:52,-0.042962921,37.96262,29.826
2023-02-06 07:25:57,-0.014327177,37.96172,29.82891
2023-02-06 07:26:02,-0.028221537,37.9608,29.83182
2023-02-06 07:26:07,-0.036946697,37.95989,29.83473
2023-02-06 07:26:12,-0.061744835,37.95032,29.8492
2023-02-06 07:26:17,-0.038620714,37.9494,29.8521
2023-02-06 07:26:22,0.010914425,37.94849,29.855
2023-02-06 07:26:27,-0.008507639,37.94757,29.85789
2023-02-06 07:26:32,-0.017510407,37.94664,29.86078
2023-02-06 07:26:37,-0.026564157,37.94572,29.86368
2023-02-06 07:26:42,-0.014350343,37.93615,29.87808
2023-02-06 07:26:47,-0.012849295,37.93522,29.88096
2023-02-06 07:26:52,-0.022061917,37.93429,29.88384
2023-02-06 07:26:57,-0.057788588,37.93336,29.88672
2023-02-06 07:27:02,-0.035132157,37.93242,29.8896
2023-02-06 07:27:07,-0.039181646,37.92285,29.90394
2023-02-06 07:27:12,0.00449045,37.92191,29.90681
2023-02-06 07:27:17,-0.05811293,37.92097,29.90968
2023-02-06 07:27:22,-0.06766622,37.92003,29.91255
2023-02-06 07:27:27,-0.00799012,37.91909,29.91541
2023-02-06 07:27:32,-0.012332999,37.91814,29.91828
2023-02-06 07:27:37,-0.037865995,37.90857,29.93254
2023-02-06 07:27:42,-0.010541708,37.90762,29.9354
2023-02-06 07:27:47,-0.020208109,37.90667,29.93825
2023-02-06 07:27:52,-0.01946753,37.90571,29.9411
2023-02-06 07:27:57,0.007669527,37.90476,29.94396
2023-02-06 07:28:02,-0.066144599,37.9038,29.94681
2023-02-06 07:28:07,-0.049604337,37.89423,29.961
2023-02-06 07:28:12,0.014650622,37.89327,29.96384
2023-02-06 07:28:17,-0.059356077,37.8923,29.96668
2023-02-06 07:28:22,-0.005890352,37.89134,29.96952
2023-02-06 07:28:27,0.010391218,37.89037,29.97235
2023-02-06 07:28:32,-0.031831411,37.8808,29.98648
2023-02-06 07:28:37,0.021628456,37.87983,29.98931
2023-02-06 07:28:42,-0.106004247,37.87885,29.99213
2023-02-06 07:28:47,0.021752549,37.87788,29.99496
2023-02-06 07:28:52,-0.004933945,37.8769,29.99778
2023-02-06 07:28:57,-0.015506383,37.87592,30.0006
2023-02-06 07:29:02,0.000124021,37.86635,30.01466
2023-02-06 07:29:07,-0.04256001,37.86537,30.01747
2023-02-06 07:29:12,0.015577688,37.86438,30.02028
2023-02-06 07:29:17,0.031200513,37.8634,30.02309
2023-02-06 07:29:22,-0.033000695,37.86241,30.0259
2023-02-06 07:29:27,0.003810439,37.86141,30.02871
2023-02-06 07:29:32,0.008386529,37.85185,30.04269
2023-02-06 07:29:37,0.002618328,37.85086,30.04549
2023-02-06 07:29:42,0.028574523,37.84986,30.04828
2023-02-06 07:29:47,0.038476441,37.84886,30.05108
2023-02-06 07:29:52,-0.004984856,37.84786,30.05387
2023-02-06 07:29:57,-0.021860367,37.8383,30.0678
2023-02-06 07:30:02,0.056949043,37.83729,30.07058
2023-02-06 07:30:07,0.045277346,37.83629,30.07336
2023-02-06 07:30:12,-0.003385252,37.83528,30.07614
2023-02-06 07:30:17,0.048587692,37.83427,30.07892
2023-02-06 07:30:22,0.036730756,37.83325,30.0817
2023-02-06 07:30:27,-0.01230575,37.8237,30.09555
2023-02-06 07:30:32,0.023495719,37.82268,30.09832
2023-02-06 07:30:37,-0.025659957,37.82166,30.10108
2023-02-06 07:30:42,0.036673432,37.82064,30.10385
2023-02-06 07:30:47,-0.012598671,37.81962,30.10661
2023-02-06 07:30:52,-0.067257589,37.81859,30.10938
2023-02-06 07:30:57,-0.047544216,37.80904,30.12316
2023-02-06 07:31:02,-0.028076615,37.80802,30.12591
2023-02-06 07:31:07,-0.008473219,37.80699,30.12866
2023-02-06 07:31:12,-0.010052732,37.80595,30.13141
2023-02-06 07:31:17,0.003924172,37.80492,30.13416
2023-02-06 07:31:22,0.034029446,37.80388,30.13691
2023-02-06 07:31:27,0.03191417,37.79434,30.15062
2023-02-06 07:31:32,0.024799851,37.7933,30.15336
2023-02-06 07:31:37,-0.030332477,37.79226,30.1561
2023-02-06 07:31:42,0.020705244,37.79122,30.15883
2023-02-06 07:31:47,0.018587596,37.79017,30.16157
2023-02-06 07:31:52,0.021754385,37.78912,30.1643
2023-02-06 07:31:57,0.003557142,37.77958,30.17794
2023-02-06 07:32:02,-0.010100585,37.77853,30.18066
2023-02-06 07:32:07,0.025663479,37.77748,30.18338
2023-02-06 07:32:12,-0.024448876,37.77642,30.1861
2023-02-06 07:32:17,0.020956965,37.77537,30.18882
2023-02-06 07:32:22,-0.03456337,37.77431,30.19154
2023-02-06 07:32:27,-0.02102213,37.76477,30.20511
2023-02-06 07:32:32,0.002952648,37.76371,30.20782
2023-02-06 07:32:37,0.000623947,37.76265,30.21052
2023-02-06 07:32:42,-0.007258238,37.76158,30.21323
2023-02-06 07:32:47,0.011286804,37.76052,30.21593
2023-02-06 07:32:52,-0.097545803,37.75944,30.21864
2023-02-06 07:32:57,0.000888076,37.74992,30.23213
2023-02-06 07:33:02,-0.012444012,37.74885,30.23482
2023-02-06 07:33:07,0.00617689,37.74777,30.23752
2023-02-06 07:33:12,-0.065645752,37.74669,30.24021
2023-02-06 07:33:17,0.000704837,37.74562,30.2429
2023-02-06 07:33:22,-0.055174362,37.74453,30.24559
2023-02-06 07:33:27,-0.02065646,37.74345,30.24828
2023-02-06 07:33:32,0.008321435,37.73393,30.26169
2023-02-06 07:33:37,0.026811621,37.73284,30.26436
2023-02-06 07:33:42,-0.002684403,37.73176,30.26704
2023-02-06 07:33:47,-0.010685935,37.73067,30.26972
2023-02-06 07:33:52,-0.034881571,37.72957,30.27239
2023-02-06 07:33:57,0.031328191,37.72848,30.27506
2023-02-06 07:34:02,0.023098153,37.71897,30.2884
2023-02-06 07:34:07,-0.064709685,37.71787,30.29107
2023-02-06 07:34:12,-0.030509128,37.71677,30.29373
2023-02-06 07:34:17,-0.054754284,37.71567,30.29639
2023-02-06 07:34:22,0.000943434,37.71457,30.29905
2023-02-06 07:34:27,-0.028641796,37.71346,30.3017
2023-02-06 07:34:32,-0.052709701,37.70396,30.31498
2023-02-06 07:34:37,-0.023860819,37.70285,30.31762
2023-02-06 07:34:42,0.005178205,37.70174,30.32027
2023-02-06 07:34:47,-0.056199887,37.70063,30.32291
2023-02-06 07:34:52,-0.053806965,37.69952,30.32556
2023-02-06 07:34:57,0.01216799,37.6984,30.3282
2023-02-06 07:35:02,0.046549081,37.6889,30.3414
2023-02-06 07:35:07,0.016977597,37.68779,30.34403
2023-02-06 07:35:12,0.019583611,37.68667,30.34666
2023-02-06 07:35:17,-0.00997142,37.68555,30.3493
2023-02-06 07:35:22,0.01378284,37.68442,30.35192
2023-02-06 07:35:27,0.005568811,37.6833,30.35455
2023-02-06 07:35:32,0.018687092,37.68217,30.35718
2023-02-06 07:35:37,0.021159162,37.67268,30.3703
2023-02-06 07:35:42,-0.013663424,37.67155,30.37292
2023-02-06 07:35:47,0.02614897,37.67042,30.37553
2023-02-06 07:35:52,0.049988554,37.66929,30.37814
2023-02-06 07:35:57,0.041676513,37.66815,30.38076
2023-02-06 07:36:02,0.04975421,37.66701,30.38337
2023-02-06 07:36:07,0.02035238,37.65753,30.39642
2023-02-06 07:36:12,0.038750731,37.65639,30.39902
2023-02-06 07:36:17,-0.016876355,37.65525,30.40162
2023-02-06 07:36:22,0.033546875,37.65411,30.40422
2023-02-06 07:36:27,0.030885546,37.65296,30.40682
2023-02-06 07:36:32,0.012449854,37.65181,30.40941
2023-02-06 07:36:37,0.052288463,37.65066,30.41201
2023-02-06 07:36:42,0.060174209,37.64119,30.42498
2023-02-06 07:36:47,0.015359395,37.64004,30.42756
2023-02-06 07:36:52,0.081739895,37.63889,30.43015
2023-02-06 07:36:57,0.042122048,37.63773,30.43273
2023-02-06 07:37:02,0.055642763,37.63657,30.43531
2023-02-06 07:37:07,0.005235015,37.63541,30.43789
2023-02-06 07:37:12,-0.007641954,37.62595,30.45079
2023-02-06 07:37:17,0.032431166,37.62479,30.45336
2023-02-06 07:37:22,0.04074745,37.62362,30.45593
2023-02-06 07:37:27,0.086406039,37.62246,30.4585
2023-02-06 07:37:32,0.047009539,37.62129,30.46106
2023-02-06 07:37:37,0.108344225,37.62012,30.46363
2023-02-06 07:37:42,0.042556535,37.61895,30.4662
2023-02-06 07:37:47,0.051041572,37.6095,30.47901
2023-02-06 07:37:52,0.080690907,37.60832,30.48157
2023-02-06 07:37:57,0.015008174,37.60715,30.48412
2023-02-06 07:38:02,0.007419074,37.60597,30.48667
2023-02-06 07:38:07,0.069154772,37.60479,30.48922
2023-02-06 07:38:12,-0.001750198,37.60361,30.49177
2023-02-06 07:38:17,0.059867659,37.60242,30.49432
2023-02-06 07:38:22,-0.037614093,37.59299,30.50706
2023-02-06 07:38:27,-0.023511724,37.5918,30.5096
2023-02-06 07:38:32,0.03307646,37.59061,30.51213
2023-02-06 07:38:37,-0.074955077,37.58942,30.51467
2023-02-06 07:38:42,-0.002303708,37.58823,30.5172
2023-02-06 07:38:47,0.006615964,37.58704,30.51974
2023-02-06 07:38:52,-0.085505799,37.58584,30.52227
2023-02-06 07:38:57,0.056354434,37.57642,30.53493
2023-02-06 07:39:02,-0.046163438,37.57522,30.53745
2023-02-06 07:39:07,0.037331152,37.57402,30.53997
2023-02-06 07:39:12,-0.049314561,37.57282,30.54249
2023-02-06 07:39:17,-0.013716872,37.57162,30.54501
2023-02-06 07:39:22,-0.020341806,37.57041,30.54752
2023-02-06 07:39:27,-0.005992318,37.561,30.56011
2023-02-06 07:39:32,-0.039195896,37.55979,30.56262
2023-02-06 07:39:37,-0.040575352,37.55858,30.56512
2023-02-06 07:39:42,0.027178369,37.55737,30.56763
2023-02-06 07:39:47,0.031197797,37.55616,30.57013
2023-02-06 07:39:52,-0.097616068,37.55494,30.57264
2023-02-06 07:39:57,0.034008047,37.55373,30.57514
2023-02-06 07:40:02,0.00633869,37.54433,30.58764
2023-02-06 07:40:07,-0.032148218,37.54311,30.59014
2023-02-06 07:40:12,-0.001314184,37.54189,30.59262
2023-02-06 07:40:17,-0.023747838,37.54067,30.59511
2023-02-06 07:40:22,-0.056619934,37.53944,30.5976
2023-02-06 07:40:27,0.016755848,37.53822,30.60009
2023-02-06 07:40:32,0.015733006,37.53699,30.60257
2023-02-06 07:40:37,0.004269814,37.5276,30.615
2023-02-06 07:40:42,0.013774123,37.52637,30.61748
2023-02-06 07:40:47,0.018166662,37.52514,30.61995
2023-02-06 07:40:52,0.012116842,37.52391,30.62242
2023-02-06 07:40:57,-0.020746453,37.52267,30.62489
2023-02-06 07:41:02,-0.032264453,37.52144,30.62736
2023-02-06 07:41:07,-0.027767713,37.5202,30.62983
2023-02-06 07:41:12,-0.001927104,37.51896,30.6323
2023-02-06 07:41:17,-0.008042616,37.50959,30.64464
2023-02-06 07:41:22,0.017653541,37.50834,30.6471
2023-02-06 07:41:27,0.006442741,37.5071,30.64955
2023-02-06 07:41:32,-0.015597358,37.50585,30.65201
2023-02-06 07:41:37,-0.005637917,37.5046,30.65446
2023-02-06 07:41:42,-0.016788613,37.50335,30.65692
2023-02-06 07:41:47,-0.012312035,37.5021,30.65937
2023-02-06 07:41:52,-0.01276719,37.49275,30.67163
2023-02-06 07:41:57,-0.029386098,37.4915,30.67407
2023-02-06 07:42:02,-0.012339895,37.49024,30.67651
2023-02-06 07:42:07,-0.003949128,37.48898,30.67895
2023-02-06 07:42:12,0.000604944,37.48772,30.68139
2023-02-06 07:42:17,-0.047556354,37.48646,30.68382
2023-02-06 07:42:22,-0.000338706,37.4852,30.68626
2023-02-06 07:42:27,-0.006219108,37.47586,30.69844
2023-02-06 07:42:32,-0.012089868,37.4746,30.70087
2023-02-06 07:42:37,-0.017952101,37.47333,30.70329
2023-02-06 07:42:42,-0.034276137,37.47206,30.70571
2023-02-06 07:42:47,-0.029654612,37.47079,30.70814
2023-02-06 07:42:52,-0.008657172,37.46952,30.71056
2023-02-06 07:42:57,-0.020015571,37.46825,30.71298
2023-02-06 07:43:02,-0.035352373,37.45893,30.72508
2023-02-06 07:43:07,-0.111250448,37.45765,30.72749
2023-02-06 07:43:12,-0.063972774,37.45638,30.7299
2023-02-06 07:43:17,-0.011364935,37.4551,30.7323
2023-02-06 07:43:22,-0.032996124,37.45382,30.73471
2023-02-06 07:43:27,0.008948963,37.45253,30.73711
2023-02-06 07:43:32,0.008441921,37.45125,30.73952
2023-02-06 07:43:37,0.013260542,37.44996,30.74192
2023-02-06 07:43:42,-0.066824187,37.44066,30.75393
2023-02-06 07:43:47,-0.056687486,37.43937,30.75632
2023-02-06 07:43:52,-0.036088877,37.43808,30.75871
2023-02-06 07:43:57,-0.078886887,37.43679,30.7611
2023-02-06 07:44:02,0.016121654,37.4355,30.76349
2023-02-06 07:44:07,0.015561312,37.4342,30.76588
2023-02-06 07:44:12,0.014988952,37.4329,30.76827
2023-02-06 07:44:17,-0.001396066,37.42362,30.7802
2023-02-06 07:44:22,0.024463117,37.42232,30.78258
2023-02-06 07:44:27,0.023847558,37.42103,30.78495
2023-02-06 07:44:32,0.033684813,37.41972,30.78732
2023-02-06 07:44:37,0.043884837,37.41842,30.7897
2023-02-06 07:44:42,0.037885883,37.41712,30.79207
2023-02-06 07:44:47,0.037196706,37.41581,30.79444
2023-02-06 07:44:52,0.026016759,37.4145,30.79681
2023-02-06 07:44:57,0.057072997,37.40523,30.80866
2023-02-06 07:45:02,0.050986673,37.40392,30.81101
2023-02-06 07:45:07,-0.040212655,37.40261,30.81337
2023-02-06 07:45:12,-0.035499429,37.4013,30.81573
2023-02-06 07:45:17,-0.004544289,37.39998,30.81808
2023-02-06 07:45:22,-0.005216073,37.39867,30.82044
2023-02-06 07:45:27,0.009692085,37.39735,30.82279
2023-02-06 07:45:32,0.040559455,37.3881,30.83456
2023-02-06 07:45:37,0.029136709,37.38678,30.8369
2023-02-06 07:45:42,-0.056937575,37.38546,30.83924
2023-02-06 07:45:47,0.048450786,37.38414,30.84158
2023-02-06 07:45:52,0.01091688,37.38281,30.84392
2023-02-06 07:45:57,0.040975801,37.38148,30.84626
2023-02-06 07:46:02,0.045178248,37.38016,30.8486
2023-02-06 07:46:07,0.022692731,37.37882,30.85093
2023-02-06 07:46:12,0.026817763,37.3696,30.86261
2023-02-06 07:46:17,0.025762768,37.36827,30.86494
2023-02-06 07:46:22,-0.034153021,37.36694,30.86726
2023-02-06 07:46:27,0.017817037,37.3656,30.86958
2023-02-06 07:46:32,0.043093894,37.36426,30.87191
2023-02-06 07:46:37,0.036346812,37.36292,30.87423
2023-02-06 07:46:42,0.050873765,37.36158,30.87655
2023-02-06 07:46:47,-0.046383661,37.36024,30.87887
2023-02-06 07:46:52,0.063606932,37.35104,30.89046
2023-02-06 07:46:57,0.030212256,37.3497,30.89277
2023-02-06 07:47:02,0.039217038,37.34835,30.89508
2023-02-06 07:47:07,0.032181617,37.34701,30.89738
2023-02-06 07:47:12,-0.012214649,37.34566,30.89968
2023-02-06 07:47:17,0.039275113,37.3443,30.90199
2023-02-06 07:47:22,0.042742391,37.34295,30.90429
2023-02-06 07:47:27,0.046155495,37.3416,30.90659
2023-02-06 07:47:32,0.06017335,37.33242,30.9181
2023-02-06 07:47:37,0.019346202,37.33107,30.92039
2023-02-06 07:47:42,0.029411519,37.32971,30.92268
2023-02-06 07:47:47,-0.009849614,37.32835,30.92497
2023-02-06 07:47:52,0.035728913,37.32699,30.92725
2023-02-06 07:47:57,0.028329834,37.32563,30.92954
2023-02-06 07:48:02,-0.069737598,37.32426,30.93182
2023-02-06 07:48:07,0.018300698,37.3229,30.93411
2023-02-06 07:48:12,-0.010599771,37.31375,30.94553
2023-02-06 07:48:17,-0.018623076,37.31238,30.9478
2023-02-06 07:48:22,0.005460844,37.31101,30.95008
2023-02-06 07:48:27,0.029291075,37.30964,30.95235
2023-02-06 07:48:32,0.026788832,37.30827,30.95462
2023-02-06 07:48:37,-0.00261774,37.3069,30.95688
2023-02-06 07:48:42,0.010550134,37.30552,30.95915
2023-02-06 07:48:47,0.039452062,37.30414,30.96142
2023-02-06 07:48:52,0.036689481,37.29502,30.97276
2023-02-06 07:48:57,0.044330065,37.29364,30.97501
2023-02-06 07:49:02,0.046383718,37.29226,30.97726
2023-02-06 07:49:07,0.048751181,37.29088,30.97952
2023-02-06 07:49:12,-0.00776817,37.2895,30.98177
2023-02-06 07:49:17,0.031583477,37.28811,30.98402
2023-02-06 07:49:22,0.022897872,37.28672,30.98627
2023-02-06 07:49:27,0.040793901,37.28533,30.98852
2023-02-06 07:49:32,-0.01066731,37.27623,30.99977
2023-02-06 07:49:37,0.023081804,37.27485,31.00201
2023-02-06 07:49:42,0.014313449,37.27346,31.00425
2023-02-06 07:49:47,0.01575567,37.27206,31.00648
2023-02-06 07:49:52,0.022840055,37.27067,31.00872
2023-02-06 07:49:57,0.024145334,37.26927,31.01095
2023-02-06 07:50:02,-0.048665621,37.26788,31.01319
2023-02-06 07:50:07,0.000472106,37.26648,31.01542
2023-02-06 07:50:12,0.038881775,37.26507,31.01765
2023-02-06 07:50:17,0.01897519,37.256,31.0288
2023-02-06 07:50:22,-0.001189499,37.2546,31.03102
2023-02-06 07:50:27,0.010558003,37.2532,31.03324
2023-02-06 07:50:32,0.011578536,37.25179,31.03546
2023-02-06 07:50:37,-0.072556012,37.25039,31.03768
2023-02-06 07:50:42,0.024079794,37.24898,31.03989
2023-02-06 07:50:47,-0.081506368,37.24757,31.04211
2023-02-06 07:50:52,0.009668533,37.24616,31.04432
2023-02-06 07:50:57,-0.005629328,37.23711,31.05539
2023-02-06 07:51:02,-0.036790529,37.2357,31.05759
2023-02-06 07:51:07,-0.036416397,37.23429,31.05979
2023-02-06 07:51:12,-0.083693413,37.23287,31.062
2023-02-06 07:51:17,-0.014154812,37.23145,31.06419
2023-02-06 07:51:22,-0.051085378,37.23004,31.06639
2023-02-06 07:51:27,-0.055906149,37.22861,31.06859
2023-02-06 07:51:32,-0.087435915,37.22719,31.07079
2023-02-06 07:51:37,-0.10855442,37.22577,31.07298
2023-02-06 07:51:42,-0.023322358,37.21675,31.08396
2023-02-06 07:51:47,-0.07296718,37.21533,31.08614
2023-02-06 07:51:52,-0.055182088,37.2139,31.08832
2023-02-06 07:51:57,-0.069227441,37.21248,31.0905
2023-02-06 07:52:02,-0.03395885,37.21105,31.09269
2023-02-06 07:52:07,-0.113843483,37.20961,31.09487
2023-02-06 07:52:12,-0.060911164,37.20818,31.09705
2023-02-06 07:52:17,-0.050667374,37.20675,31.09922
2023-02-06 07:52:22,-0.114518952,37.19776,31.11011
2023-02-06 07:52:27,-0.130828195,37.19633,31.11228
2023-02-06 07:52:32,-0.062284361,37.19489,31.11445
2023-02-06 07:52:37,-0.120940466,37.19345,31.11661
2023-02-06 07:52:42,-0.062951191,37.19201,31.11877
2023-02-06 07:52:47,-0.031461477,37.19057,31.12094
2023-02-06 07:52:52,-0.074629331,37.18913,31.1231
2023-02-06 07:52:57,-0.032745826,37.18768,31.12526
2023-02-06 07:53:02,-0.0438162,37.18624,31.12742
2023-02-06 07:53:07,-0.03398126,37.17728,31.13821
2023-02-06 07:53:12,-0.023797584,37.17584,31.14036
2023-02-06 07:53:17,-0.051334218,37.17439,31.14251
2023-02-06 07:53:22,-0.057389385,37.17294,31.14466
2023-02-06 07:53:27,-0.047290979,37.17149,31.1468
2023-02-06 07:53:32,-0.037598072,37.17004,31.14895
2023-02-06 07:53:37,-0.027547414,37.16858,31.15109
2023-02-06 07:53:42,-0.113456335,37.16712,31.15323
2023-02-06 07:53:47,-0.034537745,37.16566,31.15537
2023-02-06 07:53:52,-0.014265539,37.15674,31.16608
2023-02-06 07:53:57,-0.004478196,37.15529,31.1682
2023-02-06 07:54:02,-0.016023885,37.15383,31.17033
2023-02-06 07:54:07,-0.006261461,37.15237,31.17246
2023-02-06 07:54:12,-0.076266874,37.1509,31.17459
2023-02-06 07:54:17,-0.018742664,37.14944,31.17672
2023-02-06 07:54:22,-0.07810147,37.14797,31.17884
2023-02-06 07:54:27,0.011392974,37.1465,31.18096
2023-02-06 07:54:32,-0.047971168,37.14503,31.18309
2023-02-06 07:54:37,-0.022437132,37.13614,31.1937
2023-02-06 07:54:42,-0.028689959,37.13468,31.19581
2023-02-06 07:54:47,-0.040078198,37.1332,31.19792
2023-02-06 07:54:52,0.033247295,37.13173,31.20003
2023-02-06 07:54:57,-0.068544946,37.13026,31.20214
2023-02-06 07:55:02,0.026308697,37.12878,31.20424
2023-02-06 07:55:07,0.030565529,37.1273,31.20635
2023-02-06 07:55:12,0.035026638,37.12582,31.20846
2023-02-06 07:55:17,-0.029595309,37.12434,31.21056
2023-02-06 07:55:22,0.065317133,37.11549,31.22108
2023-02-06 07:55:27,0.048510886,37.11401,31.22317
2023-02-06 07:55:32,0.058185044,37.11253,31.22526
2023-02-06 07:55:37,-0.032815324,37.11104,31.22735
2023-02-06 07:55:42,0.019545618,37.10956,31.22944
2023-02-06 07:55:47,0.050613174,37.10807,31.23153
2023-02-06 07:55:52,0.044780113,37.10658,31.23362
2023-02-06 07:55:57,0.028126469,37.10509,31.23571
2023-02-06 07:56:02,0.027493635,37.10359,31.23779
2023-02-06 07:56:07,0.053352966,37.09478,31.24822
2023-02-06 07:56:12,0.063637474,37.09329,31.25029
2023-02-06 07:56:17,-0.016650874,37.09179,31.25237
2023-02-06 07:56:22,0.078414043,37.0903,31.25444
2023-02-06 07:56:27,0.040840798,37.0888,31.25651
2023-02-06 07:56:32,0.077545417,37.0873,31.25858
2023-02-06 07:56:37,0.018733471,37.0858,31.26065
2023-02-06 07:56:42,0.082361582,37.0843,31.26272
2023-02-06 07:56:47,0.092543715,37.0828,31.26479
2023-02-06 07:56:52,0.04985198,37.08129,31.26685
2023-02-06 07:56:57,0.081444131,37.07252,31.27718
2023-02-06 07:57:02,0.033514862,37.07101,31.27923
2023-02-06 07:57:07,0.06520121,37.06951,31.28129
2023-02-06 07:57:12,0.059817048,37.068,31.28334
2023-02-06 07:57:17,0.006893688,37.06649,31.28539
2023-02-06 07:57:22,0.03339798,37.06498,31.28744
2023-02-06 07:57:27,0.059771509,37.06346,31.28949
2023-02-06 07:57:32,0.065430096,37.06195,31.29154
2023-02-06 07:57:37,0.017850294,37.06043,31.29359
2023-02-06 07:57:42,-0.008547807,37.0517,31.30382
2023-02-06 07:57:47,0.087504613,37.05018,31.30586
2023-02-06 07:57:52,0.082532207,37.04866,31.30789
2023-02-06 07:57:57,0.077613261,37.04715,31.30993
2023-02-06 07:58:02,0.083407891,37.04563,31.31196
2023-02-06 07:58:07,0.030817443,37.0441,31.314
2023-02-06 07:58:12,0.058039396,37.04258,31.31603
2023-02-06 07:58:17,0.069325558,37.04105,31.31806
2023-02-06 07:58:22,0.000716767,37.03953,31.32009
2023-02-06 07:58:27,-0.009018907,37.038,31.32212
2023-02-06 07:58:32,0.007567834,37.0293,31.33225
2023-02-06 07:58:37,0.088166821,37.02778,31.33426
2023-02-06 07:58:42,0.057271114,37.02625,31.33628
2023-02-06 07:58:47,0.047557304,37.02472,31.3383
2023-02-06 07:58:52,0.000776414,37.02318,31.34031
2023-02-06 07:58:57,0.025357897,37.02165,31.34232
2023-02-06 07:59:02,0.002926241,37.02011,31.34434
2023-02-06 07:59:07,0.062325165,37.01858,31.34635
2023-02-06 07:59:12,0.005276722,37.01704,31.34836
2023-02-06 07:59:17,0.080763397,37.0155,31.35037
2023-02-06 07:59:22,0.044642415,37.00684,31.3604
2023-02-06 07:59:27,-0.012154969,37.00531,31.3624
2023-02-06 07:59:32,0.090311941,37.00376,31.36439
2023-02-06 07:59:37,0.075565576,37.00222,31.36639
2023-02-06 07:59:42,0.024124309,37.00068,31.36838
2023-02-06 07:59:47,0.07875275,36.99913,31.37038
2023-02-06 07:59:52,0.074793352,36.99758,31.37237
2023-02-06 07:59:57,0.065924509,36.99604,31.37436
2023-02-06 08:00:02,0.056903761,36.99448,31.37635
2023-02-06 08:00:07,-0.015848409,36.99293,31.37834
2023-02-06 08:00:12,0.02298243,36.98432,31.38827
2023-02-06 08:00:17,0.067367756,36.98277,31.39025
2023-02-06 08:00:22,0.053156399,36.98122,31.39223
2023-02-06 08:00:27,0.012516838,36.97967,31.39421
2023-02-06 08:00:32,0.051664806,36.97811,31.39618
2023-02-06 08:00:37,0.04268069,36.97655,31.39816
2023-02-06 08:00:42,0.044572534,36.97499,31.40013
2023-02-06 08:00:47,-0.038409659,36.97343,31.4021
2023-02-06 08:00:52,-0.020672328,36.97187,31.40407
2023-02-06 08:00:57,0.007935452,36.9703,31.40604
2023-02-06 08:01:02,0.025901768,36.96174,31.41587
2023-02-06 08:01:07,-0.009224426,36.96018,31.41783
2023-02-06 08:01:12,0.02990199,36.95862,31.41979
2023-02-06 08:01:17,-0.021377492,36.95705,31.42175
2023-02-06 08:01:22,-0.061796411,36.95548,31.42371
2023-02-06 08:01:27,-0.00112893,36.95391,31.42566
2023-02-06 08:01:32,-0.03658414,36.95234,31.42762
2023-02-06 08:01:37,0.00277395,36.95077,31.42957
2023-02-06 08:01:42,0.021004707,36.9492,31.43152
2023-02-06 08:01:47,-0.030243918,36.94762,31.43347
2023-02-06 08:01:52,0.030242908,36.9391,31.4432
2023-02-06 08:01:57,0.037616404,36.93753,31.44514
2023-02-06 08:02:02,0.002343878,36.93596,31.44708
2023-02-06 08:02:07,-0.027417373,36.93438,31.44902
2023-02-06 08:02:12,-0.083839261,36.9328,31.45096
2023-02-06 08:02:17,-0.002077403,36.93122,31.45289
2023-02-06 08:02:22,-0.063858121,36.92964,31.45483
2023-02-06 08:02:27,-0.088347339,36.92806,31.45676
2023-02-06 08:02:32,-0.006829181,36.92647,31.45869
2023-02-06 08:02:37,-0.01023127,36.92488,31.46062
2023-02-06 08:02:42,-0.104076123,36.91642,31.47026
2023-02-06 08:02:47,-0.043760756,36.91483,31.47218
2023-02-06 08:02:52,-0.020593274,36.91324,31.4741
2023-02-06 08:02:57,-0.066555474,36.91166,31.47602
2023-02-06 08:03:02,-0.022323043,36.91007,31.47793
2023-02-06 08:03:07,-0.110802952,36.90848,31.47985
2023-02-06 08:03:12,-0.057927762,36.90688,31.48176
2023-02-06 08:03:17,-0.038323316,36.90529,31.48368
2023-02-06 08:03:22,-0.036884837,36.90369,31.48559
2023-02-06 08:03:27,-0.040630033,36.90209,31.4875
2023-02-06 08:03:32,-0.118659287,36.90049,31.48941
2023-02-06 08:03:37,-0.042740262,36.89208,31.49894
2023-02-06 08:03:42,-0.046629597,36.89048,31.50084
2023-02-06 08:03:47,-0.056091505,36.88888,31.50274
2023-02-06 08:03:52,-0.049237173,36.88728,31.50464
2023-02-06 08:03:57,-0.042629258,36.88568,31.50654
2023-02-06 08:04:02,-0.078528289,36.88408,31.50843
2023-02-06 08:04:07,-0.040249267,36.88247,31.51033
2023-02-06 08:04:12,-0.071130557,36.88086,31.51222
2023-02-06 08:04:17,-0.054106194,36.87926,31.51411
2023-02-06 08:04:22,-0.051705478,36.87765,31.516
2023-02-06 08:04:27,-0.052235174,36.87603,31.51789
2023-02-06 08:04:32,-0.067201612,36.86767,31.52732
2023-02-06 08:04:37,-0.008190884,36.86606,31.5292
2023-02-06 08:04:42,-0.007310544,36.86445,31.53108
2023-02-06 08:04:47,-0.02250451,36.86284,31.53295
2023-02-06 08:04:52,-0.011483657,36.86123,31.53483
2023-02-06 08:04:57,-0.005880422,36.85961,31.5367
2023-02-06 08:05:02,2.4999e-05,36.85799,31.53858
2023-02-06 08:05:07,-0.042309248,36.85638,31.54045
2023-02-06 08:05:12,-0.095194277,36.85475,31.54232
2023-02-06 08:05:17,-0.031284555,36.85313,31.54419
2023-02-06 08:05:22,0.02188109,36.85151,31.54606
2023-02-06 08:05:27,0.027182676,36.8432,31.55538
2023-02-06 08:05:32,-0.042030937,36.84158,31.55724
2023-02-06 08:05:37,-0.031573842,36.83996,31.5591
2023-02-06 08:05:42,0.026573112,36.83833,31.56095
2023-02-06 08:05:47,-0.053567081,36.83671,31.56281
2023-02-06 08:05:52,-0.022060478,36.83508,31.56466
2023-02-06 08:05:57,-0.008958794,36.83345,31.56652
2023-02-06 08:06:02,-0.033943494,36.83182,31.56837
2023-02-06 08:06:07,0.0502024,36.83019,31.57022
2023-02-06 08:06:12,-0.062001788,36.82856,31.57207
2023-02-06 08:06:17,0.048412716,36.82692,31.57392
2023-02-06 08:06:22,0.052893828,36.81867,31.58313
2023-02-06 08:06:27,0.009118013,36.81704,31.58497
2023-02-06 08:06:32,-0.039895218,36.8154,31.58681
2023-02-06 08:06:37,0.038530294,36.81377,31.58865
2023-02-06 08:06:42,0.031578051,36.81213,31.59048
2023-02-06 08:06:47,-0.028202095,36.81049,31.59232
2023-02-06 08:06:52,0.028414354,36.80885,31.59415
2023-02-06 08:06:57,0.04819174,36.80721,31.59598
2023-02-06 08:07:02,0.026029654,36.80556,31.59781
2023-02-06 08:07:07,-0.024675667,36.80392,31.59964
2023-02-06 08:07:12,0.010406457,36.80227,31.60147
2023-02-06 08:07:17,0.056046457,36.79408,31.61058
2023-02-06 08:07:22,0.006026504,36.79243,31.6124
2023-02-06 08:07:27,0.030142121,36.79079,31.61422
2023-02-06 08:07:32,0.05948517,36.78914,31.61603
2023-02-06 08:07:37,0.019817264,36.78749,31.61785
2023-02-06 08:07:42,0.070464856,36.78584,31.61966
2023-02-06 08:07:47,0.035731248,36.78419,31.62147
2023-02-06 08:07:52,0.038204284,36.78254,31.62328
2023-02-06 08:07:57,-0.002064546,36.78088,31.62509
2023-02-06 08:08:02,0.053502591,36.77923,31.6269
2023-02-06 08:08:07,-0.024089928,36.77757,31.62871
2023-02-06 08:08:12,0.063062118,36.77591,31.63052
2023-02-06 08:08:17,0.070353993,36.76778,31.63952
2023-02-06 08:08:22,-0.013064094,36.76612,31.64131
2023-02-06 08:08:27,-0.016444294,36.76446,31.64311
2023-02-06 08:08:32,0.059642886,36.7628,31.6449
2023-02-06 08:08:37,0.050541481,36.76114,31.6467
2023-02-06 08:08:42,-0.049077931,36.75948,31.64849
2023-02-06 08:08:47,0.048029468,36.75782,31.65028
2023-02-06 08:08:52,0.001320839,36.75615,31.65207
2023-02-06 08:08:57,-0.002846617,36.75448,31.65386
2023-02-06 08:09:02,0.046187642,36.75281,31.65564
2023-02-06 08:09:07,0.057625198,36.75114,31.65743
2023-02-06 08:09:12,0.053167374,36.74947,31.65922
2023-02-06 08:09:17,0.046286233,36.7414,31.6681
2023-02-06 08:09:22,0.017317075,36.73974,31.66988
2023-02-06 08:09:27,0.055215042,36.73806,31.67165
2023-02-06 08:09:32,-0.013387786,36.73639,31.67342
2023-02-06 08:09:37,-0.007844293,36.73472,31.6752
2023-02-06 08:09:42,0.005090678,36.73304,31.67697
2023-02-06 08:09:47,-0.04442728,36.73137,31.67874
2023-02-06 08:09:52,-0.028493737,36.72969,31.6805
2023-02-06 08:09:57,0.045981073,36.72801,31.68227
2023-02-06 08:10:02,0.014151555,36.72633,31.68404
2023-02-06 08:10:07,0.040675146,36.72465,31.6858
2023-02-06 08:10:12,-0.044813879,36.72296,31.68757
2023-02-06 08:10:17,-0.03425741,36.71496,31.69634
2023-02-06 08:10:22,0.039605095,36.71328,31.6981
2023-02-06 08:10:27,-0.040609486,36.7116,31.69985
2023-02-06 08:10:32,-0.041145143,36.70992,31.7016
2023-02-06 08:10:37,-0.015109233,36.70823,31.70335
2023-02-06 08:10:42,-0.031979679,36.70654,31.7051
2023-02-06 08:10:47,0.015224024,36.70486,31.70685
2023-02-06 08:10:52,-0.049383985,36.70317,31.70859
2023-02-06 08:10:57,-0.044965837,36.70148,31.71034
2023-02-06 08:11:02,-0.013968936,36.69978,31.71208
2023-02-06 08:11:07,0.027237847,36.69809,31.71383
2023-02-06 08:11:12,-0.032320635,36.69639,31.71557
2023-02-06 08:11:17,-0.033506497,36.68846,31.72424
2023-02-06 08:11:22,-0.061406431,36.68677,31.72597
2023-02-06 08:11:27,-0.052059901,36.68507,31.7277
2023-02-06 08:11:32,-0.021455045,36.68338,31.72943
2023-02-06 08:11:37,0.003569921,36.68168,31.73116
2023-02-06 08:11:42,-0.024571793,36.67998,31.73289
2023-02-06 08:11:47,-0.015460156,36.67828,31.73461
2023-02-06 08:11:52,-0.038192114,36.67658,31.73634
2023-02-06 08:11:57,-0.018718092,36.67488,31.73806
2023-02-06 08:12:02,-0.017830397,36.67317,31.73978
2023-02-06 08:12:07,-0.006189514,36.67147,31.74151
2023-02-06 08:12:12,0.007807588,36.66976,31.74323
2023-02-06 08:12:17,0.011289857,36.66805,31.74495
2023-02-06 08:12:22,-0.006590941,36.66019,31.7535
2023-02-06 08:12:27,-0.024513327,36.65849,31.75521
2023-02-06 08:12:32,-0.020965407,36.65678,31.75692
2023-02-06 08:12:37,-0.070944875,36.65507,31.75862
2023-02-06 08:12:42,-0.025212013,36.65336,31.76033
2023-02-06 08:12:47,0.015347407,36.65165,31.76203
2023-02-06 08:12:52,-0.061383376,36.64994,31.76374
2023-02-06 08:12:57,-0.052865516,36.64822,31.76544
2023-02-06 08:13:02,-0.03222276,36.64651,31.76714
2023-02-06 08:13:07,-0.032351649,36.64479,31.76884
2023-02-06 08:13:12,0.014976081,36.64307,31.77054
2023-02-06 08:13:17,-0.051035204,36.64135,31.77224
2023-02-06 08:13:22,0.005140567,36.63963,31.77394
2023-02-06 08:13:27,-0.002470538,36.63185,31.78237
2023-02-06 08:13:32,-0.010097949,36.63013,31.78406
2023-02-06 08:13:37,-0.033729499,36.62841,31.78574
2023-02-06 08:13:42,-0.041383623,36.62669,31.78743
2023-02-06 08:13:47,-0.059707961,36.62497,31.78911
2023-02-06 08:13:52,-0.06738096,36.62324,31.79079
2023-02-06 08:13:57,-0.043080971,36.62152,31.79248
2023-02-06 08:14:02,0.028803042,36.61979,31.79416
2023-02-06 08:14:07,-0.01600279,36.61806,31.79583
2023-02-06 08:14:12,0.029418549,36.61633,31.79751
2023-02-06 08:14:17,-0.015386836,36.6146,31.79919
2023-02-06 08:14:22,0.040698546,36.61287,31.80086
2023-02-06 08:14:27,-0.02027883,36.61114,31.80254
2023-02-06 08:14:32,0.025348896,36.60343,31.81086
2023-02-06 08:14:37,-0.008773236,36.6017,31.81252
2023-02-06 08:14:42,0.025833096,36.59997,31.81419
2023-02-06 08:14:47,-0.008266308,36.59824,31.81585
2023-02-06 08:14:52,0.026747031,36.5965,31.81751
2023-02-06 08:14:57,0.003581968,36.59477,31.81917
2023-02-06 08:15:02,0.004485234,36.59303,31.82083
2023-02-06 08:15:07,0.030429733,36.59129,31.82248
2023-02-06 08:15:12,0.022877142,36.58955,31.82414
2023-02-06 08:15:17,0.010017109,36.58781,31.8258
2023-02-06 08:15:22,-0.045267546,36.58607,31.82745
2023-02-06 08:15:27,0.032340663,36.58432,31.8291
2023-02-06 08:15:32,-0.054870508,36.58258,31.83076
2023-02-06 08:15:37,-0.030505339,36.57495,31.83896
2023-02-06 08:15:42,-0.04836834,36.5732,31.8406
2023-02-06 08:15:47,0.029358137,36.57146,31.84224
2023-02-06 08:15:52,0.032498907,36.56972,31.84388
2023-02-06 08:15:57,0.041004246,36.56797,31.84552
2023-02-06 08:16:02,-0.010713109,36.56622,31.84716
2023-02-06 08:16:07,0.005586237,36.56448,31.8488
2023-02-06 08:16:12,-0.017586059,36.56272,31.85043
2023-02-06 08:16:17,-0.030058784,36.56097,31.85206
2023-02-06 08:16:22,-0.03202117,36.55922,31.8537
2023-02-06 08:16:27,0.030207709,36.55747,31.85533
2023-02-06 08:16:32,-0.019448565,36.55571,31.85696
2023-02-06 08:16:37,-0.047550858,36.55395,31.85859
2023-02-06 08:16:42,0.051739017,36.55219,31.86022
2023-02-06 08:16:47,0.034197303,36.54465,31.8683
2023-02-06 08:16:52,-0.063055809,36.5429,31.86992
2023-02-06 08:16:57,0.031044725,36.54114,31.87154
2023-02-06 08:17:02,0.050955701,36.53938,31.87315
2023-02-06 08:17:07,0.033796861,36.53762,31.87477
2023-02-06 08:17:12,0.0589467,36.53586,31.87638
2023-02-06 08:17:17,0.041698061,36.5341,31.87799
2023-02-06 08:17:22,0.045820434,36.53234,31.87961
2023-02-06 08:17:27,0.03419506,36.53057,31.88122
2023-02-06 08:17:32,0.053770026,36.52881,31.88282
2023-02-06 08:17:37,0.079819366,36.52704,31.88443
2023-02-06 08:17:42,0.067971362,36.52527,31.88604
2023-02-06 08:17:47,0.045707144,36.5235,31.88765
2023-02-06 08:17:52,0.039676788,36.52173,31.88925
2023-02-06 08:17:57,0.059969117,36.51427,31.89721
2023-02-06 08:18:02,0.064516101,36.51251,31.89881
2023-02-06 08:18:07,0.010488258,36.51074,31.9004
2023-02-06 08:18:12,-0.005985649,36.50897,31.902
2023-02-06 08:18:17,0.088951894,36.5072,31.90359
2023-02-06 08:18:22,-0.007171954,36.50543,31.90518
2023-02-06 08:18:27,0.013635813,36.50365,31.90677
2023-02-06 08:18:32,0.103405752,36.50188,31.90836
2023-02-06 08:18:37,0.087011867,36.5001,31.90994
2023-02-06 08:18:42,0.054681712,36.49832,31.91153
2023-02-06 08:18:47,0.01193529,36.49654,31.91311
2023-02-06 08:18:52,0.049000255,36.49476,31.9147
2023-02-06 08:18:57,0.085736911,36.49298,31.91628
2023-02-06 08:19:02,0.041353216,36.4912,31.91786
2023-02-06 08:19:07,0.090838378,36.48383,31.9257
2023-02-06 08:19:12,0.005712659,36.48205,31.92727
2023-02-06 08:19:17,0.080154175,36.48027,31.92884
2023-02-06 08:19:22,-0.0206707,36.47849,31.93041
2023-02-06 08:19:27,0.069859558,36.4767,31.93198
2023-02-06 08:19:32,0.070019937,36.47492,31.93355
2023-02-06 08:19:37,0.001129478,36.47313,31.93512
2023-02-06 08:19:42,0.011853884,36.47135,31.93668
2023-02-06 08:19:47,-0.003834982,36.46956,31.93824
2023-02-06 08:19:52,0.033630204,36.46777,31.9398
2023-02-06 08:19:57,-0.03507797,36.46598,31.94137
2023-02-06 08:20:02,-0.007994753,36.46418,31.94293
2023-02-06 08:20:07,0.019130673,36.46239,31.94448
2023-02-06 08:20:12,0.019647993,36.46059,31.94604
2023-02-06 08:20:17,-0.011774041,36.4588,31.9476
2023-02-06 08:20:22,0.041931393,36.45153,31.95532
2023-02-06 08:20:27,0.00011709,36.44973,31.95686
2023-02-06 08:20:32,0.000598417,36.44794,31.95841
2023-02-06 08:20:37,0.009120713,36.44615,31.95996
2023-02-06 08:20:42,0.028697497,36.44435,31.9615
2023-02-06 08:20:47,0.029472763,36.44255,31.96304
2023-02-06 08:20:52,-0.007029117,36.44075,31.96458
2023-02-06 08:20:57,0.031118813,36.43895,31.96612
2023-02-06 08:21:02,0.031986887,36.43715,31.96766
2023-02-06 08:21:07,-0.020415872,36.43535,31.9692
2023-02-06 08:21:12,-0.014162361,36.43354,31.97074
2023-02-06 08:21:17,-0.045192586,36.43174,31.97227
2023-02-06 08:21:22,-0.038888864,36.42993,31.9738
2023-02-06 08:21:27,0.020736977,36.42812,31.97534
2023-02-06 08:21:32,-0.0580028,36.42632,31.97687
2023-02-06 08:21:37,0.001475066,36.41914,31.98446
2023-02-06 08:21:42,-0.012045571,36.41734,31.98599
2023-02-06 08:21:47,0.01407864,36.41553,31.98751
2023-02-06 08:21:52,0.020500849,36.41372,31.98903
2023-02-06 08:21:57,-0.04749029,36.41192,31.99055
2023-02-06 08:22:02,-0.004501026,36.4101,31.99206
2023-02-06 08:22:07,-0.0185862,36.40829,31.99358
2023-02-06 08:22:12,-0.006972249,36.40648,31.9951
2023-02-06 08:22:17,0.031300997,36.40467,31.99661
2023-02-06 08:22:22,-0.041774681,36.40285,31.99812
2023-02-06 08:22:27,-0.051264794,36.40104,31.99964
2023-02-06 08:22:32,0.02433906,36.39922,32.00115
2023-02-06 08:22:37,0.004199197,36.3974,32.00266
2023-02-06 08:22:42,-0.005277553,36.39558,32.00417
2023-02-06 08:22:47,-0.041401943,36.39376,32.00567
2023-02-06 08:22:52,0.023552494,36.39193,32.00718
2023-02-06 08:22:57,-0.039030958,36.38487,32.01464
2023-02-06 08:23:02,-0.016527693,36.38305,32.01614
2023-02-06 08:23:07,-0.084445482,36.38123,32.01764
2023-02-06 08:23:12,-0.008840274,36.37941,32.01913
2023-02-06 08:23:17,-0.002529091,36.37759,32.02062
2023-02-06 08:23:22,-0.064942029,36.37576,32.02212
2023-02-06 08:23:27,0.005314542,36.37394,32.02361
2023-02-06 08:23:32,-0.009715717,36.37211,32.0251
2023-02-06 08:23:37,-0.072344016,36.37029,32.02659
2023-02-06 08:23:42,-0.039234435,36.36846,32.02808
2023-02-06 08:23:47,0.00966328,36.36663,32.02956
2023-02-06 08:23:52,-0.026539385,36.3648,32.03105
2023-02-06 08:23:57,-0.004126208,36.36296,32.03253
2023-02-06 08:24:02,-0.045495433,36.36113,32.03401
2023-02-06 08:24:07,0.00848793,36.3593,32.0355
2023-02-06 08:24:12,-0.000931987,36.35746,32.03698
2023-02-06 08:24:17,-0.010558519,36.3505,32.04431
2023-02-06 08:24:22,0.01691704,36.34867,32.04578
2023-02-06 08:24:27,0.012776335,36.34684,32.04725
2023-02-06 08:24:32,0.01356665,36.345,32.04872
2023-02-06 08:24:37,-0.043910289,36.34317,32.05019
2023-02-06 08:24:42,-0.042967617,36.34133,32.05166
2023-02-06 08:24:47,0.016393876,36.3395,32.05312
2023-02-06 08:24:52,-0.015156861,36.33766,32.05459
2023-02-06 08:24:57,-0.045780637,36.33582,32.05605
2023-02-06 08:25:02,0.008379486,36.33398,32.05751
2023-02-06 08:25:07,-0.086529016,36.33213,32.05897
2023-02-06 08:25:12,-0.04859202,36.33029,32.06043
2023-02-06 08:25:17,-0.052935362,36.32844,32.06189
2023-02-06 08:25:22,-0.004382332,36.3266,32.06335
2023-02-06 08:25:27,-0.024949979,36.32475,32.06481
2023-02-06 08:25:32,-0.024030006,36.3229,32.06626
2023-02-06 08:25:37,-0.055492473,36.31605,32.07347
2023-02-06 08:25:42,-0.097256498,36.31421,32.07491
2023-02-06 08:25:47,-0.075274155,36.31236,32.07636
2023-02-06 08:25:52,-0.011055474,36.31052,32.0778
2023-02-06 08:25:57,-0.042226342,36.30867,32.07924
2023-02-06 08:26:02,-0.089409006,36.30682,32.08069
2023-02-06 08:26:07,-0.019735969,36.30497,32.08213
2023-02-06 08:26:12,-0.067152294,36.30312,32.08357
2023-02-06 08:26:17,-0.1037398,36.30127,32.085
2023-02-06 08:26:22,-0.023470769,36.29942,32.08644
2023-02-06 08:26:27,-0.076279842,36.29756,32.08788
2023-02-06 08:26:32,-0.022701222,36.2957,32.08931
2023-02-06 08:26:37,-0.048900671,36.29385,32.09074
2023-02-06 08:26:42,-0.027150316,36.29199,32.09218
2023-02-06 08:26:47,0.010571152,36.29013,32.09361
2023-02-06 08:26:52,-0.068793519,36.28827,32.09504
2023-02-06 08:26:57,0.000681051,36.28641,32.09647
2023-02-06 08:27:02,-0.068248724,36.27968,32.10354
2023-02-06 08:27:07,-0.073235997,36.27782,32.10496
2023-02-06 08:27:12,-0.014280089,36.27596,32.10638
2023-02-06 08:27:17,0.007161209,36.2741,32.10779
2023-02-06 08:27:22,-0.029850564,36.27224,32.10921
2023-02-06 08:27:27,-0.024046143,36.27038,32.11063
2023-02-06 08:27:32,0.002684467,36.26852,32.11204
2023-02-06 08:27:37,0.002943984,36.26665,32.11345
2023-02-06 08:27:42,-0.007467349,36.26479,32.11486
2023-02-06 08:27:47,-0.060337866,36.26292,32.11628
2023-02-06 08:27:52,0.014319621,36.26105,32.11768
2023-02-06 08:27:57,-0.022769181,36.25918,32.11909
2023-02-06 08:28:02,0.014563055,36.25732,32.1205
2023-02-06 08:28:07,0.020099572,36.25544,32.12191
2023-02-06 08:28:12,-0.016818371,36.25357,32.12331
2023-02-06 08:28:17,-0.0486014,36.2517,32.12472
2023-02-06 08:28:22,0.031159573,36.24982,32.12612
2023-02-06 08:28:27,-0.037748756,36.24794,32.12752
2023-02-06 08:28:32,0.063708321,36.24134,32.13445
2023-02-06 08:28:37,0.010597322,36.23947,32.13584
2023-02-06 08:28:42,0.026775668,36.2376,32.13723
2023-02-06 08:28:47,-0.005013812,36.23573,32.13862
2023-02-06 08:28:52,0.032297815,36.23385,32.14001
2023-02-06 08:28:57,0.000704683,36.23198,32.1414
2023-02-06 08:29:02,0.013427326,36.2301,32.14279
2023-02-06 08:29:07,-0.00973862,36.22822,32.14417
2023-02-06 08:29:12,0.022453876,36.22634,32.14556
2023-02-06 08:29:17,-0.014444656,36.22446,32.14694
2023-02-06 08:29:22,0.054883306,36.22258,32.14832
2023-02-06 08:29:27,0.028472579,36.2207,32.1497
2023-02-06 08:29:32,0.055181572,36.21882,32.15108
2023-02-06 08:29:37,-0.008325615,36.21693,32.15246
2023-02-06 08:29:42,-0.024041196,36.21505,32.15384
2023-02-06 08:29:47,0.029545708,36.21316,32.15521
2023-02-06 08:29:52,0.034987757,36.21127,32.15659
2023-02-06 08:29:57,0.0566254,36.20938,32.15796
2023-02-06 08:30:02,0.030310468,36.20291,32.16476
2023-02-06 08:30:07,-0.011786524,36.20102,32.16612
2023-02-06 08:30:12,0.036362817,36.19914,32.16748
2023-02-06 08:30:17,0.026092568,36.19725,32.16885
2023-02-06 08:30:22,0.095600683,36.19537,32.17021
2023-02-06 08:30:27,0.048252394,36.19348,32.17157
2023-02-06 08:30:32,0.06983391,36.19159,32.17293
2023-02-06 08:30:37,-0.009449784,36.1897,32.17429
2023-02-06 08:30:42,0.038827072,36.1878,32.17565
2023-02-06 08:30:47,0.09778781,36.18591,32.177
2023-02-06 08:30:52,0.087864937,36.18402,32.17836
2023-02-06 08:30:57,0.02447793,36.18212,32.17971
2023-02-06 08:31:02,0.10483434,36.18022,32.18106
2023-02-06 08:31:07,0.089659685,36.17832,32.18241
2023-02-06 08:31:12,0.042342256,36.17642,32.18376
2023-02-06 08:31:17,0.04835181,36.17453,32.18511
2023-02-06 08:31:22,0.033070074,36.17262,32.18646
2023-02-06 08:31:27,0.076446143,36.17072,32.18781
2023-02-06 08:31:32,0.018773478,36.16882,32.18915
2023-02-06 08:31:37,0.056688308,36.16248,32.1958
2023-02-06 08:31:42,-0.001114872,36.16059,32.19714
2023-02-06 08:31:47,0.005071297,36.15869,32.19847
2023-02-06 08:31:52,0.053737243,36.15679,32.19981
2023-02-06 08:31:57,0.059985357,36.15489,32.20114
2023-02-06 08:32:02,0.007825994,36.15298,32.20247
2023-02-06 08:32:07,0.035456575,36.15108,32.2038
2023-02-06 08:32:12,0.041608787,36.14918,32.20513
2023-02-06 08:32:17,-0.00531582,36.14727,32.20646
2023-02-06 08:32:22,-0.014708734,36.14536,32.20779
2023-02-06 08:32:27,-0.034919675,36.14346,32.20912
2023-02-06 08:32:32,0.0353197,36.14154,32.21044
2023-02-06 08:32:37,-0.016616202,36.13964,32.21177
2023-02-06 08:32:42,0.037697589,36.13772,32.21309
2023-02-06 08:32:47,0.033604709,36.13581,32.21441
2023-02-06 08:32:52,-0.076673841,36.1339,32.21573
2023-02-06 08:32:57,0.014854703,36.13198,32.21705
2023-02-06 08:33:02,0.021517072,36.13007,32.21837
2023-02-06 08:33:07,-0.062017141,36.12815,32.21969
2023-02-06 08:33:12,-0.028832974,36.12623,32.221
2023-02-06 08:33:17,0.004382099,36.12005,32.2275
2023-02-06 08:33:22,-0.042130731,36.11814,32.22881
2023-02-06 08:33:27,-0.051113405,36.11622,32.23012
2023-02-06 08:33:32,0.035301102,36.11431,32.23142
2023-02-06 08:33:37,-0.021591519,36.11239,32.23273
2023-02-06 08:33:42,-0.014686406,36.11048,32.23403
2023-02-06 08:33:47,0.040026067,36.10856,32.23533
2023-02-06 08:33:52,-0.006121103,36.10664,32.23663
2023-02-06 08:33:57,0.04864695,36.10472,32.23793
2023-02-06 08:34:02,0.029013559,36.1028,32.23923
2023-02-06 08:34:07,-0.05969207,36.10087,32.24053
2023-02-06 08:34:12,0.016474739,36.09895,32.24182
2023-02-06 08:34:17,0.012908232,36.09703,32.24312
2023-02-06 08:34:22,-0.054402473,36.0951,32.24441
2023-02-06 08:34:27,-0.015281583,36.09317,32.2457
2023-02-06 08:34:32,0.034331764,36.09125,32.247
2023-02-06 08:34:37,0.003817807,36.08932,32.24829
2023-02-06 08:34:42,0.022076759,36.08739,32.24958
2023-02-06 08:34:47,-0.050453093,36.08546,32.25086
2023-02-06 08:34:52,0.004574115,36.08352,32.25215
2023-02-06 08:34:57,0.048960422,36.07749,32.2585
2023-02-06 08:35:02,-0.044641954,36.07557,32.25978
2023-02-06 08:35:07,0.042228384,36.07364,32.26106
2023-02-06 08:35:12,0.007098008,36.07171,32.26234
2023-02-06 08:35:17,0.024901274,36.06978,32.26361
2023-02-06 08:35:22,-0.036849184,36.06785,32.26488
2023-02-06 08:35:27,-0.01349815,36.06592,32.26616
2023-02-06 08:35:32,0.020334773,36.06399,32.26743
2023-02-06 08:35:37,0.011920367,36.06206,32.2687
2023-02-06 08:35:42,0.003325696,36.06012,32.26997
2023-02-06 08:35:47,-0.010779891,36.05818,32.27124
2023-02-06 08:35:52,-0.02449676,36.05625,32.2725
2023-02-06 08:35:57,-0.00641749,36.05431,32.27377
2023-02-06 08:36:02,-0.004985772,36.05237,32.27504
2023-02-06 08:36:07,-0.018401613,36.05043,32.2763
2023-02-06 08:36:12,0.026341774,36.04849,32.27756
2023-02-06 08:36:17,-0.019330439,36.04655,32.27882
2023-02-06 08:36:22,-0.033402386,36.0446,32.28008
2023-02-06 08:36:27,0.000685689,36.04266,32.28134
2023-02-06 08:36:32,-0.023665967,36.04071,32.2826
2023-02-06 08:36:37,-0.026890212,36.03877,32.28386
2023-02-06 08:36:42,0.049450489,36.03682,32.28511
2023-02-06 08:36:47,-0.022879834,36.03096,32.29131
2023-02-06 08:36:52,-0.010127255,36.02902,32.29255
2023-02-06 08:36:57,0.039737648,36.02708,32.2938
2023-02-06 08:37:02,-0.000633206,36.02513,32.29504
2023-02-06 08:37:07,-0.019883699,36.02319,32.29629
2023-02-06 08:37:12,-0.007165015,36.02124,32.29753
2023-02-06 08:37:17,0.021341764,36.0193,32.29877
2023-02-06 08:37:22,0.018046753,36.01735,32.30001
2023-02-06 08:37:27,-0.043700827,36.0154,32.30125
2023-02-06 08:37:32,0.032733843,36.01345,32.30249
2023-02-06 08:37:37,0.040053788,36.0115,32.30373
2023-02-06 08:37:42,-0.000422364,36.00955,32.30496
2023-02-06 08:37:47,0.01733132,36.0076,32.3062
2023-02-06 08:37:52,0.029925876,36.00564,32.30743
2023-02-06 08:37:57,-0.026789349,36.00369,32.30866
2023-02-06 08:38:02,0.023071794,36.00173,32.3099
2023-02-06 08:38:07,-0.013247735,35.99978,32.31113
2023-02-06 08:38:12,-0.026513769,35.99782,32.31235
2023-02-06 08:38:17,-0.040684131,35.99586,32.31358
2023-02-06 08:38:22,-0.049360736,35.9939,32.31481
2023-02-06 08:38:27,0.000183614,35.99194,32.31603
2023-02-06 08:38:32,-0.014069474,35.98998,32.31726
2023-02-06 08:38:37,-0.02302228,35.98429,32.3233
2023-02-06 08:38:42,-0.069124972,35.98233,32.32452
2023-02-06 08:38:47,0.033597496,35.98038,32.32573
2023-02-06 08:38:52,-0.018090218,35.97842,32.32695
2023-02-06 08:38:57,-0.059151841,35.97646,32.32816
2023-02-06 08:39:02,-0.036289585,35.9745,32.32937
2023-02-06 08:39:07,-0.034782848,35.97254,32.33058
2023-02-06 08:39:12,-0.049302709,35.97058,32.33179
2023-02-06 08:39:17,-0.042540834,35.96862,32.333
2023-02-06 08:39:22,-0.014498072,35.96665,32.33421
2023-02-06 08:39:27,-0.013334952,35.96469,32.33541
2023-02-06 08:39:32,-0.022491689,35.96272,32.33662
2023-02-06 08:39:37,-0.042540077,35.96076,32.33782
2023-02-06 08:39:42,-0.062630893,35.95879,32.33902
2023-02-06 08:39:47,-0.024326396,35.95682,32.34022
2023-02-06 08:39:52,0.061903377,35.95485,32.34142
2023-02-06 08:39:57,0.020360406,35.95288,32.34262
2023-02-06 08:40:02,-0.042357509,35.95091,32.34382
2023-02-06 08:40:07,0.022415352,35.94893,32.34502
2023-02-06 08:40:12,-0.035066568,35.94696,32.34621
2023-02-06 08:40:17,-0.023497808,35.94499,32.34741
2023-02-06 08:40:22,-0.038627387,35.94301,32.3486
2023-02-06 08:40:27,0.020621999,35.94103,32.34979
2023-02-06 08:40:32,0.005392876,35.93906,32.35099
2023-02-06 08:40:37,0.027422289,35.93356,32.35686
2023-02-06 08:40:42,-0.030357893,35.93159,32.35805
2023-02-06 08:40:47,-0.019091682,35.92962,32.35923
2023-02-06 08:40:52,0.050560736,35.92764,32.36041
2023-02-06 08:40:57,0.066860792,35.92567,32.36159
2023-02-06 08:41:02,0.051318043,35.92369,32.36277
2023-02-06 08:41:07,0.035720968,35.92172,32.36394
2023-02-06 08:41:12,0.014929667,35.91974,32.36512
2023-02-06 08:41:17,-0.038086637,35.91776,32.3663
2023-02-06 08:41:22,0.0207696,35.91578,32.36747
2023-02-06 08:41:27,0.015420349,35.9138,32.36864
2023-02-06 08:41:32,-0.011114701,35.91182,32.36982
2023-02-06 08:41:37,0.058041563,35.90984,32.37099
2023-02-06 08:41:42,-0.011056522,35.90786,32.37216
2023-02-06 08:41:47,-0.026913098,35.90588,32.37332
2023-02-06 08:41:52,0.004761017,35.90389,32.37449
2023-02-06 08:41:57,0.025907328,35.9019,32.37566
2023-02-06 08:42:02,0.02548526,35.89992,32.37682
2023-02-06 08:42:07,-0.027914037,35.89793,32.37799
2023-02-06 08:42:12,0.04616501,35.89594,32.37915
2023-02-06 08:42:17,0.003307495,35.89395,32.38031
2023-02-06 08:42:22,0.013308935,35.89196,32.38147
2023-02-06 08:42:27,0.002121669,35.88997,32.38263
2023-02-06 08:42:32,0.006864559,35.88798,32.38379
2023-02-06 08:42:37,0.02220739,35.88598,32.38495
2023-02-06 08:42:42,0.042820366,35.88399,32.3861
2023-02-06 08:42:47,0.020734117,35.8787,32.39181
2023-02-06 08:42:52,-0.086310108,35.87672,32.39295
2023-02-06 08:42:57,0.024350764,35.87473,32.3941
2023-02-06 08:43:02,-0.013905276,35.87274,32.39525
2023-02-06 08:43:07,-0.009582012,35.87075,32.39639
2023-02-06 08:43:12,0.005341193,35.86876,32.39754
2023-02-06 08:43:17,-0.003459806,35.86676,32.39868
2023-02-06 08:43:22,0.00302837,35.86477,32.39982
2023-02-06 08:43:27,-0.024867181,35.86278,32.40096
2023-02-06 08:43:32,-0.031502739,35.86078,32.4021
2023-02-06 08:43:37,-0.043527666,35.85879,32.40324
2023-02-06 08:43:42,0.034615898,35.85679,32.40437
2023-02-06 08:43:47,0.022662831,35.85479,32.40551
2023-02-06 08:43:52,0.020930032,35.85279,32.40664
2023-02-06 08:43:57,-0.033589583,35.85079,32.40778
2023-02-06 08:44:02,0.000996024,35.84879,32.40891
2023-02-06 08:44:07,-0.047817392,35.84679,32.41004
2023-02-06 08:44:12,0.01950534,35.84479,32.41117
2023-02-06 08:44:17,-0.014117289,35.84278,32.4123
2023-02-06 08:44:22,0.021110931,35.84078,32.41343
2023-02-06 08:44:27,0.024492925,35.83877,32.41456
2023-02-06 08:44:32,-0.025480966,35.83677,32.41568
2023-02-06 08:44:37,0.015097518,35.83476,32.41681
2023-02-06 08:44:42,-0.003009049,35.83275,32.41793
2023-02-06 08:44:47,0.015947824,35.83074,32.41905
2023-02-06 08:44:52,0.013720241,35.82873,32.42017
2023-02-06 08:44:57,-0.015021276,35.82672,32.42129
2023-02-06 08:45:02,-0.065327094,35.82166,32.42682
2023-02-06 08:45:07,-0.051727864,35.81966,32.42793
2023-02-06 08:45:12,0.036246575,35.81765,32.42904
2023-02-06 08:45:17,-0.019359001,35.81565,32.43015
2023-02-06 08:45:22,-0.043418207,35.81364,32.43126
2023-02-06 08:45:27,0.028409156,35.81163,32.43237
2023-02-06 08:45:32,0.020426699,35.80962,32.43348
2023-02-06 08:45:37,-0.046045358,35.80761,32.43458
2023-02-06 08:45:42,-0.022149584,35.8056,32.43569
2023-02-06 08:45:47,0.012165762,35.80359,32.43679
2023-02-06 08:45:52,0.00251823,35.80158,32.43789
2023-02-06 08:45:57,0.001271678,35.79957,32.439
2023-02-06 08:46:02,-0.032210427,35.79755,32.4401
2023-02-06 08:46:07,-0.084624212,35.79554,32.44119
2023-02-06 08:46:12,0.018739403,35.79352,32.44229
2023-02-06 08:46:17,-0.042980494,35.7915,32.44339
2023-02-06 08:46:22,-0.072576313,35.78949,32.44448
2023-02-06 08:46:27,-0.027979255,35.78747,32.44558
2023-02-06 08:46:32,0.01124328,35.78545,32.44667
2023-02-06 08:46:37,0.002642896,35.78343,32.44776
2023-02-06 08:46:42,0.004658902,35.78141,32.44886
2023-02-06 08:46:47,-0.057136493,35.77939,32.44994
2023-02-06 08:46:52,-0.050065878,35.77736,32.45103
2023-02-06 08:46:57,-0.010866941,35.77534,32.45212
2023-02-06 08:47:02,0.001641331,35.77331,32.45321
2023-02-06 08:47:07,-0.03385985,35.77129,32.45429
2023-02-06 08:47:12,0.005027526,35.76926,32.45538
2023-02-06 08:47:17,-0.019892731,35.76724,32.45646
2023-02-06 08:47:22,-0.034191716,35.76521,32.45754
2023-02-06 08:47:27,0.010100475,35.76039,32.46289
2023-02-06 08:47:32,0.022375742,35.75837,32.46396
2023-02-06 08:47:37,-0.013354922,35.75635,32.46503
2023-02-06 08:47:42,0.035966673,35.75432,32.46611
2023-02-06 08:47:47,-0.074073889,35.7523,32.46718
2023-02-06 08:47:52,-0.035482631,35.75028,32.46825
2023-02-06 08:47:57,-0.055555084,35.74825,32.46932
2023-02-06 08:48:02,-0.011511885,35.74623,32.47039
2023-02-06 08:48:07,0.02697772,35.7442,32.47145
2023-02-06 08:48:12,0.038975373,35.74217,32.47252
2023-02-06 08:48:17,0.045610812,35.74014,32.47358
2023-02-06 08:48:22,0.017452259,35.73811,32.47465
2023-02-06 08:48:27,0.042797529,35.73608,32.47571
2023-02-06 08:48:32,-0.030418977,35.73405,32.47677
2023-02-06 08:48:37,0.002552033,35.73202,32.47783
2023-02-06 08:48:42,0.056812937,35.72998,32.47889
2023-02-06 08:48:47,0.041946099,35.72795,32.47995
2023-02-06 08:48:52,0.032380371,35.72592,32.48101
2023-02-06 08:48:57,0.043915592,35.72388,32.48206
2023-02-06 08:49:02,0.050283384,35.72184,32.48312
2023-02-06 08:49:07,0.040633858,35.7198,32.48417
2023-02-06 08:49:12,0.046946907,35.71777,32.48522
2023-02-06 08:49:17,0.058372911,35.71573,32.48628
2023-02-06 08:49:22,0.064823132,35.71369,32.48733
2023-02-06 08:49:27,0.049737518,35.71165,32.48838
2023-02-06 08:49:32,0.045285801,35.70961,32.48942
2023-02-06 08:49:37,0.024819094,35.70756,32.49047
2023-02-06 08:49:42,0.062765998,35.70552,32.49152
2023-02-06 08:49:47,0.005130293,35.70347,32.49256
2023-02-06 08:49:52,-0.004751055,35.70143,32.4936
2023-02-06 08:49:57,0.070431701,35.69938,32.49465
2023-02-06 08:50:02,-0.008596608,35.69734,32.49569
2023-02-06 08:50:07,0.087477034,35.69279,32.50083
2023-02-06 08:50:12,0.083020122,35.69076,32.50187
2023-02-06 08:50:17,0.083679337,35.68872,32.5029
2023-02-06 08:50:22,0.078985242,35.68668,32.50393
2023-02-06 08:50:27,0.052948283,35.68463,32.50496
2023-02-06 08:50:32,-0.015560609,35.68259,32.50599
2023-02-06 08:50:37,0.043333777,35.68055,32.50702
2023-02-06 08:50:42,0.065118038,35.6785,32.50805
2023-02-06 08:50:47,0.028520156,35.67646,32.50908
2023-02-06 08:50:52,0.007508593,35.67441,32.5101
2023-02-06 08:50:57,0.045293799,35.67236,32.51113
2023-02-06 08:51:02,0.022164306,35.67032,32.51215
2023-02-06 08:51:07,0.056837532,35.66827,32.51317
2023-02-06 08:51:12,-0.03869282,35.66622,32.5142
2023-02-06 08:51:17,-0.043637364,35.66417,32.51522
2023-02-06 08:51:22,0.026014476,35.66212,32.51623
2023-02-06 08:51:27,0.026164359,35.66007,32.51725
2023-02-06 08:51:32,-0.005307271,35.65802,32.51827
2023-02-06 08:51:37,-0.005202879,35.65596,32.51928
2023-02-06 08:51:42,-0.020730447,35.65391,32.5203
2023-02-06 08:51:47,-0.015341967,35.65185,32.52131
2023-02-06 08:51:52,-0.047095645,35.6498,32.52232
2023-02-06 08:51:57,0.011736203,35.64774,32.52334
2023-02-06 08:52:02,-0.062512952,35.64568,32.52435
2023-02-06 08:52:07,0.03853065,35.64363,32.52536
2023-02-06 08:52:12,0.001353661,35.64157,32.52636
2023-02-06 08:52:17,-0.088955982,35.63951,32.52737
2023-02-06 08:52:22,-0.035762548,35.63745,32.52838
2023-02-06 08:52:27,-0.014382317,35.63538,32.52938
2023-02-06 08:52:32,-0.078114677,35.63332,32.53039
2023-02-06 08:52:37,-0.078102827,35.63126,32.53139
2023-02-06 08:52:42,-0.051656572,35.6292,32.53239
2023-02-06 08:52:47,-0.009055128,35.62713,32.53339
2023-02-06 08:52:52,-0.035767615,35.62507,32.53439
2023-02-06 08:52:57,0.001263136,35.623,32.53539
2023-02-06 08:53:02,-0.025500411,35.61876,32.54032
2023-02-06 08:53:07,-0.0256401,35.61671,32.54131
2023-02-06 08:53:12,-0.020475981,35.61465,32.5423
2023-02-06 08:53:17,-0.07929731,35.61259,32.54329
2023-02-06 08:53:22,-0.00508765,35.61053,32.54428
2023-02-06 08:53:27,-0.021323069,35.60846,32.54527
2023-02-06 08:53:32,-0.037395342,35.6064,32.54625
2023-02-06 08:53:37,-0.027226147,35.60434,32.54724
2023-02-06 08:53:42,-0.00109487,35.60228,32.54822
2023-02-06 08:53:47,-0.049229801,35.60021,32.5492
2023-02-06 08:53:52,-0.012304633,35.59815,32.55018
2023-02-06 08:53:57,-0.039557567,35.59608,32.55116
2023-02-06 08:54:02,-0.050659106,35.59401,32.55215
2023-02-06 08:54:07,-0.09357916,35.59195,32.55312
2023-02-06 08:54:12,-0.040970941,35.58988,32.5541
2023-02-06 08:54:17,-0.025511567,35.58781,32.55508
2023-02-06 08:54:22,-0.063381461,35.58574,32.55605
2023-02-06 08:54:27,-0.085292248,35.58367,32.55703
2023-02-06 08:54:32,-0.080584159,35.5816,32.558
2023-02-06 08:54:37,0.024980472,35.57952,32.55897
2023-02-06 08:54:42,-0.065931996,35.57745,32.55994
2023-02-06 08:54:47,0.007780094,35.57538,32.56091
2023-02-06 08:54:52,-0.067587304,35.5733,32.56188
2023-02-06 08:54:57,0.022049856,35.57122,32.56285
2023-02-06 08:55:02,0.015905918,35.56915,32.56381
2023-02-06 08:55:07,-0.000931079,35.56707,32.56478
2023-02-06 08:55:12,-0.0551112,35.565,32.56574
2023-02-06 08:55:17,0.034392184,35.56292,32.5667
2023-02-06 08:55:22,-0.025186102,35.56084,32.56767
2023-02-06 08:55:27,0.000479464,35.55876,32.56863
2023-02-06 08:55:32,0.020589597,35.55668,32.56959
2023-02-06 08:55:37,0.014205107,35.5546,32.57055
2023-02-06 08:55:42,0.013114502,35.55251,32.5715
2023-02-06 08:55:47,0.02245708,35.55043,32.57246
2023-02-06 08:55:52,0.00016414,35.54835,32.57341
2023-02-06 08:55:57,0.00962327,35.54626,32.57437
2023-02-06 08:56:02,0.018854458,35.54418,32.57532
2023-02-06 08:56:07,0.049557683,35.54209,32.57628
2023-02-06 08:56:12,-0.04750508,35.54,32.57723
2023-02-06 08:56:17,0.03603944,35.53792,32.57818
2023-02-06 08:56:22,-0.034261493,35.53583,32.57913
2023-02-06 08:56:27,0.006755081,35.53196,32.58382
2023-02-06 08:56:32,0.037071716,35.52988,32.58477
2023-02-06 08:56:37,-0.02288014,35.5278,32.58571
2023-02-06 08:56:42,0.028674459,35.52571,32.58665
2023-02-06 08:56:47,0.032218451,35.52363,32.58759
2023-02-06 08:56:52,-0.033187831,35.52155,32.58853
2023-02-06 08:56:57,0.050220342,35.51946,32.58946
2023-02-06 08:57:02,0.069626596,35.51738,32.5904
2023-02-06 08:57:07,-0.00123835,35.5153,32.59133
2023-02-06 08:57:12,0.071379819,35.51321,32.59227
2023-02-06 08:57:17,0.058865314,35.51112,32.5932
2023-02-06 08:57:22,0.019656343,35.50904,32.59413
2023-02-06 08:57:27,0.076150208,35.50695,32.59506
2023-02-06 08:57:32,0.031520111,35.50486,32.59599
2023-02-06 08:57:37,0.061462447,35.50277,32.59692
2023-02-06 08:57:42,0.064708411,35.50068,32.59785
2023-02-06 08:57:47,0.057247095,35.49859,32.59878
2023-02-06 08:57:52,0.054877488,35.4965,32.5997
2023-02-06 08:57:57,-0.058897722,35.4944,32.60062
2023-02-06 08:58:02,0.087682652,35.49231,32.60155
2023-02-06 08:58:07,0.064036895,35.49022,32.60247
2023-02-06 08:58:12,0.056330994,35.48812,32.60339
2023-02-06 08:58:17,0.080363834,35.48603,32.60431
2023-02-06 08:58:22,0.008978203,35.48393,32.60523
2023-02-06 08:58:27,0.086017388,35.48183,32.60615
2023-02-06 08:58:32,-0.00698172,35.47974,32.60706
2023-02-06 08:58:37,0.027503972,35.47764,32.60798
2023-02-06 08:58:42,0.01967806,35.47554,32.60889
2023-02-06 08:58:47,0.032737544,35.47344,32.60981
2023-02-06 08:58:52,0.067253029,35.47134,32.61072
2023-02-06 08:58:57,0.053554525,35.46924,32.61163
2023-02-06 08:59:02,-0.00778755,35.46714,32.61254
2023-02-06 08:59:07,0.042362425,35.46504,32.61345
2023-02-06 08:59:12,0.044487282,35.46293,32.61436
2023-02-06 08:59:17,-0.006362639,35.46083,32.61527
2023-02-06 08:59:22,0.02229861,35.45873,32.61617
2023-02-06 08:59:27,0.029773188,35.45662,32.61708
2023-02-06 08:59:32,0.005400965,35.45452,32.61798
2023-02-06 08:59:37,-0.003229878,35.45241,32.61889
2023-02-06 08:59:42,0.035669153,35.4503,32.61979
2023-02-06 08:59:47,-0.052837535,35.44819,32.62069
2023-02-06 08:59:52,0.023633382,35.44609,32.62159
2023-02-06 08:59:57,-0.006743862,35.44398,32.62249
2023-02-06 09:00:02,-0.026140711,35.44187,32.62338
2023-02-06 09:00:07,0.007320503,35.43976,32.62428
2023-02-06 09:00:12,-0.007057731,35.43765,32.62518
2023-02-06 09:00:17,0.005152692,35.43553,32.62607
2023-02-06 09:00:22,0.0171115,35.43342,32.62696
2023-02-06 09:00:27,-0.039899262,35.42998,32.6314
2023-02-06 09:00:32,0.003915874,35.42788,32.63229
2023-02-06 09:00:37,0.005220097,35.42578,32.63318
2023-02-06 09:00:42,-0.03084708,35.42367,32.63406
2023-02-06 09:00:47,0.012972179,35.42156,32.63494
2023-02-06 09:00:52,0.008569434,35.41946,32.63583
2023-02-06 09:00:57,0.014763871,35.41735,32.63671
2023-02-06 09:01:02,-0.037162098,35.41524,32.63759
2023-02-06 09:01:07,-0.073541835,35.41313,32.63847
2023-02-06 09:01:12,0.017553025,35.41102,32.63935
2023-02-06 09:01:17,-0.029611922,35.40891,32.64023
2023-02-06 09:01:22,-0.007550655,35.4068,32.6411
2023-02-06 09:01:27,0.003788178,35.40469,32.64198
2023-02-06 09:01:32,-0.070214241,35.40258,32.64285
2023-02-06 09:01:37,-0.000561698,35.40047,32.64373
2023-02-06 09:01:42,-0.021142951,35.39835,32.6446
2023-02-06 09:01:47,0.000169277,35.39624,32.64547
2023-02-06 09:01:52,-0.073701206,35.39412,32.64634
2023-02-06 09:01:57,-0.041606062,35.39201,32.64721
2023-02-06 09:02:02,-0.004242416,35.38989,32.64808
2023-02-06 09:02:07,-0.009388762,35.38778,32.64895
2023-02-06 09:02:12,-0.057235259,35.38566,32.64981
2023-02-06 09:02:17,-0.057172932,35.38354,32.65068
2023-02-06 09:02:22,-0.020051474,35.38142,32.65154
2023-02-06 09:02:27,-0.07873764,35.3793,32.65241
2023-02-06 09:02:32,-0.009755252,35.37718,32.65327
2023-02-06 09:02:37,-0.015069498,35.37506,32.65413
2023-02-06 09:02:42,-0.009972229,35.37294,32.65499
2023-02-06 09:02:47,-0.058231663,35.37082,32.65585
2023-02-06 09:02:52,-0.064098781,35.3687,32.65671
2023-02-06 09:02:57,-0.14406983,35.36657,32.65756
2023-02-06 09:03:02,-0.027650722,35.36445,32.65842
2023-02-06 09:03:07,-0.065663734,35.36232,32.65927
2023-02-06 09:03:12,-0.018261609,35.3602,32.66013
2023-02-06 09:03:17,0.002247445,35.35807,32.66098
2023-02-06 09:03:22,-0.040874244,35.35595,32.66183
2023-02-06 09:03:27,-0.004479217,35.35382,32.66268
2023-02-06 09:03:32,-0.005253981,35.35169,32.66353
2023-02-06 09:03:37,-0.075176907,35.34956,32.66438
2023-02-06 09:03:42,-0.065580536,35.34744,32.66523
2023-02-06 09:03:47,-0.008062575,35.34531,32.66608
2023-02-06 09:03:52,-0.025019801,35.34318,32.66692
2023-02-06 09:03:57,0.005756243,35.34105,32.66777
2023-02-06 09:04:02,-0.037940757,35.33892,32.66861
2023-02-06 09:04:07,-0.007062285,35.33678,32.66945
2023-02-06 09:04:12,-0.008205694,35.33465,32.67029
2023-02-06 09:04:17,-0.05202951,35.33252,32.67113
2023-02-06 09:04:22,-0.037264129,35.33038,32.67197
2023-02-06 09:04:27,0.014391279,35.32825,32.67281
2023-02-06 09:04:32,-0.040017929,35.32611,32.67365
2023-02-06 09:04:37,-0.00956547,35.32398,32.67448
2023-02-06 09:04:42,0.026182263,35.32184,32.67532
2023-02-06 09:04:47,-0.044130896,35.31971,32.67615
2023-02-06 09:04:52,-0.029768594,35.31757,32.67699
2023-02-06 09:04:57,-0.079015253,35.31543,32.67782
2023-02-06 09:05:02,0.015045326,35.31329,32.67865
2023-02-06 09:05:07,0.023989762,35.31115,32.67948
2023-02-06 09:05:12,-0.030670708,35.30901,32.68031
2023-02-06 09:05:17,0.031521274,35.30687,32.68114
2023-02-06 09:05:22,-0.028708018,35.30473,32.68196
2023-02-06 09:05:27,-0.003680795,35.30259,32.68279
2023-02-06 09:05:32,0.015805649,35.30045,32.68362
2023-02-06 09:05:37,-0.049624967,35.2983,32.68444
2023-02-06 09:05:42,0.02312399,35.29616,32.68526
2023-02-06 09:05:47,-0.042340135,35.29332,32.68937
2023-02-06 09:05:52,0.014198313,35.29119,32.69019
2023-02-06 09:05:57,-0.035493703,35.28905,32.691
2023-02-06 09:06:02,0.005411593,35.28692,32.69182
2023-02-06 09:06:07,0.003477481,35.28478,32.69263
2023-02-06 09:06:12,0.007055548,35.28264,32.69345
2023-02-06 09:06:17,-0.031822014,35.2805,32.69426
2023-02-06 09:06:22,-0.023115807,35.27836,32.69507
2023-02-06 09:06:27,-0.025072832,35.27623,32.69588
2023-02-06 09:06:32,0.052917112,35.27409,32.69669
2023-02-06 09:06:37,0.051148627,35.27195,32.6975
2023-02-06 09:06:42,0.044051615,35.26981,32.6983
2023-02-06 09:06:47,-0.016151124,35.26767,32.69911
2023-02-06 09:06:52,0.019208708,35.26552,32.69991
2023-02-06 09:06:57,0.033255005,35.26338,32.70072
2023-02-06 09:07:02,0.047499557,35.26124,32.70152
2023-02-06 09:07:07,0.067083447,35.2591,32.70232
2023-02-06 09:07:12,0.038709153,35.25695,32.70312
2023-02-06 09:07:17,0.052796343,35.25481,32.70392
2023-02-06 09:07:22,0.077557579,35.25266,32.70472
2023-02-06 09:07:27,0.028096413,35.25052,32.70552
2023-02-06 09:07:32,0.010251184,35.24837,32.70632
2023-02-06 09:07:37,0.040584321,35.24622,32.70711
2023-02-06 09:07:42,0.076267743,35.24408,32.70791
2023-02-06 09:07:47,0.005374653,35.24193,32.7087
2023-02-06 09:07:52,0.094021542,35.23978,32.70949
2023-02-06 09:07:57,0.044014683,35.23763,32.71028
2023-02-06 09:08:02,0.011176938,35.23548,32.71108
2023-02-06 09:08:07,-0.03277435,35.23333,32.71187
2023-02-06 09:08:12,0.071969946,35.23118,32.71266
2023-02-06 09:08:17,0.043877636,35.22903,32.71344
2023-02-06 09:08:22,0.084915709,35.22688,32.71423
2023-02-06 09:08:27,0.01976944,35.22472,32.71502
2023-02-06 09:08:32,0.01290618,35.22257,32.7158
2023-02-06 09:08:37,0.064707963,35.22042,32.71658
2023-02-06 09:08:42,0.004999402,35.21827,32.71737
2023-02-06 09:08:47,0.056876889,35.21611,32.71815
2023-02-06 09:08:52,0.023705894,35.21396,32.71893
2023-02-06 09:08:57,0.049014867,35.2118,32.71971
2023-02-06 09:09:02,0.015958134,35.20964,32.72049
2023-02-06 09:09:07,0.015053,35.20749,32.72127
2023-02-06 09:09:12,0.003373246,35.20533,32.72204
2023-02-06 09:09:17,-0.018920469,35.20317,32.72282
2023-02-06 09:09:22,-0.041167211,35.20101,32.72359
2023-02-06 09:09:27,0.053511634,35.19885,32.72437
2023-02-06 09:09:32,-0.085515349,35.1967,32.72514
2023-02-06 09:09:37,0.003932906,35.19454,32.72591
2023-02-06 09:09:42,0.006861738,35.19238,32.72668
2023-02-06 09:09:47,0.060967261,35.19021,32.72745
2023-02-06 09:09:52,0.017705168,35.18805,32.72822
2023-02-06 09:09:57,-0.041302076,35.18589,32.72899
2023-02-06 09:10:02,0.053742471,35.18373,32.72976
2023-02-06 09:10:07,0.000176426,35.18156,32.73052
2023-02-06 09:10:12,0.047555182,35.1794,32.73129
2023-02-06 09:10:17,0.041882907,35.17724,32.73205
2023-02-06 09:10:22,0.020279642,35.17507,32.73281
2023-02-06 09:10:27,-0.011923892,35.17291,32.73358
2023-02-06 09:10:32,0.046350997,35.17074,32.73434
2023-02-06 09:10:37,-0.023040621,35.16857,32.7351
2023-02-06 09:10:42,-0.049540601,35.16641,32.73586
2023-02-06 09:10:47,0.019579677,35.16424,32.73661
2023-02-06 09:10:52,0.046123909,35.16207,32.73737
2023-02-06 09:10:57,-0.001506133,35.1599,32.73813
2023-02-06 09:11:02,0.0091768,35.15774,32.73888
2023-02-06 09:11:07,-0.006534168,35.15557,32.73964
2023-02-06 09:11:12,-0.059488937,35.1534,32.74039
2023-02-06 09:11:17,0.052659869,35.15123,32.74114
2023-02-06 09:11:22,0.015828206,35.14906,32.74189
2023-02-06 09:11:27,-0.042255598,35.14688,32.74264
2023-02-06 09:11:32,-0.004332934,35.14471,32.74339
2023-02-06 09:11:37,-0.040960719,35.14254,32.74414
2023-02-06 09:11:42,0.023558511,35.14037,32.74489
2023-02-06 09:11:47,-0.076699706,35.1382,32.74563
2023-02-06 09:11:52,-0.001381451,35.13602,32.74638
2023-02-06 09:11:57,-0.032401131,35.13385,32.74712
2023-02-06 09:12:02,-0.020710871,35.13167,32.74787
2023-02-06 09:12:07,-0.030459719,35.1295,32.74861
2023-02-06 09:12:12,0.008022155,35.12732,32.74935
2023-02-06 09:12:17,-0.04384254,35.12514,32.75009
2023-02-06 09:12:22,-0.026727315,35.12297,32.75083
2023-02-06 09:12:27,-0.067788303,35.12079,32.75157
2023-02-06 09:12:32,-0.060998057,35.11861,32.7523
2023-02-06 09:12:37,-0.011686352,35.11643,32.75304
2023-02-06 09:12:42,0.01104862,35.11426,32.75378
2023-02-06 09:12:47,-0.014112757,35.11215,32.756
2023-02-06 09:12:52,-0.012170716,35.10997,32.75673
2023-02-06 09:12:57,-0.026525912,35.1078,32.75746
2023-02-06 09:13:02,-0.040426917,35.10562,32.75819
2023-02-06 09:13:07,-0.011995926,35.10345,32.75892
2023-02-06 09:13:12,-0.01014075,35.10127,32.75965
2023-02-06 09:13:17,-0.060940121,35.09909,32.76038
2023-02-06 09:13:22,0.010160811,35.09692,32.7611
2023-02-06 09:13:27,0.017757274,35.09474,32.76183
2023-02-06 09:13:32,-0.064990718,35.09256,32.76255
2023-02-06 09:13:37,-0.030787674,35.09038,32.76328
2023-02-06 09:13:42,0.014148981,35.0882,32.764
2023-02-06 09:13:47,-0.031258798,35.08602,32.76472
2023-02-06 09:13:52,0.019345326,35.08384,32.76544
2023-02-06 09:13:57,-0.031245327,35.08166,32.76616
2023-02-06 09:14:02,0.035305243,35.07948,32.76688
2023-02-06 09:14:07,0.022170718,35.0773,32.76759
2023-02-06 09:14:12,0.019769162,35.07511,32.76831
2023-02-06 09:14:17,0.043899923,35.07293,32.76902
2023-02-06 09:14:22,-0.011464573,35.07075,32.76974
2023-02-06 09:14:27,0.039461287,35.06856,32.77045
2023-02-06 09:14:32,-0.037268105,35.06638,32.77117
2023-02-06 09:14:37,-0.033976575,35.0642,32.77188
2023-02-06 09:14:42,0.033155636,35.06201,32.77259
2023-02-06 09:14:47,0.063240567,35.05982,32.7733
2023-02-06 09:14:52,-0.023670959,35.05764,32.77401
2023-02-06 09:14:57,-0.046552338,35.05545,32.77472
2023-02-06 09:15:02,-0.021964681,35.05327,32.77542
2023-02-06 09:15:07,-0.007585619,35.05108,32.77613
2023-02-06 09:15:12,0.012003102,35.04889,32.77683
2023-02-06 09:15:17,0.005202517,35.0467,32.77754
2023-02-06 09:15:22,0.051580044,35.04451,32.77824
2023-02-06 09:15:27,-0.024180813,35.04232,32.77894
2023-02-06 09:15:32,-0.019924272,35.04014,32.77964
2023-02-06 09:15:37,0.037128637,35.03795,32.78034
2023-02-06 09:15:42,0.051990463,35.03576,32.78104
2023-02-06 09:15:47,-0.03415836,35.03357,32.78174
2023-02-06 09:15:52,0.007296686,35.03137,32.78244
2023-02-06 09:15:57,-0.014950499,35.02918,32.78313
2023-02-06 09:16:02,-0.020951831,35.02699,32.78383
2023-02-06 09:16:07,-0.037738142,35.0248,32.78452
2023-02-06 09:16:12,0.025298517,35.0226,32.78522
2023-02-06 09:16:17,0.035100181,35.02041,32.78591
2023-02-06 09:16:22,-0.061252131,35.01822,32.7866
2023-02-06 09:16:27,0.044614482,35.01602,32.78729
2023-02-06 09:16:32,-0.014493695,35.01383,32.78798
2023-02-06 09:16:37,-0.030900792,35.01163,32.78867
2023-02-06 09:16:42,0.053831244,35.00944,32.78936
2023-02-06 09:16:47,-0.01575375,35.00724,32.79005
2023-02-06 09:16:52,-0.037119251,35.00505,32.79073
2023-02-06 09:16:57,0.010482344,35.00285,32.79142
2023-02-06 09:17:02,-0.037415473,35.00065,32.7921
2023-02-06 09:17:07,-0.011017728,34.99845,32.79278
2023-02-06 09:17:12,-0.001543463,34.99626,32.79347
2023-02-06 09:17:17,0.026148166,34.99406,32.79415
2023-02-06 09:17:22,-0.000394612,34.99186,32.79483
2023-02-06 09:17:27,0.021086214,34.98966,32.79551
2023-02-06 09:17:32,-0.026667957,34.98746,32.79619
2023-02-06 09:17:37,-0.053049743,34.98526,32.79686
2023-02-06 09:17:42,0.016559025,34.98306,32.79754
2023-02-06 09:17:47,-0.0043895,34.98086,32.79822
2023-02-06 09:17:52,0.033151021,34.97866,32.79889
2023-02-06 09:17:57,-0.099435589,34.97645,32.79957
2023-02-06 09:18:02,0.028811582,34.97425,32.80024
2023-02-06 09:18:07,0.040038629,34.97205,32.80091
2023-02-06 09:18:12,-0.023116067,34.96985,32.80158
2023-02-06 09:18:17,-0.011986836,34.96764,32.80225
2023-02-06 09:18:22,0.068476176,34.96544,32.80292
2023-02-06 09:18:27,0.026585409,34.96323,32.80359
2023-02-06 09:18:32,0.043366692,34.96103,32.80426
2023-02-06 09:18:37,-0.00376906,34.95883,32.80492
2023-02-06 09:18:42,-0.029544245,34.95662,32.80559
2023-02-06 09:18:47,-0.012640073,34.95441,32.80625
2023-02-06 09:18:52,0.041422032,34.95221,32.80692
2023-02-06 09:18:57,-0.021355363,34.95,32.80758
2023-02-06 09:19:02,-0.009667407,34.9478,32.80824
2023-02-06 09:19:07,-0.029923256,34.94559,32.8089
2023-02-06 09:19:12,-0.039674781,34.94338,32.80956
2023-02-06 09:19:17,0.009875339,34.94117,32.81022
2023-02-06 09:19:22,0.010591511,34.93896,32.81088
2023-02-06 09:19:27,0.032917035,34.93675,32.81154
2023-02-06 09:19:32,0.044803498,34.93454,32.81219
2023-02-06 09:19:37,-0.04435892,34.93234,32.81285
2023-02-06 09:19:42,0.04734325,34.93012,32.8135
2023-02-06 09:19:47,0.016674568,34.92792,32.81416
2023-02-06 09:19:52,0.028480786,34.9257,32.81481
2023-02-06 09:19:57,0.035171948,34.92349,32.81546
2023-02-06 09:20:02,0.063206288,34.92128,32.81611
2023-02-06 09:20:07,0.016644137,34.91907,32.81676
2023-02-06 09:20:12,-0.040366387,34.91686,32.81741
2023-02-06 09:20:17,0.003530734,34.91464,32.81806
2023-02-06 09:20:22,0.047637007,34.91243,32.81871
2023-02-06 09:20:27,0.043791535,34.91022,32.81935
2023-02-06 09:20:32,0.045102017,34.908,32.82
2023-02-06 09:20:37,0.035958146,34.90579,32.82064
2023-02-06 09:20:42,-0.010481289,34.90358,32.82129
2023-02-06 09:20:47,0.049690498,34.9008,32.8206
2023-02-06 09:20:52,0.00327529,34.89858,32.82124
2023-02-06 09:20:57,0.020829467,34.89636,32.82188
2023-02-06 09:21:02,0.038392707,34.89414,32.82252
2023-02-06 09:21:07,0.013324487,34.89192,32.82317
2023-02-06 09:21:12,-0.022397017,34.8897,32.8238
2023-02-06 09:21:17,0.053624771,34.88747,32.82444
2023-02-06 09:21:22,0.028572628,34.88525,32.82508
2023-02-06 09:21:27,-0.028265669,34.88303,32.82572
2023-02-06 09:21:32,-0.021523941,34.8808,32.82636
2023-02-06 09:21:37,0.017197893,34.87858,32.82699
2023-02-06 09:21:42,0.029459617,34.87636,32.82762
2023-02-06 09:21:47,0.047049418,34.87413,32.82826
2023-02-06 09:21:52,-0.01512231,34.87191,32.82889
2023-02-06 09:21:57,0.018449727,34.86968,32.82952
2023-02-06 09:22:02,0.003856632,34.86746,32.83015
2023-02-06 09:22:07,0.005437012,34.86523,32.83078
2023-02-06 09:22:12,-0.056759317,34.863,32.83141
2023-02-06 09:22:17,-0.002539334,34.86078,32.83204
2023-02-06 09:22:22,-0.002278509,34.85855,32.83267
2023-02-06 09:22:27,0.027466796,34.85632,32.83329
2023-02-06 09:22:32,-0.00812327,34.8541,32.83392
2023-02-06 09:22:37,0.04650095,34.85187,32.83454
2023-02-06 09:22:42,-0.021097177,34.84964,32.83517
2023-02-06 09:22:47,-0.014472971,34.84741,32.83579
2023-02-06 09:22:52,-0.039464841,34.84518,32.83641
2023-02-06 09:22:57,0.046882416,34.84296,32.83703
2023-02-06 09:23:02,0.037843016,34.84073,32.83765
2023-02-06 09:23:07,-0.002405512,34.8385,32.83827
2023-02-06 09:23:12,0.013801177,34.83627,32.83889
2023-02-06 09:23:17,0.025826839,34.83404,32.8395
2023-02-06 09:23:22,-0.026129851,34.83181,32.84012
2023-02-06 09:23:27,-0.035281405,34.82957,32.84074
2023-02-06 09:23:32,-0.039318718,34.82734,32.84135
2023-02-06 09:23:37,-0.038052667,34.82511,32.84196
2023-02-06 09:23:42,0.010774586,34.82288,32.84258
2023-02-06 09:23:47,-0.025134201,34.82065,32.84319
2023-02-06 09:23:52,-0.002633355,34.81841,32.8438
2023-02-06 09:23:57,-0.060111581,34.81618,32.84441
2023-02-06 09:24:02,-0.037672067,34.81395,32.84502
2023-02-06 09:24:07,-0.031254283,34.81171,32.84563
2023-02-06 09:24:12,-0.040858977,34.80948,32.84624
2023-02-06 09:24:17,-0.029367876,34.80725,32.84684
2023-02-06 09:24:22,0.024728009,34.80501,32.84745
2023-02-06 09:24:27,-0.054078509,34.80278,32.84805
2023-02-06 09:24:32,0.005276204,34.80054,32.84866
2023-02-06 09:24:37,0.006155401,34.79831,32.84926
2023-02-06 09:24:42,-0.035451741,34.79607,32.84986
2023-02-06 09:24:47,0.023600274,34.79383,32.85046
2023-02-06 09:24:52,-0.002094136,34.7916,32.85106
2023-02-06 09:24:57,-0.139565928,34.78936,32.85166
2023-02-06 09:25:02,-0.037993042,34.78712,32.85226
2023-02-06 09:25:07,-0.016028791,34.78489,32.85286
2023-02-06 09:25:12,-0.02094597,34.78265,32.85346
2023-02-06 09:25:17,-0.015054849,34.78041,32.85405
2023-02-06 09:25:22,0.011923222,34.77817,32.85465
2023-02-06 09:25:27,-0.014752882,34.77593,32.85524
2023-02-06 09:25:32,-0.012962867,34.7737,32.85584
2023-02-06 09:25:37,-0.002770016,34.77146,32.85643
2023-02-06 09:25:42,-0.023555289,34.76922,32.85702
2023-02-06 09:25:47,-0.044575924,34.76698,32.85761
2023-02-06 09:25:52,0.00878676,34.76474,32.8582
2023-02-06 09:25:57,0.003664968,34.7625,32.85879
2023-02-06 09:26:02,0.009156926,34.76026,32.85938
2023-02-06 09:26:07,0.00084308,34.75802,32.85997
2023-02-06 09:26:12,0.040940397,34.75578,32.86055
2023-02-06 09:26:17,-0.022806333,34.75353,32.86114
2023-02-06 09:26:22,-0.028161704,34.75129,32.86172
2023-02-06 09:26:27,-0.028234686,34.74905,32.86231
2023-02-06 09:26:32,0.040552568,34.74681,32.86289
2023-02-06 09:26:37,-0.044514474,34.74456,32.86347
2023-02-06 09:26:42,0.019036873,34.74232,32.86406
2023-02-06 09:26:47,-0.002548586,34.74008,32.86464
2023-02-06 09:26:52,-0.061301828,34.73784,32.86522
2023-02-06 09:26:57,-0.003226414,34.73559,32.8658
2023-02-06 09:27:02,-0.009487084,34.73335,32.86637
2023-02-06 09:27:07,0.017029134,34.7311,32.86695
2023-02-06 09:27:12,0.011188532,34.72886,32.86753
2023-02-06 09:27:17,-0.015830686,34.72662,32.8681
2023-02-06 09:27:22,0.015349103,34.72437,32.86868
2023-02-06 09:27:27,-0.017289266,34.72212,32.86925
2023-02-06 09:27:32,-0.007528143,34.71988,32.86982
2023-02-06 09:27:37,0.029023335,34.71763,32.8704
2023-02-06 09:27:42,-0.024892855,34.71539,32.87097
2023-02-06 09:27:47,0.011369175,34.71314,32.87154
2023-02-06 09:27:52,-0.053496475,34.71089,32.87211
2023-02-06 09:27:57,-0.006483395,34.70865,32.87268
2023-02-06 09:28:02,0.013640137,34.7064,32.87324
2023-02-06 09:28:07,0.023244752,34.70415,32.87381
2023-02-06 09:28:12,0.00082039,34.7019,32.87438
2023-02-06 09:28:17,-0.010803301,34.69966,32.87494
2023-02-06 09:28:22,-0.017614665,34.69741,32.87551
2023-02-06 09:28:27,-0.00279014,34.69516,32.87607
2023-02-06 09:28:32,-0.062721357,34.69291,32.87663
2023-02-06 09:28:37,0.031675557,34.69066,32.87719
2023-02-06 09:28:42,-0.054813117,34.68841,32.87776
2023-02-06 09:28:47,-0.082912097,34.68617,32.87832
2023-02-06 09:28:52,0.011337902,34.68392,32.87888
2023-02-06 09:28:57,-0.054168331,34.68167,32.87943
2023-02-06 09:29:02,-0.034444406,34.67942,32.87999
2023-02-06 09:29:07,0.038339568,34.67716,32.88055
2023-02-06 09:29:12,0.020466382,34.67492,32.8811
2023-02-06 09:29:17,-0.007734373,34.67266,32.88166
2023-02-06 09:29:22,-0.025514009,34.67041,32.88221
2023-02-06 09:29:27,0.015096761,34.66816,32.88277
2023-02-06 09:29:32,0.007880422,34.6637,32.88095
2023-02-06 09:29:37,-0.008588347,34.66144,32.88151
2023-02-06 09:29:42,0.00929323,34.65918,32.88206
2023-02-06 09:29:47,-0.046036576,34.65691,32.88262
2023-02-06 09:29:52,0.0049938,34.65465,32.88317
2023-02-06 09:29:57,0.013527314,34.65239,32.88372
2023-02-06 09:30:02,0.000700119,34.65013,32.88427
2023-02-06 09:30:07,-0.022848345,34.64786,32.88482
2023-02-06 09:30:12,0.059970357,34.6456,32.88537
2023-02-06 09:30:17,0.025673448,34.64333,32.88591
2023-02-06 09:30:22,-0.019330958,34.64107,32.88646
2023-02-06 09:30:27,-0.042873059,34.6388,32.88701
2023-02-06 09:30:32,-0.002884464,34.63654,32.88755
2023-02-06 09:30:37,0.058375907,34.63428,32.8881
2023-02-06 09:30:42,0.023840419,34.63201,32.88864
2023-02-06 09:30:47,0.037036025,34.62974,32.88918
2023-02-06 09:30:52,0.007925263,34.62748,32.88973
2023-02-06 09:30:57,0.047674657,34.62521,32.89027
2023-02-06 09:31:02,-0.002851884,34.62295,32.89081
2023-02-06 09:31:07,-0.026967267,34.62068,32.89135
2023-02-06 09:31:12,0.060416685,34.61841,32.89189
2023-02-06 09:31:17,0.020405133,34.61615,32.89243
2023-02-06 09:31:22,0.027933619,34.61388,32.89296
2023-02-06 09:31:27,0.02513427,34.61161,32.8935
2023-02-06 09:31:32,0.006105793,34.60935,32.89404
2023-02-06 09:31:37,0.066786678,34.60708,32.89457
2023-02-06 09:31:42,-0.010969303,34.60481,32.8951
2023-02-06 09:31:47,0.028292902,34.60254,32.89564
2023-02-06 09:31:52,0.051705925,34.60028,32.89617
2023-02-06 09:31:57,0.027099382,34.59801,32.8967
2023-02-06 09:32:02,0.066211065,34.59574,32.89723
2023-02-06 09:32:07,0.06815295,34.59347,32.89776
2023-02-06 09:32:12,0.048723991,34.5912,32.89829
2023-02-06 09:32:17,0.018774023,34.58893,32.89882
2023-02-06 09:32:22,0.02570086,34.58666,32.89935
2023-02-06 09:32:27,0.028799795,34.58439,32.89987
2023-02-06 09:32:32,-0.008191297,34.58212,32.9004
2023-02-06 09:32:37,0.057206438,34.57985,32.90092
2023-02-06 09:32:42,0.000152833,34.57758,32.90145
2023-02-06 09:32:47,0.001674102,34.57531,32.90197
2023-02-06 09:32:52,-0.002189163,34.57304,32.9025
2023-02-06 09:32:57,0.009882212,34.57077,32.90302
2023-02-06 09:33:02,0.007640681,34.5685,32.90354
2023-02-06 09:33:07,-0.030101723,34.56623,32.90406
2023-02-06 09:33:12,0.008260016,34.56396,32.90458
2023-02-06 09:33:17,-0.027673808,34.56169,32.9051
2023-02-06 09:33:22,0.037031582,34.55942,32.90561
2023-02-06 09:33:27,0.006310844,34.55714,32.90613
2023-02-06 09:33:32,0.044248617,34.55487,32.90665
2023-02-06 09:33:37,0.002748624,34.5526,32.90716
2023-02-06 09:33:42,-0.033482232,34.55033,32.90768
2023-02-06 09:33:47,0.004273136,34.54806,32.90819
2023-02-06 09:33:52,0.021027397,34.54578,32.9087
2023-02-06 09:33:57,-0.004920694,34.54351,32.90922
2023-02-06 09:34:02,0.059485799,34.54124,32.90973
2023-02-06 09:34:07,0.044069499,34.53896,32.91024
2023-02-06 09:34:12,0.017927913,34.53669,32.91075
2023-02-06 09:34:17,-0.013419266,34.53442,32.91126
2023-02-06 09:34:22,-0.05035356,34.53214,32.91177
2023-02-06 09:34:27,0.003062497,34.52987,32.91228
2023-02-06 09:34:32,-0.039338143,34.5276,32.91278
2023-02-06 09:34:37,0.03525966,34.52532,32.91329
2023-02-06 09:34:42,-0.049729764,34.52305,32.91379
2023-02-06 09:34:47,0.046046102,34.51791,32.91209
2023-02-06 09:34:52,0.035151466,34.51562,32.91259
2023-02-06 09:34:57,0.003054625,34.51334,32.9131
2023-02-06 09:35:02,0.008193268,34.51105,32.9136
2023-02-06 09:35:07,-0.018722524,34.50877,32.91411
2023-02-06 09:35:12,0.018054722,34.50648,32.91461
2023-02-06 09:35:17,0.006976271,34.50419,32.91511
2023-02-06 09:35:22,0.022469684,34.50191,32.91561
2023-02-06 09:35:27,-0.004696486,34.49962,32.91612
2023-02-06 09:35:32,-0.005778189,34.49734,32.91662
2023-02-06 09:35:37,-0.000813979,34.49505,32.91711
2023-02-06 09:35:42,-0.038939614,34.49276,32.91761
2023-02-06 09:35:47,-0.040028655,34.49048,32.91811
2023-02-06 09:35:52,0.006958538,34.48819,32.91861
2023-02-06 09:35:57,0.000371801,34.4859,32.9191
2023-02-06 09:36:02,-0.016169929,34.48362,32.9196
2023-02-06 09:36:07,0.003312186,34.48133,32.92009
2023-02-06 09:36:12,-0.093761115,34.47904,32.92059
2023-02-06 09:36:17,-0.01027649,34.47675,32.92108
2023-02-06 09:36:22,0.009540704,34.47446,32.92157
2023-02-06 09:36:27,0.029077517,34.47218,32.92206
2023-02-06 09:36:32,-0.004585601,34.46989,32.92255
2023-02-06 09:36:37,-0.022160489,34.4676,32.92304
2023-02-06 09:36:42,-0.008229584,34.46531,32.92353
2023-02-06 09:36:47,-0.036841416,34.46302,32.92402
2023-02-06 09:36:52,0.003740795,34.46074,32.92451
2023-02-06 09:36:57,0.022717437,34.45845,32.92499
2023-02-06 09:37:02,0.021261106,34.45616,32.92548
2023-02-06 09:37:07,-0.003388591,34.45387,32.92596
2023-02-06 09:37:12,0.015676363,34.45158,32.92645
2023-02-06 09:37:17,0.012941699,34.44929,32.92693
2023-02-06 09:37:22,0.042086357,34.447,32.92742
2023-02-06 09:37:27,0.044671094,34.44471,32.9279
2023-02-06 09:37:32,-0.037934422,34.44242,32.92838
2023-02-06 09:37:37,0.028024092,34.44013,32.92886
2023-02-06 09:37:42,-0.065256764,34.43784,32.92934
2023-02-06 09:37:47,-0.031294874,34.43555,32.92982
2023-02-06 09:37:52,0.007892094,34.43326,32.9303
2023-02-06 09:37:57,-0.016795411,34.43097,32.93078
2023-02-06 09:38:02,-0.008383018,34.42868,32.93125
2023-02-06 09:38:07,0.002798759,34.42639,32.93173
2023-02-06 09:38:12,0.020048628,34.4241,32.9322
2023-02-06 09:38:17,-0.026197883,34.42181,32.93268
2023-02-06 09:38:22,-0.014305224,34.41952,32.93315
2023-02-06 09:38:27,-0.055440724,34.41723,32.93363
2023-02-06 09:38:32,-0.017118588,34.41494,32.9341
2023-02-06 09:38:37,0.0317525,34.41265,32.93457
2023-02-06 09:38:42,0.006083581,34.407,32.93294
2023-02-06 09:38:47,0.033601822,34.4047,32.93341
2023-02-06 09:38:52,-0.034931087,34.40239,32.93388
2023-02-06 09:38:57,-0.02362823,34.40009,32.93435
2023-02-06 09:39:02,0.008690437,34.39779,32.93482
2023-02-06 09:39:07,-0.033533316,34.39549,32.9353
2023-02-06 09:39:12,-0.001252492,34.39319,32.93576
2023-02-06 09:39:17,-0.027905866,34.39088,32.93623
2023-02-06 09:39:22,0.009475117,34.38858,32.9367
2023-02-06 09:39:27,-0.01740856,34.38628,32.93716
2023-02-06 09:39:32,0.014411415,34.38398,32.93763
2023-02-06 09:39:37,0.013945786,34.38167,32.9381
2023-02-06 09:39:42,-0.023564774,34.37937,32.93856
2023-02-06 09:39:47,0.00238654,34.37707,32.93902
2023-02-06 09:39:52,-0.019557436,34.37476,32.93949
2023-02-06 09:39:57,0.059460066,34.37246,32.93995
2023-02-06 09:40:02,0.020647447,34.37016,32.94041
2023-02-06 09:40:07,0.03611794,34.36786,32.94087
2023-02-06 09:40:12,0.019036912,34.36555,32.94133
2023-02-06 09:40:17,0.014413863,34.36325,32.94179
2023-02-06 09:40:22,0.000514227,34.36094,32.94225
2023-02-06 09:40:27,0.030861772,34.35864,32.94271
2023-02-06 09:40:32,-0.034655399,34.35634,32.94316
2023-02-06 09:40:37,0.043428252,34.35404,32.94362
2023-02-06 09:40:42,-0.006331902,34.35173,32.94407
2023-02-06 09:40:47,0.039539847,34.34943,32.94453
2023-02-06 09:40:52,0.021717544,34.34712,32.94498
2023-02-06 09:40:57,0.014058767,34.34482,32.94544
2023-02-06 09:41:02,-0.035973965,34.34252,32.94589
2023-02-06 09:41:07,0.030565598,34.34021,32.94634
2023-02-06 09:41:12,-0.019886854,34.33791,32.94679
2023-02-06 09:41:17,-0.006684696,34.3356,32.94724
2023-02-06 09:41:22,-0.040994464,34.3333,32.94769
2023-02-06 09:41:27,0.019759839,34.33099,32.94814
2023-02-06 09:41:32,0.037952552,34.32869,32.94859
2023-02-06 09:41:37,-0.013065354,34.32638,32.94904
2023-02-06 09:41:42,-0.010895467,34.32408,32.94948
2023-02-06 09:41:47,-0.163023241,34.32178,32.94993
2023-02-06 09:41:52,-0.00828009,34.31947,32.95038
2023-02-06 09:41:57,0.047870806,34.3134,32.9488
2023-02-06 09:42:02,0.012292506,34.31108,32.94925
2023-02-06 09:42:07,-0.039192995,34.30877,32.9497
2023-02-06 09:42:12,-0.043197065,34.30645,32.95014
2023-02-06 09:42:17,-0.047116735,34.30414,32.95058
2023-02-06 09:42:22,0.012626999,34.30182,32.95103
2023-02-06 09:42:27,-0.023481622,34.29951,32.95147
2023-02-06 09:42:32,0.03586428,34.29719,32.95191
2023-02-06 09:42:37,-0.000259584,34.29487,32.95235
2023-02-06 09:42:42,0.005773935,34.29256,32.95279
2023-02-06 09:42:47,-0.014751881,34.29024,32.95323
2023-02-06 09:42:52,-0.024716813,34.28793,32.95367
2023-02-06 09:42:57,-0.013650311,34.28561,32.95411
2023-02-06 09:43:02,-0.007820088,34.2833,32.95455
2023-02-06 09:43:07,-0.050054625,34.28098,32.95498
2023-02-06 09:43:12,-0.00710467,34.27866,32.95542
2023-02-06 09:43:17,0.008912462,34.27635,32.95586
2023-02-06 09:43:22,-0.007141514,34.27403,32.95629
2023-02-06 09:43:27,0.003554152,34.27172,32.95672
2023-02-06 09:43:32,-0.124036162,34.2694,32.95716
2023-02-06 09:43:37,0.003170253,34.26708,32.95759
2023-02-06 09:43:42,-0.045025564,34.26477,32.95802
2023-02-06 09:43:47,0.023761953,34.26245,32.95846
2023-02-06 09:43:52,0.0233678,34.26013,32.95889
2023-02-06 09:43:57,-0.014417299,34.25782,32.95932
2023-02-06 09:44:02,-0.041812995,34.2555,32.95974
2023-02-06 09:44:07,-0.053106912,34.25318,32.96017
2023-02-06 09:44:12,0.03127035,34.25087,32.9606
2023-02-06 09:44:17,0.024963917,34.24855,32.96103
2023-02-06 09:44:22,-0.007684863,34.24624,32.96146
2023-02-06 09:44:27,0.028312281,34.24392,32.96188
2023-02-06 09:44:32,-0.041788058,34.2416,32.96231
2023-02-06 09:44:37,-0.010878767,34.23929,32.96273
2023-02-06 09:44:42,-0.065314913,34.23697,32.96316
2023-02-06 09:44:47,0.013051157,34.23053,32.96163
2023-02-06 09:44:52,-0.062642488,34.2282,32.96205
2023-02-06 09:44:57,0.015789338,34.22587,32.96248
2023-02-06 09:45:02,-0.102664761,34.22355,32.9629
2023-02-06 09:45:07,-0.00855097,34.22122,32.96332
2023-02-06 09:45:12,-0.015380858,34.21889,32.96375
2023-02-06 09:45:17,-0.048914481,34.21657,32.96417
2023-02-06 09:45:22,-0.008262285,34.21424,32.96459
2023-02-06 09:45:27,-0.052558506,34.21191,32.96501
2023-02-06 09:45:32,0.03615433,34.20958,32.96543
2023-02-06 09:45:37,-0.056015894,34.20726,32.96584
2023-02-06 09:45:42,-0.031353491,34.20493,32.96626
2023-02-06 09:45:47,0.035715034,34.2026,32.96668
2023-02-06 09:45:52,-0.003284721,34.20028,32.96709
2023-02-06 09:45:57,-6.4853e-05,34.19795,32.96751
2023-02-06 09:46:02,-0.01782126,34.19562,32.96792
2023-02-06 09:46:07,0.054424663,34.19329,32.96834
2023-02-06 09:46:12,0.015089721,34.19097,32.96875
2023-02-06 09:46:17,-0.018946784,34.18864,32.96917
2023-02-06 09:46:22,-0.031693252,34.18631,32.96958
2023-02-06 09:46:27,-0.002018289,34.18399,32.96999
2023-02-06 09:46:32,-0.014818203,34.18166,32.9704
2023-02-06 09:46:37,0.035936288,34.17933,32.97081
2023-02-06 09:46:42,0.04974016,34.177,32.97122
2023-02-06 09:46:47,-0.01642492,34.17468,32.97163
2023-02-06 09:46:52,-0.039968996,34.17235,32.97204
2023-02-06 09:46:57,0.026698378,34.17002,32.97244
2023-02-06 09:47:02,0.003313634,34.1677,32.97285
2023-02-06 09:47:07,0.00104529,34.16537,32.97326
2023-02-06 09:47:12,0.01456545,34.16304,32.97366
2023-02-06 09:47:17,-0.019702498,34.16072,32.97407
2023-02-06 09:47:22,0.036250016,34.15394,32.97259
2023-02-06 09:47:27,0.028808843,34.1516,32.97299
2023-02-06 09:47:32,0.020983016,34.14926,32.9734
2023-02-06 09:47:37,0.018675246,34.14692,32.9738
2023-02-06 09:47:42,0.016176524,34.14459,32.9742
2023-02-06 09:47:47,0.045658416,34.14225,32.97461
2023-02-06 09:47:52,-0.031074435,34.13991,32.97501
2023-02-06 09:47:57,0.03553359,34.13758,32.97541
2023-02-06 09:48:02,0.027909583,34.13524,32.97581
2023-02-06 09:48:07,0.04161271,34.1329,32.97621
2023-02-06 09:48:12,0.017825208,34.13056,32.97661
2023-02-06 09:48:17,-0.032220712,34.12823,32.97701
2023-02-06 09:48:22,0.050422427,34.12589,32.97741
2023-02-06 09:48:27,-0.020917424,34.12355,32.97781
2023-02-06 09:48:32,-0.002014548,34.12122,32.97821
2023-02-06 09:48:37,0.038224241,34.11888,32.9786
2023-02-06 09:48:42,0.025181595,34.11654,32.979
2023-02-06 09:48:47,0.039188233,34.1142,32.97939
2023-02-06 09:48:52,-0.000274459,34.11187,32.97979
2023-02-06 09:48:57,-0.007926434,34.10953,32.98018
2023-02-06 09:49:02,0.016542624,34.10719,32.98057
2023-02-06 09:49:07,-0.044290308,34.10486,32.98097
2023-02-06 09:49:12,0.006758609,34.10252,32.98136
2023-02-06 09:49:17,0.010054579,34.10018,32.98175
2023-02-06 09:49:22,0.008047966,34.09785,32.98214
2023-02-06 09:49:27,0.048328197,34.09551,32.98253
2023-02-06 09:49:32,0.046379059,34.09318,32.98292
2023-02-06 09:49:37,0.044269799,34.09084,32.98331
2023-02-06 09:49:42,0.037051925,34.08376,32.98186
2023-02-06 09:49:47,-0.017912795,34.08141,32.98225
2023-02-06 09:49:52,0.017383066,34.07906,32.98264
2023-02-06 09:49:57,0.052712594,34.07672,32.98303
2023-02-06 09:50:02,0.018977835,34.07437,32.98342
2023-02-06 09:50:07,0.033279893,34.07202,32.9838
2023-02-06 09:50:12,0.04717173,34.06968,32.98419
2023-02-06 09:50:17,0.036223068,34.06733,32.98458
2023-02-06 09:50:22,0.043912086,34.06498,32.98496
2023-02-06 09:50:27,-0.021430579,34.06264,32.98534
2023-02-06 09:50:32,0.056601371,34.06029,32.98573
2023-02-06 09:50:37,0.054913389,34.05794,32.98611
2023-02-06 09:50:42,0.037464689,34.0556,32.98649
2023-02-06 09:50:47,0.025385041,34.05325,32.98688
2023-02-06 09:50:52,0.061123875,34.05091,32.98726
2023-02-06 09:50:57,-0.025304919,34.04856,32.98764
2023-02-06 09:51:02,0.010513606,34.04621,32.98802
2023-02-06 09:51:07,0.057032256,34.04387,32.9884
2023-02-06 09:51:12,0.039822597,34.04152,32.98878
2023-02-06 09:51:17,-0.025315743,34.03918,32.98915
2023-02-06 09:51:22,4.72e-06,34.03683,32.98953
2023-02-06 09:51:27,0.057345433,34.03449,32.98991
2023-02-06 09:51:32,0.045628104,34.03214,32.99029
2023-02-06 09:51:37,0.0446113,34.0298,32.99066
2023-02-06 09:51:42,-0.057443048,34.02745,32.99104
2023-02-06 09:51:47,0.005389751,34.0201,32.98962
2023-02-06 09:51:52,-0.001026046,34.01774,32.99
2023-02-06 09:51:57,-0.007211324,34.01539,32.99037
2023-02-06 09:52:02,0.050221501,34.01303,32.99074
2023-02-06 09:52:07,0.008988174,34.01068,32.99112
2023-02-06 09:52:12,0.007152504,34.00832,32.99149
2023-02-06 09:52:17,4.2469e-05,34.00597,32.99186
2023-02-06 09:52:22,-0.02193589,34.00361,32.99224
2023-02-06 09:52:27,0.009232734,34.00126,32.99261
2023-02-06 09:52:32,0.029779319,33.9989,32.99298
2023-02-06 09:52:37,0.008104808,33.99655,32.99335
2023-02-06 09:52:42,-0.003253688,33.99419,32.99372
2023-02-06 09:52:47,-0.009055486,33.99184,32.99409
2023-02-06 09:52:52,-0.036141136,33.98948,32.99446
2023-02-06 09:52:57,-0.031402315,33.98713,32.99483
2023-02-06 09:53:02,-0.01804483,33.98477,32.99519
2023-02-06 09:53:07,0.005018485,33.98242,32.99556
2023-02-06 09:53:12,0.025849068,33.98007,32.99593
2023-02-06 09:53:17,-0.08596457,33.97771,32.99629
2023-02-06 09:53:22,-0.022620342,33.97536,32.99666
2023-02-06 09:53:27,-0.012353687,33.973,32.99702
2023-02-06 09:53:32,0.024592931,33.97065,32.99738
2023-02-06 09:53:37,0.003320924,33.9683,32.99775
2023-02-06 09:53:42,-0.007957416,33.96594,32.99811
2023-02-06 09:53:47,-0.034188223,33.96359,32.99847
2023-02-06 09:53:52,-0.04509705,33.95597,32.99708
2023-02-06 09:53:57,-0.008010271,33.9536,32.99745
2023-02-06 09:54:02,-0.016636581,33.95124,32.99781
2023-02-06 09:54:07,-0.061108494,33.94888,32.99817
2023-02-06 09:54:12,0.007840858,33.94651,32.99853
2023-02-06 09:54:17,0.007714223,33.94415,32.99889
2023-02-06 09:54:22,-0.040169567,33.94179,32.99925
2023-02-06 09:54:27,-0.029403696,33.93942,32.99961
2023-02-06 09:54:32,-0.034607966,33.93706,32.99997
2023-02-06 09:54:37,-0.039983794,33.9347,33.00033
2023-02-06 09:54:42,-0.013172309,33.93234,33.00068
2023-02-06 09:54:47,-0.071622859,33.92998,33.00104
2023-02-06 09:54:52,-0.007660203,33.92761,33.0014
2023-02-06 09:54:57,-0.002312112,33.92525,33.00175
2023-02-06 09:55:02,-0.021532773,33.92289,33.00211
2023-02-06 09:55:07,0.019273119,33.92053,33.00246
2023-02-06 09:55:12,-0.028450946,33.91817,33.00282
2023-02-06 09:55:17,-0.017535887,33.9158,33.00317
2023-02-06 09:55:22,0.030316866,33.91344,33.00352
2023-02-06 09:55:27,-0.064969127,33.91108,33.00388
2023-02-06 09:55:32,0.004217586,33.90872,33.00423
2023-02-06 09:55:37,-0.048607255,33.90636,33.00458
2023-02-06 09:55:42,0.025919083,33.8985,33.00322
2023-02-06 09:55:47,-0.027088774,33.89613,33.00357
2023-02-06 09:55:52,-0.032125409,33.89376,33.00392
2023-02-06 09:55:57,-0.010511814,33.89139,33.00427
2023-02-06 09:56:02,-0.036867884,33.88902,33.00462
2023-02-06 09:56:07,-0.042096224,33.88664,33.00497
2023-02-06 09:56:12,-0.068266544,33.88428,33.00532
2023-02-06 09:56:17,-0.01506326,33.8819,33.00567
2023-02-06 09:56:22,-0.036103294,33.87953,33.00601
2023-02-06 09:56:27,-0.057149973,33.87716,33.00636
2023-02-06 09:56:32,0.038863372,33.87479,33.00671
2023-02-06 09:56:37,-0.003519796,33.87242,33.00705
2023-02-06 09:56:42,0.028324982,33.87006,33.0074
2023-02-06 09:56:47,0.00743016,33.86769,33.00774
2023-02-06 09:56:52,-0.040317411,33.86532,33.00809
2023-02-06 09:56:57,-0.018980382,33.86295,33.00843
2023-02-06 09:57:02,-0.024308212,33.86058,33.00878
2023-02-06 09:57:07,0.045156641,33.85821,33.00912
2023-02-06 09:57:12,0.018474915,33.85584,33.00946
2023-02-06 09:57:17,-0.013365456,33.85347,33.0098
2023-02-06 09:57:22,-0.018576639,33.8511,33.01014
2023-02-06 09:57:27,0.029299494,33.84302,33.00881
2023-02-06 09:57:32,0.002724272,33.84064,33.00915
2023-02-06 09:57:37,-0.055854579,33.83826,33.00949
2023-02-06 09:57:42,0.023928663,33.83588,33.00983
2023-02-06 09:57:47,0.050386022,33.83351,33.01017
2023-02-06 09:57:52,-0.045391982,33.83113,33.01051
2023-02-06 09:57:57,-0.034981529,33.82875,33.01085
2023-02-06 09:58:02,-0.013751502,33.82637,33.01119
2023-02-06 09:58:07,0.012586418,33.824,33.01152
2023-02-06 09:58:12,0.017571448,33.82162,33.01186
2023-02-06 09:58:17,0.033372302,33.81924,33.0122
2023-02-06 09:58:22,0.006498199,33.81687,33.01253
2023-02-06 09:58:27,0.032695952,33.81449,33.01287
2023-02-06 09:58:32,-0.020712521,33.81211,33.01321
2023-02-06 09:58:37,0.010546995,33.80974,33.01354
2023-02-06 09:58:42,0.047286117,33.80736,33.01388
2023-02-06 09:58:47,0.036204262,33.80498,33.01421
2023-02-06 09:58:52,0.003759248,33.80261,33.01454
2023-02-06 09:58:57,-0.001890305,33.80023,33.01487
2023-02-06 09:59:02,0.045142223,33.79786,33.01521
2023-02-06 09:59:07,-0.008569746,33.79548,33.01554
2023-02-06 09:59:12,0.081006413,33.78717,33.01422
2023-02-06 09:59:17,0.017909226,33.78479,33.01455
2023-02-06 09:59:22,-0.000396179,33.7824,33.01488
2023-02-06 09:59:27,0.01992843,33.78002,33.01522
2023-02-06 09:59:32,0.008410387,33.77763,33.01555
2023-02-06 09:59:37,-0.019152271,33.77525,33.01588
2023-02-06 09:59:42,0.032987398,33.77287,33.01621
2023-02-06 09:59:47,0.019431939,33.77048,33.01653
2023-02-06 09:59:52,0.004035901,33.7681,33.01686
2023-02-06 09:59:57,0.045340038,33.76572,33.01719
2023-02-06 10:00:02,-0.008974692,33.76333,33.01752
2023-02-06 10:00:07,0.048195777,33.76095,33.01785
2023-02-06 10:00:12,0.046673614,33.75857,33.01817
2023-02-06 10:00:17,-0.002692204,33.75618,33.0185
2023-02-06 10:00:22,0.006505103,33.7538,33.01882
2023-02-06 10:00:27,0.036764528,33.75142,33.01915
2023-02-06 10:00:32,0.045826365,33.74904,33.01947
2023-02-06 10:00:37,0.02264862,33.74665,33.0198
2023-02-06 10:00:42,0.047559805,33.74427,33.02012
2023-02-06 10:00:47,0.019099843,33.73576,33.01882
2023-02-06 10:00:52,0.011696063,33.73337,33.01915
2023-02-06 10:00:57,-0.022241193,33.73098,33.01947
2023-02-06 10:01:02,0.002375125,33.72859,33.01979
2023-02-06 10:01:07,-0.005254823,33.72619,33.02012
2023-02-06 10:01:12,-0.007442364,33.7238,33.02044
2023-02-06 10:01:17,-0.041688015,33.72141,33.02076
2023-02-06 10:01:22,-0.022714579,33.71902,33.02108
2023-02-06 10:01:27,0.038436452,33.71663,33.0214
2023-02-06 10:01:32,0.0359273,33.71424,33.02172
2023-02-06 10:01:37,0.006494899,33.71185,33.02204
2023-02-06 10:01:42,-0.033491201,33.70946,33.02236
2023-02-06 10:01:47,-0.009603436,33.70707,33.02268
2023-02-06 10:01:52,-0.023111327,33.70468,33.023
2023-02-06 10:01:57,-0.026237078,33.7023,33.02331
2023-02-06 10:02:02,0.005613721,33.69991,33.02363
2023-02-06 10:02:07,0.042054899,33.69752,33.02395
2023-02-06 10:02:12,0.038661601,33.69513,33.02426
2023-02-06 10:02:17,-0.060380709,33.68642,33.02299
2023-02-06 10:02:22,0.026460949,33.68403,33.0233
2023-02-06 10:02:27,0.028121477,33.68163,33.02362
2023-02-06 10:02:32,0.061857995,33.67923,33.02393
2023-02-06 10:02:37,0.047340242,33.67683,33.02425
2023-02-06 10:02:42,-0.057310521,33.67444,33.02456
2023-02-06 10:02:47,0.023727988,33.67204,33.02488
2023-02-06 10:02:52,0.01444157,33.66964,33.02519
2023-02-06 10:02:57,-0.016262449,33.66725,33.02551
2023-02-06 10:03:02,0.043162678,33.66485,33.02582
2023-02-06 10:03:07,-0.024858378,33.66246,33.02613
2023-02-06 10:03:12,-0.002751724,33.66006,33.02644
2023-02-06 10:03:17,-0.002065543,33.65766,33.02675
2023-02-06 10:03:22,-0.059729093,33.65527,33.02706
2023-02-06 10:03:27,-0.053916406,33.65288,33.02738
2023-02-06 10:03:32,-0.010706691,33.65048,33.02768
2023-02-06 10:03:37,0.01069947,33.64809,33.02799
2023-02-06 10:03:42,0.03771242,33.64569,33.0283
2023-02-06 10:03:47,-0.041977371,33.63679,33.02704
2023-02-06 10:03:52,-0.057812905,33.63439,33.02735
2023-02-06 10:03:57,0.011144042,33.63199,33.02766
2023-02-06 10:04:02,0.000427321,33.62958,33.02797
2023-02-06 10:04:07,0.010924012,33.62718,33.02828
2023-02-06 10:04:12,-0.032175276,33.62478,33.02859
2023-02-06 10:04:17,-0.021892108,33.62237,33.02889
2023-02-06 10:04:22,0.014742982,33.61997,33.0292
2023-02-06 10:04:27,-0.049617112,33.61757,33.02951
2023-02-06 10:04:32,-0.008057866,33.61517,33.02981
2023-02-06 10:04:37,0.028253774,33.61277,33.03012
2023-02-06 10:04:42,0.043327689,33.61036,33.03042
2023-02-06 10:04:47,0.015653793,33.60796,33.03073
2023-02-06 10:04:52,-0.02811847,33.60556,33.03103
2023-02-06 10:04:57,0.023558272,33.60316,33.03134
2023-02-06 10:05:02,-0.015834677,33.60076,33.03164
2023-02-06 10:05:07,-0.037881081,33.59836,33.03194
2023-02-06 10:05:12,-0.044779577,33.58928,33.0307
2023-02-06 10:05:17,-0.067776869,33.58688,33.031
2023-02-06 10:05:22,0.01019497,33.58447,33.0313
2023-02-06 10:05:27,-0.045190002,33.58206,33.03161
2023-02-06 10:05:32,-0.036534499,33.57965,33.03191
2023-02-06 10:05:37,0.003801499,33.57724,33.03221
2023-02-06 10:05:42,-0.06237906,33.57483,33.03251
2023-02-06 10:05:47,0.025518906,33.57242,33.03281
2023-02-06 10:05:52,-0.046017794,33.57002,33.03311
2023-02-06 10:05:57,-0.038094319,33.56761,33.03341
2023-02-06 10:06:02,0.022830304,33.5652,33.03371
2023-02-06 10:06:07,-0.011719926,33.56279,33.03401
2023-02-06 10:06:12,0.017201223,33.56039,33.03431
2023-02-06 10:06:17,-0.012423086,33.55798,33.0346
2023-02-06 10:06:22,0.005625235,33.55557,33.0349
2023-02-06 10:06:27,-0.040200893,33.55317,33.0352
2023-02-06 10:06:32,-0.017033922,33.54392,33.03397
2023-02-06 10:06:37,0.000888528,33.5415,33.03427
2023-02-06 10:06:42,0.02384626,33.53909,33.03457
2023-02-06 10:06:47,-0.033058389,33.53668,33.03486
2023-02-06 10:06:52,0.005681841,33.53426,33.03516
2023-02-06 10:06:57,0.012530139,33.53185,33.03546
2023-02-06 10:07:02,-0.023553277,33.52943,33.03575
2023-02-06 10:07:07,-0.022238465,33.52702,33.03605
2023-02-06 10:07:12,0.010574344,33.5246,33.03634
2023-02-06 10:07:17,-0.004301556,33.52219,33.03663
2023-02-06 10:07:22,0.009796856,33.51978,33.03693
2023-02-06 10:07:27,0.029418025,33.51737,33.03722
2023-02-06 10:07:32,0.028332519,33.51496,33.03752
2023-02-06 10:07:37,0.014776832,33.51254,33.03781
2023-02-06 10:07:42,-0.01124802,33.51013,33.0381
2023-02-06 10:07:47,-0.023218698,33.50772,33.03839
2023-02-06 10:07:52,-0.021134341,33.4983,33.03718
2023-02-06 10:07:57,-0.004993966,33.49588,33.03747
2023-02-06 10:08:02,-0.00752407,33.49346,33.03776
2023-02-06 10:08:07,-0.004779727,33.49104,33.03806
2023-02-06 10:08:12,-0.020703994,33.48862,33.03835
2023-02-06 10:08:17,0.032380293,33.4862,33.03864
2023-02-06 10:08:22,9.6916e-05,33.48378,33.03893
2023-02-06 10:08:27,-0.026754026,33.48136,33.03922
2023-02-06 10:08:32,-0.000583214,33.47895,33.03951
2023-02-06 10:08:37,-0.000957416,33.47653,33.0398
2023-02-06 10:08:42,0.01419242,33.47411,33.04008
2023-02-06 10:08:47,-0.060778942,33.47169,33.04037
2023-02-06 10:08:52,0.028823277,33.46927,33.04066
2023-02-06 10:08:57,0.006796272,33.46686,33.04095
2023-02-06 10:09:02,0.00600845,33.46444,33.04123
2023-02-06 10:09:07,0.010280829,33.46202,33.04152
2023-02-06 10:09:12,0.025134741,33.45244,33.04033
2023-02-06 10:09:17,-0.007867373,33.45001,33.04061
2023-02-06 10:09:22,-0.05160526,33.44759,33.0409
2023-02-06 10:09:27,0.026979742,33.44516,33.04118
2023-02-06 10:09:32,0.004222702,33.44274,33.04147
2023-02-06 10:09:37,-0.039545801,33.44031,33.04176
2023-02-06 10:09:42,-0.035796982,33.43789,33.04204
2023-02-06 10:09:47,0.005000852,33.43546,33.04233
2023-02-06 10:09:52,0.013940498,33.43304,33.04261
2023-02-06 10:09:57,0.017673059,33.43062,33.0429
2023-02-06 10:10:02,-0.026630159,33.4282,33.04318
2023-02-06 10:10:07,0.003429754,33.42577,33.04346
2023-02-06 10:10:12,0.02809571,33.42335,33.04374
2023-02-06 10:10:17,-0.000409876,33.42093,33.04403
2023-02-06 10:10:22,0.034791511,33.4112,33.04284
2023-02-06 10:10:27,0.037952986,33.40876,33.04313
2023-02-06 10:10:32,-0.001393736,33.40633,33.04341
2023-02-06 10:10:37,-0.003489041,33.4039,33.04369
2023-02-06 10:10:42,-0.011161419,33.40147,33.04397
2023-02-06 10:10:47,-0.040018561,33.39904,33.04426
2023-02-06 10:10:52,0.016158138,33.39661,33.04454
2023-02-06 10:10:57,0.045632177,33.39418,33.04482
2023-02-06 10:11:02,0.005765252,33.39175,33.0451
2023-02-06 10:11:07,-0.039101549,33.38932,33.04538
2023-02-06 10:11:12,0.022009158,33.3869,33.04566
2023-02-06 10:11:17,0.035292645,33.38447,33.04594
2023-02-06 10:11:22,0.000940381,33.38204,33.04622
2023-02-06 10:11:27,-0.060297878,33.37962,33.0465
2023-02-06 10:11:32,0.027275716,33.37719,33.04677
2023-02-06 10:11:37,0.008397701,33.3673,33.0456
2023-02-06 10:11:42,-0.015662698,33.36486,33.04588
2023-02-06 10:11:47,0.008014235,33.36243,33.04616
2023-02-06 10:11:52,-0.0107982,33.35999,33.04644
2023-02-06 10:11:57,-0.029840414,33.35756,33.04672
2023-02-06 10:12:02,0.015038068,33.35512,33.047
2023-02-06 10:12:07,-0.009219195,33.35269,33.04727
2023-02-06 10:12:12,-0.001533258,33.35025,33.04755
2023-02-06 10:12:17,-0.031382191,33.34782,33.04783
2023-02-06 10:12:22,0.040003116,33.34539,33.0481
2023-02-06 10:12:27,0.031406458,33.34295,33.04838
2023-02-06 10:12:32,-0.009011486,33.34052,33.04865
2023-02-06 10:12:37,0.01430804,33.33809,33.04893
2023-02-06 10:12:42,0.021607477,33.33566,33.0492
2023-02-06 10:12:47,0.003581844,33.32562,33.04805
2023-02-06 10:12:52,-0.01165976,33.32318,33.04832
2023-02-06 10:12:57,0.043523445,33.32074,33.0486
2023-02-06 10:13:02,0.013401316,33.3183,33.04887
2023-02-06 10:13:07,0.010093189,33.31586,33.04914
2023-02-06 10:13:12,0.001430075,33.31342,33.04942
2023-02-06 10:13:17,-0.017917133,33.31098,33.04969
2023-02-06 10:13:22,-0.00035917,33.30854,33.04996
2023-02-06 10:13:27,0.049536208,33.3061,33.05024
2023-02-06 10:13:32,0.02460022,33.30366,33.05051
2023-02-06 10:13:37,-0.037476041,33.30123,33.05078
2023-02-06 10:13:42,-0.030284206,33.29879,33.05105
2023-02-06 10:13:47,-0.049761931,33.29635,33.05132
2023-02-06 10:13:52,0.015638801,33.28618,33.05018
2023-02-06 10:13:57,-0.014537019,33.28374,33.05045
2023-02-06 10:14:02,0.018847073,33.28129,33.05072
2023-02-06 10:14:07,0.041743915,33.27884,33.051
2023-02-06 10:14:12,-0.020274384,33.2764,33.05127
2023-02-06 10:14:17,0.013248359,33.27395,33.05154
2023-02-06 10:14:22,-0.017204202,33.27151,33.05181
2023-02-06 10:14:27,-0.02616264,33.26907,33.05208
2023-02-06 10:14:32,0.033771641,33.26662,33.05235
2023-02-06 10:14:37,-0.022996389,33.26418,33.05262
2023-02-06 10:14:42,0.05822771,33.26174,33.05289
2023-02-06 10:14:47,-0.009419551,33.2593,33.05315
2023-02-06 10:14:52,-0.039581391,33.25686,33.05342
2023-02-06 10:14:57,-0.006369157,33.25441,33.05369
2023-02-06 10:15:02,0.006965972,33.2441,33.05256
2023-02-06 10:15:07,0.017946191,33.24164,33.05283
2023-02-06 10:15:12,0.045978362,33.2392,33.0531
2023-02-06 10:15:17,0.036687819,33.23674,33.05337
2023-02-06 10:15:22,-0.036384335,33.2343,33.05363
2023-02-06 10:15:27,-0.021294327,33.23185,33.0539
2023-02-06 10:15:32,0.003788787,33.2294,33.05417
2023-02-06 10:15:37,0.005296321,33.22695,33.05444
2023-02-06 10:15:42,0.008009257,33.2245,33.0547
2023-02-06 10:15:47,-0.02941775,33.22206,33.05497
2023-02-06 10:15:52,0.030489424,33.21961,33.05523
2023-02-06 10:15:57,0.037084173,33.21716,33.0555
2023-02-06 10:16:02,0.038335662,33.20672,33.05438
2023-02-06 10:16:07,0.023774126,33.20426,33.05465
2023-02-06 10:16:12,-0.012120629,33.20181,33.05491
2023-02-06 10:16:17,0.036868474,33.19935,33.05518
2023-02-06 10:16:22,0.038254983,33.1969,33.05544
2023-02-06 10:16:27,0.034106617,33.19445,33.05571
2023-02-06 10:16:32,-0.017835332,33.19199,33.05597
2023-02-06 10:16:37,0.057935199,33.18954,33.05624
2023-02-06 10:16:42,0.043081744,33.18709,33.0565
2023-02-06 10:16:47,0.012412911,33.18464,33.05677
2023-02-06 10:16:52,-0.04473142,33.18218,33.05703
2023-02-06 10:16:57,0.004134706,33.17973,33.05729
2023-02-06 10:17:02,0.031854415,33.17728,33.05756
2023-02-06 10:17:07,-0.004212292,33.16671,33.05645
2023-02-06 10:17:12,-0.008508038,33.16425,33.05671
2023-02-06 10:17:17,0.019347225,33.16179,33.05698
2023-02-06 10:17:22,0.015013325,33.15933,33.05724
2023-02-06 10:17:27,-0.052918937,33.15687,33.0575
2023-02-06 10:17:32,-0.020174285,33.15441,33.05777
2023-02-06 10:17:37,0.007056938,33.15195,33.05803
2023-02-06 10:17:42,0.056100662,33.1495,33.05829
2023-02-06 10:17:47,0.057180697,33.14704,33.05855
2023-02-06 10:17:52,-0.042840569,33.14458,33.05881
2023-02-06 10:17:57,0.053749931,33.14213,33.05907
2023-02-06 10:18:02,0.017448444,33.13967,33.05933
2023-02-06 10:18:07,0.002441096,33.12897,33.05824
2023-02-06 10:18:12,-0.023442806,33.12651,33.0585
2023-02-06 10:18:17,-0.011854071,33.12404,33.05876
2023-02-06 10:18:22,-0.021803431,33.12158,33.05902
2023-02-06 10:18:27,0.06396657,33.11912,33.05928
2023-02-06 10:18:32,-0.036269132,33.11665,33.05954
2023-02-06 10:18:37,0.049440585,33.11419,33.0598
2023-02-06 10:18:42,0.034231125,33.11173,33.06006
2023-02-06 10:18:47,-0.01318062,33.10927,33.06032
2023-02-06 10:18:52,0.040642727,33.10681,33.06058
2023-02-06 10:18:57,-0.043765269,33.10435,33.06084
2023-02-06 10:19:02,-0.043310456,33.10189,33.0611
2023-02-06 10:19:07,-0.021381796,33.09106,33.06002
2023-02-06 10:19:12,-0.026330159,33.0886,33.06028
2023-02-06 10:19:17,0.043111774,33.08613,33.06054
2023-02-06 10:19:22,0.011627012,33.08366,33.0608
2023-02-06 10:19:27,-0.067676846,33.08119,33.06105
2023-02-06 10:19:32,-0.004285405,33.07872,33.06131
2023-02-06 10:19:37,0.028475417,33.07626,33.06157
2023-02-06 10:19:42,-0.0085058,33.07379,33.06183
2023-02-06 10:19:47,-0.013551684,33.07133,33.06209
2023-02-06 10:19:52,-0.013503167,33.06886,33.06234
2023-02-06 10:19:57,-0.013500887,33.0664,33.0626
2023-02-06 10:20:02,-0.040195484,33.06394,33.06286
2023-02-06 10:20:07,-0.013448901,33.05299,33.06179
2023-02-06 10:20:12,0.007728015,33.05051,33.06204
2023-02-06 10:20:17,0.039514419,33.04804,33.0623
2023-02-06 10:20:22,-0.072468037,33.04557,33.06256
2023-02-06 10:20:27,0.033642898,33.0431,33.06281
2023-02-06 10:20:32,0.022822778,33.04063,33.06307
2023-02-06 10:20:37,0.027747358,33.03816,33.06333
2023-02-06 10:20:42,0.032616394,33.03569,33.06358
2023-02-06 10:20:47,0.016299447,33.03322,33.06384
2023-02-06 10:20:52,-0.053374321,33.03075,33.06409
2023-02-06 10:20:57,0.041739759,33.02828,33.06435
2023-02-06 10:21:02,-0.065171741,33.01722,33.06329
2023-02-06 10:21:07,-0.049936642,33.01474,33.06355
2023-02-06 10:21:12,-0.003508061,33.01226,33.0638
2023-02-06 10:21:17,-0.019652805,33.00979,33.06406
2023-02-06 10:21:22,-0.020405575,33.00731,33.06431
2023-02-06 10:21:27,-0.053202564,33.00484,33.06457
2023-02-06 10:21:32,0.009492346,33.00236,33.06482
2023-02-06 10:21:37,-0.012777521,32.99989,33.06508
2023-02-06 10:21:42,0.012473573,32.99741,33.06533
2023-02-06 10:21:47,0.016716874,32.99494,33.06559
2023-02-06 10:21:52,-0.00575896,32.99247,33.06584
2023-02-06 10:21:57,0.067442742,32.98129,33.06479
2023-02-06 10:22:02,0.023314762,32.97881,33.06504
2023-02-06 10:22:07,0.048403396,32.97633,33.0653
2023-02-06 10:22:12,-0.102087846,32.97385,33.06555
2023-02-06 10:22:17,0.034591158,32.97137,33.06581
2023-02-06 10:22:22,-0.025630953,32.96889,33.06606
2023-02-06 10:22:27,0.052268174,32.96641,33.06632
2023-02-06 10:22:32,-0.002776592,32.96393,33.06657
2023-02-06 10:22:37,0.043179134,32.96146,33.06682
2023-02-06 10:22:42,0.025287953,32.95898,33.06708
2023-02-06 10:22:47,0.012457185,32.9565,33.06733
2023-02-06 10:22:52,0.004876544,32.94522,33.06629
2023-02-06 10:22:57,-0.023723684,32.94273,33.06654
2023-02-06 10:23:02,-0.036796238,32.94024,33.0668
2023-02-06 10:23:07,0.045797404,32.93776,33.06705
2023-02-06 10:23:12,0.043220011,32.93527,33.0673
2023-02-06 10:23:17,0.035419593,32.93279,33.06756
2023-02-06 10:23:22,0.00602519,32.93031,33.06781
2023-02-06 10:23:27,-0.00194395,32.92783,33.06806
2023-02-06 10:23:32,0.032450635,32.92534,33.06831
2023-02-06 10:23:37,-0.002339207,32.92286,33.06856
2023-02-06 10:23:42,-0.005426363,32.92038,33.06882
2023-02-06 10:23:47,0.01290951,32.90898,33.06779
2023-02-06 10:23:52,-0.011671805,32.9065,33.06804
2023-02-06 10:23:57,-0.041671062,32.904,33.06829
2023-02-06 10:24:02,-0.066238534,32.90152,33.06855
2023-02-06 10:24:07,0.02065255,32.89903,33.0688
2023-02-06 10:24:12,-0.06272243,32.89654,33.06905
2023-02-06 10:24:17,-0.071378,32.89405,33.0693
2023-02-06 10:24:22,-0.069844674,32.89157,33.06955
2023-02-06 10:24:27,-0.036612763,32.88908,33.0698
2023-02-06 10:24:32,0.018038192,32.8866,33.07006
2023-02-06 10:24:37,0.003309015,32.8751,33.06904
2023-02-06 10:24:42,-0.03188652,32.8726,33.06929
2023-02-06 10:24:47,-0.015574205,32.87011,33.06954
2023-02-06 10:24:52,-0.00906893,32.86762,33.06979
2023-02-06 10:24:57,-0.066805326,32.86512,33.07004
2023-02-06 10:25:02,-0.024485617,32.86263,33.07029
2023-02-06 10:25:07,0.01465083,32.86014,33.07055
2023-02-06 10:25:12,-0.069632709,32.85765,33.0708
2023-02-06 10:25:17,-0.037322225,32.85516,33.07105
2023-02-06 10:25:22,0.00574521,32.85267,33.0713
2023-02-06 10:25:27,-0.031039064,32.85018,33.07155
2023-02-06 10:25:32,0.03297091,32.83857,33.07054
2023-02-06 10:25:37,0.022649284,32.83608,33.07079
2023-02-06 10:25:42,0.033363407,32.83358,33.07104
2023-02-06 10:25:47,-0.062423963,32.83108,33.07129
2023-02-06 10:25:52,-0.014587549,32.82858,33.07154
2023-02-06 10:25:57,-0.041273205,32.82609,33.07179
2023-02-06 10:26:02,-0.009613696,32.82359,33.07205
2023-02-06 10:26:07,-0.015357102,32.8211,33.07229
2023-02-06 10:26:12,0.037435125,32.81861,33.07254
2023-02-06 10:26:17,0.01018519,32.81611,33.0728
2023-02-06 10:26:22,-0.011637716,32.8044,33.0718
2023-02-06 10:26:27,0.030214772,32.8019,33.07205
2023-02-06 10:26:32,0.008015283,32.7994,33.0723
2023-02-06 10:26:37,-0.056726176,32.7969,33.07255
2023-02-06 10:26:42,-0.02048235,32.7944,33.0728
2023-02-06 10:26:47,-0.010980757,32.7919,33.07305
2023-02-06 10:26:52,-0.022891266,32.7894,33.0733
2023-02-06 10:26:57,-0.011952142,32.7869,33.07355
2023-02-06 10:27:02,0.022300059,32.78441,33.0738
2023-02-06 10:27:07,-0.04832536,32.78191,33.07405
2023-02-06 10:27:12,-0.060413366,32.7701,33.07306
2023-02-06 10:27:17,-0.019483997,32.76759,33.07331
2023-02-06 10:27:22,-0.005295444,32.76509,33.07356
2023-02-06 10:27:27,0.008802178,32.76258,33.07381
2023-02-06 10:27:32,-0.00384054,32.76008,33.07406
2023-02-06 10:27:37,-0.048362901,32.75758,33.07431
2023-02-06 10:27:42,-0.029016435,32.75507,33.07456
2023-02-06 10:27:47,-0.004810799,32.75257,33.07481
2023-02-06 10:27:52,0.035485285,32.75007,33.07506
2023-02-06 10:27:57,-0.041375978,32.73817,33.07408
2023-02-06 10:28:02,0.004071313,32.73566,33.07433
2023-02-06 10:28:07,-0.046318496,32.73315,33.07458
2023-02-06 10:28:12,-0.027698448,32.73064,33.07483
2023-02-06 10:28:17,-0.003836927,32.72813,33.07508
2023-02-06 10:28:22,0.030405937,32.72563,33.07533
2023-02-06 10:28:27,-0.052316627,32.72312,33.07558
2023-02-06 10:28:32,-0.039188397,32.72061,33.07583
2023-02-06 10:28:37,0.037430664,32.71811,33.07608
2023-02-06 10:28:42,-0.072013512,32.7156,33.07633
2023-02-06 10:28:47,0.046880326,32.7036,33.07536
2023-02-06 10:28:52,-0.036278417,32.70109,33.07561
2023-02-06 10:28:57,-0.002455967,32.69858,33.07586
2023-02-06 10:29:02,-0.009466198,32.69606,33.07611
2023-02-06 10:29:07,-0.025297869,32.69355,33.07636
2023-02-06 10:29:12,-0.023713487,32.69104,33.07661
2023-02-06 10:29:17,-0.016885125,32.68853,33.07686
2023-02-06 10:29:22,0.053435822,32.68602,33.07711
2023-02-06 10:29:27,0.006984022,32.68351,33.07736
2023-02-06 10:29:32,-0.044692799,32.67142,33.0764
2023-02-06 10:29:37,-0.012835366,32.6689,33.07666
2023-02-06 10:29:42,0.010643142,32.66639,33.0769
2023-02-06 10:29:47,0.043608309,32.66387,33.07715
2023-02-06 10:29:52,0.031466656,32.66135,33.0774
2023-02-06 10:29:57,0.050653979,32.65884,33.07766
2023-02-06 10:30:02,0.056714001,32.65632,33.0779
2023-02-06 10:30:07,-0.006409764,32.65381,33.07816
2023-02-06 10:30:12,0.036789245,32.6513,33.0784
2023-02-06 10:30:17,0.058583297,32.64878,33.07865
2023-02-06 10:30:22,-0.010126301,32.6366,33.07771
2023-02-06 10:30:27,0.064605675,32.63408,33.07796
2023-02-06 10:30:32,-0.030734266,32.63155,33.07821
2023-02-06 10:30:37,0.001377342,32.62904,33.07846
2023-02-06 10:30:42,-0.030365662,32.62652,33.07871
2023-02-06 10:30:47,0.049162409,32.624,33.07896
2023-02-06 10:30:52,0.054556274,32.62148,33.07921
2023-02-06 10:30:57,0.048823006,32.61896,33.07946
2023-02-06 10:31:02,0.043383464,32.61645,33.07971
2023-02-06 10:31:07,0.032336447,32.60417,33.07877
2023-02-06 10:31:12,-0.0159172,32.60164,33.07902
2023-02-06 10:31:17,0.040726761,32.59912,33.07927
2023-02-06 10:31:22,0.062817858,32.5966,33.07952
2023-02-06 10:31:27,0.044265836,32.59407,33.07977
2023-02-06 10:31:32,0.034789939,32.59155,33.08002
2023-02-06 10:31:37,0.049670716,32.58903,33.08027
2023-02-06 10:31:42,0.054182267,32.58651,33.08052
2023-02-06 10:31:47,0.042422997,32.57415,33.0796
2023-02-06 10:31:52,0.073021501,32.57162,33.07985
2023-02-06 10:31:57,0.05060974,32.56909,33.0801
2023-02-06 10:32:02,0.040039815,32.56656,33.08035
2023-02-06 10:32:07,0.063756584,32.56404,33.0806
2023-02-06 10:32:12,0.072854756,32.56151,33.08085
2023-02-06 10:32:17,0.023419746,32.55899,33.0811
2023-02-06 10:32:22,0.042988251,32.55646,33.08135
2023-02-06 10:32:27,0.014681966,32.55394,33.08161
2023-02-06 10:32:32,0.039197519,32.54149,33.08069
2023-02-06 10:32:37,0.069135964,32.53896,33.08094
2023-02-06 10:32:42,-0.044550837,32.53643,33.08119
2023-02-06 10:32:47,-0.025469446,32.53389,33.08144
2023-02-06 10:32:52,-0.038467479,32.53136,33.08169
2023-02-06 10:32:57,0.054841718,32.52883,33.08194
2023-02-06 10:33:02,-0.032787212,32.5263,33.0822
2023-02-06 10:33:07,0.028528562,32.52378,33.08245
2023-02-06 10:33:12,0.025781793,32.52125,33.0827
2023-02-06 10:33:17,0.012270744,32.50871,33.08179
2023-02-06 10:33:22,0.035963681,32.50618,33.08204
2023-02-06 10:33:27,0.0169108,32.50364,33.0823
2023-02-06 10:33:32,0.003270754,32.50111,33.08255
2023-02-06 10:33:37,-0.00533825,32.49857,33.0828
2023-02-06 10:33:42,0.018113157,32.49604,33.08305
2023-02-06 10:33:47,0.062202544,32.49351,33.08331
2023-02-06 10:33:52,0.010812847,32.49098,33.08356
2023-02-06 10:33:57,-0.019369842,32.47836,33.08266
2023-02-06 10:34:02,0.035231581,32.47582,33.08291
2023-02-06 10:34:07,0.041939248,32.47328,33.08316
2023-02-06 10:34:12,-0.041696956,32.47074,33.08342
2023-02-06 10:34:17,0.023216296,32.46821,33.08367
2023-02-06 10:34:22,0.008252925,32.46567,33.08392
2023-02-06 10:34:27,0.035809505,32.46313,33.08418
2023-02-06 10:34:32,-0.000522992,32.4606,33.08443
2023-02-06 10:34:37,-0.037167479,32.45806,33.08468
2023-02-06 10:34:42,0.037803159,32.44536,33.0838
2023-02-06 10:34:47,-0.037443932,32.44282,33.08405
2023-02-06 10:34:52,-0.094162197,32.44027,33.0843
2023-02-06 10:34:57,-0.053132391,32.43773,33.08456
2023-02-06 10:35:02,-0.056836195,32.43519,33.08481
2023-02-06 10:35:07,0.017503673,32.43265,33.08507
2023-02-06 10:35:12,0.033275252,32.43011,33.08532
2023-02-06 10:35:17,-0.004192638,32.42757,33.08558
2023-02-06 10:35:22,-0.063111944,32.41479,33.08469
2023-02-06 10:35:27,-0.047735651,32.41225,33.08495
2023-02-06 10:35:32,-0.00070412,32.4097,33.0852
2023-02-06 10:35:37,-0.038705693,32.40715,33.08546
2023-02-06 10:35:42,0.002915087,32.40461,33.08572
2023-02-06 10:35:47,0.012419164,32.40206,33.08597
2023-02-06 10:35:52,-0.004864529,32.39952,33.08623
2023-02-06 10:35:57,-0.010427981,32.39698,33.08648
2023-02-06 10:36:02,0.018587974,32.38412,33.08561
2023-02-06 10:36:07,-0.036045203,32.38157,33.08587
2023-02-06 10:36:12,0.020536558,32.37902,33.08612
2023-02-06 10:36:17,-0.008113223,32.37647,33.08638
2023-02-06 10:36:22,0.000592631,32.37392,33.08664
2023-02-06 10:36:27,-0.023206799,32.37138,33.08689
2023-02-06 10:36:32,0.001007427,32.36883,33.08715
2023-02-06 10:36:37,-0.054683536,32.36628,33.0874
2023-02-06 10:36:42,-0.014774113,32.35335,33.08654
2023-02-06 10:36:47,0.02479642,32.35079,33.0868
2023-02-06 10:36:52,0.011108889,32.34824,33.08706
2023-02-06 10:36:57,0.029250717,32.34569,33.08731
2023-02-06 10:37:02,0.003183535,32.34313,33.08757
2023-02-06 10:37:07,0.033291936,32.34058,33.08783
2023-02-06 10:37:12,-0.028969608,32.33803,33.08809
2023-02-06 10:37:17,0.036533824,32.33548,33.08835
2023-02-06 10:37:22,0.027264896,32.32247,33.08749
2023-02-06 10:37:27,-0.014137729,32.31991,33.08775
2023-02-06 10:37:32,-0.012865355,32.31736,33.08801
2023-02-06 10:37:37,-0.022598467,32.3148,33.08827
2023-02-06 10:37:42,0.00482205,32.31224,33.08853
2023-02-06 10:37:47,0.005436734,32.30969,33.08879
2023-02-06 10:37:52,-0.042074575,32.30714,33.08905
2023-02-06 10:37:57,-0.015124121,32.30458,33.08931
2023-02-06 10:38:02,-0.052099805,32.29149,33.08846
2023-02-06 10:38:07,-0.014995197,32.28893,33.08872
2023-02-06 10:38:12,-0.047147212,32.28637,33.08898
2023-02-06 10:38:17,0.01629055,32.28381,33.08924
2023-02-06 10:38:22,-0.037307803,32.28125,33.0895
2023-02-06 10:38:27,-0.000646685,32.2787,33.08976
2023-02-06 10:38:32,-0.006783889,32.27614,33.09002
2023-02-06 10:38:37,-0.066379306,32.26298,33.08919
2023-02-06 10:38:42,0.012253656,32.26042,33.08945
2023-02-06 10:38:47,0.000499454,32.25785,33.08971
2023-02-06 10:38:52,0.009715448,32.25529,33.08998
2023-02-06 10:38:57,-0.000752683,32.25272,33.09024
2023-02-06 10:39:02,0.00102041,32.25016,33.0905
2023-02-06 10:39:07,-0.000900751,32.2476,33.09076
2023-02-06 10:39:12,-0.045089694,32.24504,33.09102
2023-02-06 10:39:17,-0.063658016,32.23181,33.0902
2023-02-06 10:39:22,-0.028935998,32.22924,33.09046
2023-02-06 10:39:27,-0.084409704,32.22667,33.09072
2023-02-06 10:39:32,-0.076653336,32.22411,33.09099
2023-02-06 10:39:37,-0.063534316,32.22154,33.09125
2023-02-06 10:39:42,-0.034582658,32.21898,33.09152
2023-02-06 10:39:47,-0.053757088,32.21641,33.09178
2023-02-06 10:39:52,0.001340611,32.20311,33.09096
2023-02-06 10:39:57,-0.097714131,32.20054,33.09123
2023-02-06 10:40:02,-0.031594519,32.19797,33.09149
2023-02-06 10:40:07,0.043492975,32.1954,33.09176
2023-02-06 10:40:12,-0.024237117,32.19283,33.09202
2023-02-06 10:40:17,-0.001702651,32.19026,33.09229
2023-02-06 10:40:22,-0.005970831,32.18769,33.09255
2023-02-06 10:40:27,-0.06369048,32.18512,33.09282
2023-02-06 10:40:32,-0.020293472,32.17174,33.09201
2023-02-06 10:40:37,-0.030156159,32.16917,33.09228
2023-02-06 10:40:42,0.018079304,32.1666,33.09254
2023-02-06 10:40:47,0.00772666,32.16402,33.09281
2023-02-06 10:40:52,0.023684618,32.16145,33.09308
2023-02-06 10:40:57,-0.040073205,32.15888,33.09334
2023-02-06 10:41:02,0.044879052,32.15631,33.09361
2023-02-06 10:41:07,-0.024501646,32.14286,33.09282
2023-02-06 10:41:12,0.012190218,32.14028,33.09308
2023-02-06 10:41:17,-0.115918426,32.13771,33.09335
2023-02-06 10:41:22,-0.026214817,32.13513,33.09362
2023-02-06 10:41:27,-0.037255544,32.13255,33.09389
2023-02-06 10:41:32,-0.00161061,32.12998,33.09416
2023-02-06 10:41:37,-0.087837328,32.1274,33.09443
2023-02-06 10:41:42,-0.009166195,32.11389,33.09364
2023-02-06 10:41:47,7.7766e-05,32.11131,33.09391
2023-02-06 10:41:52,-0.006805094,32.10873,33.09418
2023-02-06 10:41:57,0.001975298,32.10615,33.09445
2023-02-06 10:42:02,-0.063617432,32.10357,33.09472
2023-02-06 10:42:07,-0.01779657,32.10099,33.09499
2023-02-06 10:42:12,0.033411738,32.09841,33.09526
2023-02-06 10:42:17,-0.038099769,32.08483,33.09448
2023-02-06 10:42:22,0.044635348,32.08225,33.09475
2023-02-06 10:42:27,0.015693399,32.07966,33.09502
2023-02-06 10:42:32,0.002422409,32.07708,33.0953
2023-02-06 10:42:37,0.026333594,32.0745,33.09557
2023-02-06 10:42:42,0.039268361,32.07191,33.09584
2023-02-06 10:42:47,-0.000840303,32.06933,33.09611
2023-02-06 10:42:52,-0.046593233,32.05569,33.09534
2023-02-06 10:42:57,0.010324431,32.0531,33.09562
2023-02-06 10:43:02,0.011291474,32.05051,33.09589
2023-02-06 10:43:07,0.039081708,32.04792,33.09617
2023-02-06 10:43:12,0.030153503,32.04534,33.09644
2023-02-06 10:43:17,-0.000212755,32.04275,33.09672
2023-02-06 10:43:22,0.006422665,32.04017,33.09699
2023-02-06 10:43:27,0.023791905,32.02646,33.09623
2023-02-06 10:43:32,-0.022722724,32.02387,33.09651
2023-02-06 10:43:37,-0.048222269,32.02127,33.09678
2023-02-06 10:43:42,0.04323279,32.01868,33.09706
2023-02-06 10:43:47,0.022837796,32.01609,33.09734
2023-02-06 10:43:52,0.028981095,32.0135,33.09761
2023-02-06 10:43:57,0.003034711,32.01092,33.09789
2023-02-06 10:44:02,-0.0017014,31.99714,33.09714
2023-02-06 10:44:07,0.057222838,31.99455,33.09742
2023-02-06 10:44:12,-0.027297165,31.99195,33.09769
2023-02-06 10:44:17,0.052542319,31.98936,33.09797
2023-02-06 10:44:22,0.036718182,31.98676,33.09825
2023-02-06 10:44:27,-0.021659847,31.98417,33.09853
2023-02-06 10:44:32,0.07918445,31.98158,33.09881
2023-02-06 10:44:37,0.047248586,31.96774,33.09807
2023-02-06 10:44:42,0.046808843,31.96514,33.09835
2023-02-06 10:44:47,-0.022450606,31.96254,33.09863
2023-02-06 10:44:52,0.003556111,31.95995,33.09891
2023-02-06 10:44:57,0.008332985,31.95735,33.09919
2023-02-06 10:45:02,0.020919322,31.95476,33.09947
2023-02-06 10:45:07,0.022727067,31.94086,33.09874
2023-02-06 10:45:12,0.016545979,31.93826,33.09902
2023-02-06 10:45:17,0.058045483,31.93566,33.0993
2023-02-06 10:45:22,-0.043889482,31.93305,33.09958
2023-02-06 10:45:27,0.029203956,31.93045,33.09987
2023-02-06 10:45:32,0.065271773,31.92786,33.10015
2023-02-06 10:45:37,0.047943765,31.92526,33.10043
2023-02-06 10:45:42,-0.070368146,31.9113,33.09971
2023-02-06 10:45:47,-0.008130021,31.90869,33.1
2023-02-06 10:45:52,0.059151962,31.90608,33.10028
2023-02-06 10:45:57,0.041440484,31.90348,33.10057
2023-02-06 10:46:02,0.017488308,31.90088,33.10085
2023-02-06 10:46:07,-0.026057556,31.89828,33.10114
2023-02-06 10:46:12,0.051693424,31.88426,33.10042
2023-02-06 10:46:17,0.012281486,31.88165,33.10071
2023-02-06 10:46:22,0.04206339,31.87904,33.101
2023-02-06 10:46:27,-0.002868599,31.87643,33.10128
2023-02-06 10:46:32,0.016063185,31.87383,33.10157
2023-02-06 10:46:37,0.029569786,31.87122,33.10186
2023-02-06 10:46:42,0.032117355,31.86862,33.10215
2023-02-06 10:46:47,0.050776152,31.85453,33.10144
2023-02-06 10:46:52,0.048006027,31.85192,33.10173
2023-02-06 10:46:57,0.029149924,31.84931,33.10202
2023-02-06 10:47:02,0.03132668,31.8467,33.10231
2023-02-06 10:47:07,-0.003522152,31.84409,33.1026
2023-02-06 10:47:12,-0.012009049,31.84148,33.10289
2023-02-06 10:47:17,0.0485049,31.82734,33.1022
2023-02-06 10:47:22,0.007918876,31.82473,33.10249
2023-02-06 10:47:27,-0.032728171,31.82211,33.10278
2023-02-06 10:47:32,-0.020289351,31.8195,33.10307
2023-02-06 10:47:37,0.002518999,31.81688,33.10336
2023-02-06 10:47:42,0.057206278,31.81427,33.10366
2023-02-06 10:47:47,0.07448284,31.80008,33.10297
2023-02-06 10:47:52,-0.014369771,31.79746,33.10326
2023-02-06 10:47:57,-0.018617587,31.79484,33.10356
2023-02-06 10:48:02,0.030330242,31.79222,33.10385
2023-02-06 10:48:07,-0.021523632,31.78961,33.10415
2023-02-06 10:48:12,0.00570454,31.78699,33.10444
2023-02-06 10:48:17,0.006557631,31.77274,33.10377
2023-02-06 10:48:22,0.044613079,31.77012,33.10406
2023-02-06 10:48:27,0.029261287,31.7675,33.10436
2023-02-06 10:48:32,0.040259629,31.76487,33.10466
2023-02-06 10:48:37,0.008889234,31.76226,33.10495
2023-02-06 10:48:42,-0.022782719,31.75964,33.10525
2023-02-06 10:48:47,0.009201638,31.74533,33.10458
2023-02-06 10:48:52,-0.022505715,31.7427,33.10488
2023-02-06 10:48:57,0.041039831,31.74008,33.10518
2023-02-06 10:49:02,0.014200931,31.73745,33.10548
2023-02-06 10:49:07,-0.017812988,31.73483,33.10578
2023-02-06 10:49:12,0.029772464,31.73221,33.10608
2023-02-06 10:49:17,0.007759175,31.71785,33.10542
2023-02-06 10:49:22,0.044254218,31.71522,33.10572
2023-02-06 10:49:27,0.006198666,31.71259,33.10603
2023-02-06 10:49:32,0.042638528,31.70996,33.10633
2023-02-06 10:49:37,0.009855084,31.70734,33.10663
2023-02-06 10:49:42,0.003214387,31.70471,33.10694
2023-02-06 10:49:47,0.01262626,31.69029,33.10629
2023-02-06 10:49:52,-0.01007032,31.68766,33.10659
2023-02-06 10:49:57,0.03087146,31.68503,33.1069
2023-02-06 10:50:02,0.020410167,31.6824,33.1072
2023-02-06 10:50:07,0.054109755,31.67977,33.10751
2023-02-06 10:50:12,0.04668267,31.67714,33.10781
2023-02-06 10:50:17,-0.003139258,31.66267,33.10717
2023-02-06 10:50:22,-0.037299404,31.66003,33.10748
2023-02-06 10:50:27,-0.013159952,31.6574,33.10779
2023-02-06 10:50:32,-0.015620294,31.65476,33.10809
2023-02-06 10:50:37,-0.006340726,31.65213,33.1084
2023-02-06 10:50:42,0.005680752,31.6495,33.10871
2023-02-06 10:50:47,-0.055839465,31.63497,33.10808
2023-02-06 10:50:52,-0.032417882,31.63233,33.10839
2023-02-06 10:50:57,-0.030273804,31.6297,33.1087
2023-02-06 10:51:02,0.035489365,31.62706,33.10901
2023-02-06 10:51:07,-0.01577618,31.62442,33.10932
2023-02-06 10:51:12,-0.046064837,31.62179,33.10963
2023-02-06 10:51:17,-0.039388701,31.60721,33.10901
2023-02-06 10:51:22,0.004441338,31.60457,33.10932
2023-02-06 10:51:27,0.016325199,31.60192,33.10964
2023-02-06 10:51:32,-0.035718194,31.59928,33.10995
2023-02-06 10:51:37,-0.056132505,31.59665,33.11027
2023-02-06 10:51:42,-0.039398788,31.59401,33.11058
2023-02-06 10:51:47,-0.007218986,31.57937,33.10997
2023-02-06 10:51:52,0.03050707,31.57673,33.11028
2023-02-06 10:51:57,-0.027871135,31.57408,33.1106
2023-02-06 10:52:02,-0.075566303,31.57144,33.11092
2023-02-06 10:52:07,-0.043861919,31.5688,33.11123
2023-02-06 10:52:12,-0.033647153,31.55412,33.11063
2023-02-06 10:52:17,0.019035647,31.55147,33.11095
2023-02-06 10:52:22,-0.034671852,31.54882,33.11127
2023-02-06 10:52:27,-0.00365516,31.54618,33.11159
2023-02-06 10:52:32,-0.047242169,31.54353,33.11191
2023-02-06 10:52:37,-0.011056845,31.54088,33.11223
2023-02-06 10:52:42,0.035229765,31.52615,33.11163
2023-02-06 10:52:47,-0.024499461,31.5235,33.11196
2023-02-06 10:52:52,0.021428181,31.52085,33.11228
2023-02-06 10:52:57,-0.007063682,31.5182,33.1126
2023-02-06 10:53:02,0.001571504,31.51555,33.11292
2023-02-06 10:53:07,0.015352921,31.5129,33.11325
2023-02-06 10:53:12,-0.061658821,31.49812,33.11266
2023-02-06 10:53:17,-0.069567387,31.49546,33.11299
2023-02-06 10:53:22,0.028745292,31.49281,33.11331
2023-02-06 10:53:27,-0.07528599,31.49015,33.11364
2023-02-06 10:53:32,0.054439295,31.4875,33.11396
2023-02-06 10:53:37,0.024267805,31.47267,33.11339
2023-02-06 10:53:42,-0.064342671,31.47001,33.11372
2023-02-06 10:53:47,0.006372188,31.46735,33.11404
2023-02-06 10:53:52,0.007605736,31.4647,33.11437
2023-02-06 10:53:57,0.045955661,31.46204,33.1147
2023-02-06 10:54:02,0.036523184,31.45939,33.11503
2023-02-06 10:54:07,0.052974459,31.4445,33.11447
2023-02-06 10:54:12,-0.009956825,31.44184,33.1148
2023-02-06 10:54:17,0.017698758,31.43918,33.11513
2023-02-06 10:54:22,0.027867366,31.43652,33.11546
2023-02-06 10:54:27,-0.004245507,31.43386,33.11579
2023-02-06 10:54:32,0.075371971,31.41893,33.11524
2023-02-06 10:54:37,0.016403565,31.41627,33.11557
2023-02-06 10:54:42,0.031855178,31.4136,33.1159
2023-02-06 10:54:47,0.036257249,31.41094,33.11624
2023-02-06 10:54:52,-0.017788848,31.40828,33.11657
2023-02-06 10:54:57,0.039512401,31.3933,33.11603
2023-02-06 10:55:02,-0.017177858,31.39064,33.11636
2023-02-06 10:55:07,-0.043312938,31.38797,33.1167
2023-02-06 10:55:12,-0.039913217,31.3853,33.11704
2023-02-06 10:55:17,-0.052323938,31.38264,33.11738
2023-02-06 10:55:22,-0.049327105,31.37998,33.11772
2023-02-06 10:55:27,-0.041202087,31.36494,33.11718
2023-02-06 10:55:32,-0.022428715,31.36228,33.11752
2023-02-06 10:55:37,-0.028129487,31.3596,33.11786
2023-02-06 10:55:42,-0.026364561,31.35694,33.1182
2023-02-06 10:55:47,-0.021000363,31.35427,33.11854
2023-02-06 10:55:52,-0.056143782,31.3392,33.11802
2023-02-06 10:55:57,-0.043900672,31.33652,33.11836
2023-02-06 10:56:02,-0.035048954,31.33385,33.1187
2023-02-06 10:56:07,-0.009360112,31.33118,33.11905
2023-02-06 10:56:12,-0.0135217,31.32851,33.11939
2023-02-06 10:56:17,-0.070993537,31.31339,33.11887
2023-02-06 10:56:22,0.004200591,31.31071,33.11922
2023-02-06 10:56:27,-0.05386377,31.30803,33.11957
2023-02-06 10:56:32,0.020738354,31.30536,33.11992
2023-02-06 10:56:37,-0.021737428,31.30268,33.12027
2023-02-06 10:56:42,-0.05375348,31.28752,33.11975
2023-02-06 10:56:47,-0.006210736,31.28484,33.12011
2023-02-06 10:56:52,-0.113054303,31.28216,33.12046
2023-02-06 10:56:57,-0.002141159,31.27948,33.12081
2023-02-06 10:57:02,0.007685844,31.2768,33.12116
2023-02-06 10:57:07,0.006464579,31.2616,33.12066
2023-02-06 10:57:12,-0.042542556,31.25891,33.12101
2023-02-06 10:57:17,-0.02283844,31.25623,33.12136
2023-02-06 10:57:22,-0.035310328,31.25355,33.12172
2023-02-06 10:57:27,0.021310944,31.25087,33.12207
2023-02-06 10:57:32,0.019298162,31.23562,33.12158
2023-02-06 10:57:37,-0.025548468,31.23293,33.12194
2023-02-06 10:57:42,-0.049269625,31.23024,33.1223
2023-02-06 10:57:47,-0.046724867,31.22756,33.12265
2023-02-06 10:57:52,-0.02305314,31.22488,33.12301
2023-02-06 10:57:57,-0.063342174,31.20958,33.12253
2023-02-06 10:58:02,-0.044368886,31.20689,33.12289
2023-02-06 10:58:07,-0.069874782,31.2042,33.12325
2023-02-06 10:58:12,-0.009657757,31.20151,33.12361
2023-02-06 10:58:17,-0.072027797,31.19882,33.12397
2023-02-06 10:58:22,-0.06015778,31.18348,33.1235
2023-02-06 10:58:27,-0.032485879,31.18079,33.12386
2023-02-06 10:58:32,-0.084759462,31.1781,33.12423
2023-02-06 10:58:37,-0.094580092,31.17541,33.12459
2023-02-06 10:58:42,-0.072606831,31.17272,33.12496
2023-02-06 10:58:47,-0.051008741,31.15733,33.1245
2023-02-06 10:58:52,0.007524214,31.15464,33.12486
2023-02-06 10:58:57,-0.050813329,31.15194,33.12523
2023-02-06 10:59:02,-0.029955741,31.14925,33.1256
2023-02-06 10:59:07,0.060008703,31.14656,33.12597
2023-02-06 10:59:12,0.059564122,31.13113,33.12551
2023-02-06 10:59:17,0.021629526,31.12843,33.12588
2023-02-06 10:59:22,0.025964114,31.12573,33.12626
2023-02-06 10:59:27,0.078279275,31.12303,33.12663
2023-02-06 10:59:32,0.029147483,31.12034,33.127
2023-02-06 10:59:37,0.0353801,31.10487,33.12656
2023-02-06 10:59:42,0.02609927,31.10216,33.12693
2023-02-06 10:59:47,0.024214923,31.09946,33.1273
2023-02-06 10:59:52,0.064794065,31.09676,33.12768
2023-02-06 10:59:57,0.030769288,31.08126,33.12724
2023-02-06 11:00:02,0.012559559,31.07855,33.12762
2023-02-06 11:00:07,0.089733422,31.07584,33.128
2023-02-06 11:00:12,0.0445263,31.07314,33.12838
2023-02-06 11:00:17,-0.022173813,31.07044,33.12876
2023-02-06 11:00:22,0.081320454,31.05489,33.12833
2023-02-06 11:00:27,0.024935241,31.05218,33.12871
2023-02-06 11:00:32,0.074595762,31.04947,33.1291
2023-02-06 11:00:37,0.0978159,31.04676,33.12948
2023-02-06 11:00:42,0.019596606,31.04406,33.12986
2023-02-06 11:00:47,-0.0214842,31.02847,33.12944
2023-02-06 11:00:52,0.001033169,31.02575,33.12983
2023-02-06 11:00:57,0.034040065,31.02304,33.13022
2023-02-06 11:01:02,0.036556507,31.02033,33.1306
2023-02-06 11:01:07,0.057094975,31.01763,33.13099
2023-02-06 11:01:12,0.009643415,31.00199,33.13058
2023-02-06 11:01:17,0.084610434,30.99928,33.13097
2023-02-06 11:01:22,0.047670003,30.99656,33.13136
2023-02-06 11:01:27,0.053008951,30.99385,33.13175
2023-02-06 11:01:32,-0.00539993,30.97818,33.13135
2023-02-06 11:01:37,0.05803871,30.97546,33.13174
2023-02-06 11:01:42,-0.006229617,30.97274,33.13214
2023-02-06 11:01:47,0.067719757,30.97003,33.13253
2023-02-06 11:01:52,0.019101361,30.96731,33.13292
2023-02-06 11:01:57,0.03941128,30.9516,33.13254
2023-02-06 11:02:02,0.048599758,30.94888,33.13293
2023-02-06 11:02:07,0.063720295,30.94616,33.13333
2023-02-06 11:02:12,0.043179552,30.94344,33.13373
2023-02-06 11:02:17,0.039185341,30.92769,33.13335
2023-02-06 11:02:22,0.047979937,30.92496,33.13375
2023-02-06 11:02:27,0.088581568,30.92224,33.13415
2023-02-06 11:02:32,0.022792719,30.91952,33.13455
2023-02-06 11:02:37,0.020599135,30.9168,33.13495
2023-02-06 11:02:42,0.027929914,30.90101,33.13458
2023-02-06 11:02:47,0.036628113,30.89828,33.13499
2023-02-06 11:02:52,-0.046038253,30.89555,33.13539
2023-02-06 11:02:57,-0.011813015,30.89283,33.1358
2023-02-06 11:03:02,0.048884957,30.877,33.13544
2023-02-06 11:03:07,0.029646951,30.87427,33.13584
2023-02-06 11:03:12,0.020699809,30.87154,33.13625
2023-02-06 11:03:17,0.032892838,30.86881,33.13666
2023-02-06 11:03:22,0.007786498,30.86608,33.13707
2023-02-06 11:03:27,0.035607613,30.85022,33.13672
2023-02-06 11:03:32,0.047066364,30.84748,33.13713
2023-02-06 11:03:37,-0.021036106,30.84475,33.13754
2023-02-06 11:03:42,0.043544107,30.84202,33.13796
2023-02-06 11:03:47,-0.01445903,30.82612,33.13761
2023-02-06 11:03:52,0.017769308,30.82338,33.13803
2023-02-06 11:03:57,0.012500115,30.82064,33.13844
2023-02-06 11:04:02,-0.014087656,30.81791,33.13886
2023-02-06 11:04:07,-0.003746884,30.80197,33.13853
2023-02-06 11:04:12,0.006401913,30.79923,33.13895
2023-02-06 11:04:17,0.032347388,30.79649,33.13937
2023-02-06 11:04:22,0.020979156,30.79376,33.13979
2023-02-06 11:04:27,0.014554305,30.79102,33.14021
2023-02-06 11:04:32,0.002602286,30.77504,33.13989
2023-02-06 11:04:37,-0.025348177,30.7723,33.14031
2023-02-06 11:04:42,-0.000390291,30.76956,33.14073
2023-02-06 11:04:47,-0.00209359,30.76682,33.14116
2023-02-06 11:04:52,-0.01485064,30.7508,33.14085
2023-02-06 11:04:57,0.004166672,30.74806,33.14127
2023-02-06 11:05:02,-0.012710673,30.74531,33.1417
2023-02-06 11:05:07,-0.043508915,30.74257,33.14213
2023-02-06 11:05:12,-0.01978692,30.72652,33.14182
2023-02-06 11:05:17,-0.049575875,30.72377,33.14226
2023-02-06 11:05:22,-0.052738191,30.72102,33.14269
2023-02-06 11:05:27,0.028782101,30.71827,33.14312
2023-02-06 11:05:32,-0.012121851,30.70219,33.14282
2023-02-06 11:05:37,0.005194182,30.69944,33.14326
2023-02-06 11:05:42,-0.009689788,30.69669,33.14369
2023-02-06 11:05:47,-0.003286067,30.69394,33.14413
2023-02-06 11:05:52,-0.071725276,30.69119,33.14457
2023-02-06 11:05:57,-0.023512953,30.67506,33.14428
2023-02-06 11:06:02,-0.054906248,30.67231,33.14472
2023-02-06 11:06:07,-0.049790727,30.66956,33.14516
2023-02-06 11:06:12,-0.092495464,30.6668,33.1456
2023-02-06 11:06:17,-0.055675149,30.65065,33.14533
2023-02-06 11:06:22,-0.013760277,30.64789,33.14577
2023-02-06 11:06:27,-0.041371557,30.64513,33.14622
2023-02-06 11:06:32,-0.010593004,30.64238,33.14666
2023-02-06 11:06:37,0.003954759,30.62619,33.1464
2023-02-06 11:06:42,-0.002869796,30.62342,33.14684
2023-02-06 11:06:47,-0.068758805,30.62066,33.14729
2023-02-06 11:06:52,0.014343093,30.6179,33.14774
2023-02-06 11:06:57,-0.025392045,30.60168,33.14748
2023-02-06 11:07:02,-0.018398366,30.59892,33.14793
2023-02-06 11:07:07,-0.014817618,30.59615,33.14838
2023-02-06 11:07:12,0.00331825,30.59339,33.14884
2023-02-06 11:07:17,-0.000122312,30.57713,33.14859
2023-02-06 11:07:22,0.038627547,30.57436,33.14905
2023-02-06 11:07:27,-0.071549621,30.5716,33.1495
2023-02-06 11:07:32,0.014646538,30.56883,33.14996
2023-02-06 11:07:37,0.015489882,30.55254,33.14972
2023-02-06 11:07:42,-0.106140429,30.54977,33.15018
2023-02-06 11:07:47,0.03769537,30.547,33.15064
2023-02-06 11:07:52,-0.052493949,30.54423,33.1511
2023-02-06 11:07:57,0.016370989,30.52791,33.15088
2023-02-06 11:08:02,0.015863368,30.52513,33.15134
2023-02-06 11:08:07,0.004419978,30.52236,33.1518
2023-02-06 11:08:12,-0.007111081,30.51959,33.15226
2023-02-06 11:08:17,0.049986498,30.50323,33.15205
2023-02-06 11:08:22,0.037894033,30.50045,33.15252
2023-02-06 11:08:27,0.025327851,30.49768,33.15298
2023-02-06 11:08:32,-0.02997271,30.4949,33.15345
2023-02-06 11:08:37,-0.0004723,30.47851,33.15325
2023-02-06 11:08:42,0.002089544,30.47573,33.15372
2023-02-06 11:08:47,-0.022289103,30.47295,33.15419
2023-02-06 11:08:52,-0.014980953,30.47018,33.15466
2023-02-06 11:08:57,-0.013297204,30.45375,33.15447
2023-02-06 11:09:02,-0.027899537,30.45097,33.15494
2023-02-06 11:09:07,0.07426798,30.44819,33.15542
2023-02-06 11:09:12,0.048407994,30.44541,33.15589
2023-02-06 11:09:17,0.033096672,30.42895,33.15571
2023-02-06 11:09:22,-0.004028005,30.42616,33.15619
2023-02-06 11:09:27,-0.009478037,30.42338,33.15667
2023-02-06 11:09:32,-0.036364007,30.4069,33.15649
2023-02-06 11:09:37,0.010870121,30.40411,33.15697
2023-02-06 11:09:42,-0.016824496,30.40132,33.15746
2023-02-06 11:09:47,-0.018181085,30.39853,33.15794
2023-02-06 11:09:52,0.038587851,30.38202,33.15777
2023-02-06 11:09:57,0.036603327,30.37922,33.15826
2023-02-06 11:10:02,0.017320681,30.37643,33.15875
2023-02-06 11:10:07,0.053193771,30.37364,33.15924
2023-02-06 11:10:12,0.055395278,30.35709,33.15908
2023-02-06 11:10:17,0.020347105,30.3543,33.15957
2023-02-06 11:10:22,-0.004553921,30.3515,33.16006
2023-02-06 11:10:27,0.012860648,30.34871,33.16056
2023-02-06 11:10:32,0.012347087,30.33213,33.16041
2023-02-06 11:10:37,-0.027715907,30.32933,33.16091
2023-02-06 11:10:42,0.041827587,30.32653,33.1614
2023-02-06 11:10:47,-0.011356083,30.32374,33.1619
